CustomerID,Description,Quantity
16446.0,"PAPER CRAFT , LITTLE BIRDIE",-80995
12346.0,MEDIUM CERAMIC TOP STORAGE JAR,-74215
15838.0,ROTATING SILVER ANGELS T-LIGHT HLDR,-9360
15749.0,FAIRY CAKE FLANNEL ASSORTED COLOUR,-3114
15749.0,GIN + TONIC DIET METAL SIGN,-2000
15749.0,WHITE HANGING HEART T-LIGHT HOLDER,-1930
16938.0,HERB MARKER BASIL,-1515
16029.0,FELTCRAFT DOLL MOLLY,-1440
18133.0,Manual,-1350
15749.0,TEA TIME PARTY BUNTING,-1300
16029.0,PINK BLUE FELT CRAFT TRINKET BOX,-1296
14533.0,PAPER POCKET TRAVELING FAN ,-1200
12901.0,WORLD WAR 2 GLIDERS ASSTD DESIGNS,-1056
17450.0,PANTRY CHOPPING BOARD,-942
16029.0,FELTCRAFT BUTTERFLY HEARTS,-840
17949.0,HOME SWEET HOME MUG,-828
16013.0,COLOUR GLASS. STAR T-LIGHT HOLDER,-780
16422.0,Discount,-723
14607.0,MIRROR MOSAIC T-LIGHT HOLDER ,-720
17949.0,VINTAGE BILLBOARD TEA MUG,-701
12931.0,GIRAFFE WOODEN RULER,-688
12931.0,REVOLVER WOODEN RULER ,-676
15749.0,DOORMAT FAIRY CAKE,-670
12755.0,ROUND SNACK BOXES SET OF 4 FRUITS ,-624
12908.0,Manual,-600
12908.0,ASSORTED COLOURS SILK FAN,-600
16029.0,FELTCRAFT 6 FLOWER FRIENDS,-600
17949.0,SAVE THE PLANET MUG,-576
17949.0,REGENCY TEA PLATE ROSES ,-576
12931.0,12 PENCILS SMALL TUBE SKULL,-518
16013.0,WHITE HANGING HEART T-LIGHT HOLDER,-500
16684.0,SMALL CERAMIC TOP STORAGE JAR ,-480
14646.0,Manual,-480
14607.0,MIRROR MOSAIC T-LIGHT HOLDER ROUND,-468
12931.0,ALPHABET STENCIL CRAFT,-432
14064.0,PLACE SETTING WHITE HEART,-432
16525.0,PLACE SETTING WHITE HEART,-432
13984.0,BASKET OF TOADSTOOLS,-408
15298.0,COLOUR GLASS. STAR T-LIGHT HOLDER,-360
12901.0,RAIN PONCHO RETROSPOT,-360
14607.0,MIRROR MOSAIC VOTIVE HOLDER,-324
12931.0,IVORY DINER WALL CLOCK,-318
15769.0,HOT WATER BOTTLE I AM SO POORLY,-312
16013.0,GOLD MINI TAPE MEASURE ,-300
16029.0,JUMBO BAG RED RETROSPOT,-300
14911.0,36 DOILIES VINTAGE CHRISTMAS,-288
12454.0,VANILLA SCENT CANDLE JEWELLED BOX,-288
15482.0,VICTORIAN  METAL POSTCARD SPRING,-288
12427.0,BOYS ALPHABET IRON ON PATCHES,-288
17867.0,WHITE TALL PORCELAIN T-LIGHT HOLDER,-288
12931.0,PAINT YOUR OWN CANVAS SET,-270
16422.0,Manual,-269
12931.0,WOODEN SCHOOL COLOURING SET,-252
12931.0,LUNCH BAG ALPHABET DESIGN,-250
14298.0,OFFICE MUG WARMER PINK,-250
12657.0,WRAP CHRISTMAS VILLAGE,-250
15985.0,BATHROOM METAL SIGN,-250
12748.0,SMALL WHITE RETROSPOT MUG IN BOX ,-244
14911.0,60 CAKE CASES VINTAGE CHRISTMAS,-240
14911.0,SET OF 6 NATIVITY MAGNETS ,-240
17404.0,SET OF 3 BABUSHKA STACKING TINS,-240
16029.0,FELTCRAFT CUSHION RABBIT,-240
14607.0,FLOWERS CHANDELIER T-LIGHT HOLDER,-240
12901.0,Discount,-240
16684.0,MEDIUM CERAMIC TOP STORAGE JAR,-240
14607.0,MIRROR MOSAIC GOBLET CANDLE HOLDER,-240
12748.0,SMALL RED RETROSPOT MUG IN BOX ,-234
15769.0,JUMBO BAG VINTAGE DOILY ,-220
18198.0,VICTORIAN GLASS HANGING T-LIGHT,-219
15482.0,VANILLA SCENT CANDLE JEWELLED BOX,-216
13694.0,RED RETROSPOT OVEN GLOVE ,-200
13694.0,JUMBO BAG APPLES,-200
13694.0,RED RETROSPOT PEG BAG,-200
14031.0,DOORMAT KEEP CALM AND COME IN,-200
12454.0,OCEAN SCENT CANDLE IN JEWELLED BOX,-200
16029.0,JUMBO BAG WOODLAND ANIMALS,-200
16029.0,JUMBO BAG PINK POLKADOT,-200
14911.0,PAPER CHAIN KIT VINTAGE CHRISTMAS,-200
12931.0,JUMBO BAG VINTAGE DOILY ,-200
17888.0,BLUE POLKADOT WRAP,-200
15482.0,POPCORN HOLDER,-200
12931.0,Manual,-200
13694.0,JUMBO BAG ALPHABET,-200
15482.0,OCEAN SCENT CANDLE IN JEWELLED BOX,-198
16546.0,CARD HOLDER GINGHAM HEART,-192
16029.0,JAM MAKING SET PRINTED,-192
14911.0,SET OF 20 VINTAGE CHRISTMAS NAPKINS,-192
14156.0,DOLLY GIRL LUNCH BOX,-192
16546.0,HEART WOODEN CHRISTMAS DECORATION,-192
16029.0,FELTCRAFT CUSHION BUTTERFLY,-192
12931.0,ASSTD DESIGN RACING CAR PEN,-180
15482.0,ROSE 1 WICK MORRIS BOXED CANDLE,-180
13798.0,HANGING FAIRY CAKE DECORATION,-179
16742.0,ROSES REGENCY TEACUP AND SAUCER ,-168
12901.0,LUNCH BOX I LOVE LONDON,-164
12901.0,SET 2 TEA TOWELS I LOVE LONDON ,-160
15482.0,PINK HANGING HEART T-LIGHT HOLDER,-160
16394.0,TRAVEL CARD WALLET PANTRY,-158
17949.0,REGENCY CAKESTAND 3 TIER,-150
17389.0,BLUE CHARLIE+LOLA PERSONAL DOORSIGN,-150
12748.0,IVORY CHANDELIER T-LIGHT HOLDER,-144
17307.0,STRAWBERRY CERAMIC TRINKET BOX,-144
16684.0,HOME SWEET HOME MUG,-144
14866.0,PAPER POCKET TRAVELING FAN ,-144
16689.0,Manual,-144
12748.0,FLOWERS CHANDELIER T-LIGHT HOLDER,-144
16029.0,BAKING MOULD EASTER EGG MILK CHOC,-144
15513.0,S/15 SILVER GLASS BAUBLES IN BAG,-144
14646.0,36 FOIL HEART CAKE CASES,-144
15046.0,WHITE ROCKING HORSE HAND PAINTED,-144
17404.0,VICTORIAN SEWING KIT,-144
16546.0,CHRISTMAS GINGHAM HEART,-144
16029.0,FELTCRAFT CUSHION OWL,-144
16546.0,PARTY CONE CHRISTMAS DECORATION ,-144
16525.0,FILIGREE HEART BIRD WHITE ,-144
14911.0,CHRISTMAS METAL TAGS ASSORTED ,-144
16029.0,RED FLORAL FELTCRAFT SHOULDER BAG,-144
14646.0,RAIN PONCHO RETROSPOT,-144
12748.0,BEADED CHANDELIER T-LIGHT HOLDER,-144
15864.0,ANTIQUE SILVER T-LIGHT GLASS,-144
18194.0,TEA PARTY BIRTHDAY CARD,-144
16546.0,CHRISTMAS GINGHAM STAR,-144
15061.0,VICTORIAN SEWING KIT,-144
12901.0,Manual,-144
12931.0,WHITE SKULL HOT WATER BOTTLE ,-144
15769.0,JUMBO BAG RED RETROSPOT,-140
12931.0,JUMBO BAG ALPHABET,-140
12748.0,RED RETROSPOT CAKE STAND,-133
15769.0,JUMBO  BAG BAROQUE BLACK WHITE,-130
15769.0,JUMBO BAG OWLS,-130
15769.0,JUMBO SHOPPER VINTAGE RED PAISLEY,-130
12931.0,RED TOADSTOOL LED NIGHT LIGHT,-126
13230.0,CARD BILLBOARD FONT,-121
12415.0,RIBBON REEL SNOWY VILLAGE,-120
15769.0,JUMBO BAG PEARS,-120
14156.0,GLASS JAR MARMALADE ,-120
12451.0,MAGIC SHEEP WOOL GROWING FROM PAPER,-120
17857.0,MAGIC DRAWING SLATE PURDEY,-120
17368.0,BLUE ROSE FABRIC MIRROR,-120
14156.0,ROSES REGENCY TEACUP AND SAUCER ,-120
12931.0,JINGLE BELL HEART ANTIQUE SILVER,-120
16660.0,SET/3 VANILLA SCENTED CANDLE IN BOX,-120
14911.0,PAPER CHAIN KIT 50'S CHRISTMAS ,-120
14607.0,PAPER CHAIN KIT 50'S CHRISTMAS ,-120
15769.0,JUMBO BAG STRAWBERRY,-120
14145.0,EDWARDIAN PARASOL BLACK,-120
14277.0,FRIDGE MAGNETS LES ENFANTS ASSORTED,-120
14607.0,MIRROR MOSAIC HURRICANE LAMP ,-120
15769.0,JUMBO BAG APPLES,-120
14277.0,FRIDGE MAGNETS US DINER ASSORTED,-120
14277.0,FRIDGE MAGNETS LA VIE EN ROSE,-120
12931.0,GLITTER HANGING BUTTERFLY STRING,-113
13791.0,LUNCH BAG CARS BLUE,-112
15769.0,JUMBO BAG ALPHABET,-110
15769.0,JUMBO BAG VINTAGE LEAF,-110
17888.0,DINOSAUR KEYRINGS ASSORTED,-108
16900.0,POPART RECT PENCIL SHARPENER ASST,-108
13089.0,SILVER HANGING T-LIGHT HOLDER,-108
17888.0,PIECE OF CAMO STATIONERY SET,-108
14911.0,BOX OF 6 MINI VINTAGE CRACKERS,-107
17603.0,Manual,-104
17511.0,JUMBO BAG RED RETROSPOT,-102
14680.0,JUMBO BAG RED RETROSPOT,-102
17511.0,JUMBO SHOPPER VINTAGE RED PAISLEY,-101
17511.0,JUMBO STORAGE BAG SUKI,-101
15877.0,WRAP 50'S  CHRISTMAS,-100
12415.0,COTTON APRON PANTRY DESIGN,-100
14607.0,CHARLOTTE BAG VINTAGE ALPHABET ,-100
16029.0,JUMBO BAG STRAWBERRY,-100
12457.0,JUMBO BAG APPLES,-100
14607.0,CHARLOTTE BAG SUKI DESIGN,-100
12748.0,JUMBO BAG RED RETROSPOT,-100
17511.0,VINTAGE DOILY JUMBO BAG RED ,-100
16029.0,JUMBO STORAGE BAG SUKI,-100
14607.0,CHARLOTTE BAG APPLES DESIGN,-100
14607.0,CHARLOTTE BAG PINK POLKADOT,-100
14156.0,LUNCH BAG RED RETROSPOT,-100
13802.0,LUNCH BAG RED RETROSPOT,-100
17511.0,JUMBO BAG SPACEBOY DESIGN,-100
17511.0,JUMBO BAG SCANDINAVIAN BLUE PAISLEY,-100
13802.0,SET/2 RED RETROSPOT TEA TOWELS ,-100
17511.0,JUMBO BAG APPLES,-100
17511.0,JUMBO BAG PAISLEY PARK,-100
17511.0,JUMBO BAG PINK POLKADOT,-100
15311.0,SET/2 RED RETROSPOT TEA TOWELS ,-100
14607.0,JUMBO BAG 50'S CHRISTMAS ,-100
17511.0,JUMBO  BAG BAROQUE BLACK WHITE,-100
17511.0,JUMBO BAG VINTAGE DOILY ,-100
17511.0,JUMBO BAG VINTAGE CHRISTMAS ,-100
17511.0,JUMBO BAG VINTAGE LEAF,-100
17511.0,JUMBO BAG 50'S CHRISTMAS ,-100
15769.0,PAPERWEIGHT SAVE THE PLANET,-100
15032.0,JUMBO BAG PINK VINTAGE PAISLEY,-100
15769.0,JUMBO BAG SCANDINAVIAN BLUE PAISLEY,-100
15769.0,JUMBO BAG PINK VINTAGE PAISLEY,-100
14607.0,JUMBO BAG PINK POLKADOT,-100
14607.0,JUMBO BAG ALPHABET,-100
17107.0,LUNCH BAG RED RETROSPOT,-100
17107.0,LUNCH BAG SPACEBOY DESIGN ,-100
14607.0,JUMBO BAG APPLES,-100
15125.0,JUMBO BAG VINTAGE CHRISTMAS ,-100
14607.0,JUMBO STORAGE BAG SUKI,-100
14607.0,JUMBO BAG RED RETROSPOT,-100
17107.0,LUNCH BAG SUKI DESIGN ,-100
14607.0,RED RETROSPOT CHARLOTTE BAG,-100
13680.0,LUNCH BAG RED RETROSPOT,-100
13680.0,JUMBO BAG RED RETROSPOT,-100
16163.0,PARTY BUNTING,-100
15032.0,JUMBO SHOPPER VINTAGE RED PAISLEY,-100
15032.0,JUMBO BAG OWLS,-100
17949.0,Manual,-97
18087.0,WOODEN STAR CHRISTMAS SCANDINAVIAN,-96
18139.0,Manual,-96
14156.0,3 TIER CAKE TIN RED AND CREAM,-96
14113.0,SCOTTIE DOG HOT WATER BOTTLE,-96
13694.0,SET OF 72 RETROSPOT PAPER  DOILIES,-96
15602.0,VICTORIAN GLASS HANGING T-LIGHT,-96
18087.0,WOODEN HEART CHRISTMAS SCANDINAVIAN,-96
13762.0,KNICKERBOCKERGLORY MAGNET ASSORTED ,-96
16013.0,Discount,-96
13217.0,PACK OF SIX LED TEA LIGHTS,-96
13694.0,GARDENERS KNEELING PAD CUP OF TEA ,-96
15514.0,SET 7 BABUSHKA NESTING BOXES,-96
13694.0,"FEATHER PEN,COAL BLACK",-96
16029.0,BAKING MOULD TOFFEE CUP CHOCOLATE,-96
17838.0,ROCKING HORSE RED CHRISTMAS ,-96
16029.0,BAKING MOULD HEART MILK CHOCOLATE,-96
14031.0,WOODEN FRAME ANTIQUE WHITE ,-96
14911.0,SMALLFOLKART BAUBLE CHRISTMAS DEC,-96
16253.0,Manual,-96
14607.0,IVORY CHANDELIER T-LIGHT HOLDER,-96
14607.0,BEADED CHANDELIER T-LIGHT HOLDER,-96
18087.0,WOODEN TREE CHRISTMAS SCANDINAVIAN,-96
16191.0,HAND WARMER SCOTTY DOG DESIGN,-96
15482.0,WOODEN FRAME ANTIQUE WHITE ,-96
15358.0,FAIRY CAKES NOTEBOOK A6 SIZE,-94
12415.0,HOMEMADE JAM SCENTED CANDLES,-86
17567.0,RED SPOT CERAMIC DRAWER KNOB,-85
13113.0,PICNIC BASKET WICKER LARGE,-84
14680.0,LUNCH BAG ALPHABET DESIGN,-82
15473.0,PAPER CHAIN KIT 50'S CHRISTMAS ,-80
17655.0,HYACINTH BULB T-LIGHT CANDLES,-80
17655.0,CACTI T-LIGHT CANDLES,-80
15201.0,JAM MAKING SET PRINTED,-79
13094.0,T-LIGHT GLASS FLUTED ANTIQUE,-78
13094.0,ANTIQUE SILVER T-LIGHT GLASS,-78
17490.0,VINTAGE RED TRIM ENAMEL BOWL ,-76
13791.0,CHARLOTTE BAG PINK POLKADOT,-76
16716.0,3 HOOK PHOTO SHELF ANTIQUE WHITE,-76
15502.0,CHILDS BREAKFAST SET DOLLY GIRL ,-75
14088.0,SAVE THE PLANET MUG,-72
16701.0,ASSORTED COLOURS SILK FAN,-72
17368.0,"FEATHER PEN,LIGHT PINK",-72
12985.0,ASSORTED TUTTI FRUTTI PEN,-72
12454.0,WOODEN PICTURE FRAME WHITE FINISH,-72
16076.0,VINTAGE SNAP CARDS,-72
14911.0,PANTRY WASHING UP BRUSH,-72
15061.0,HANGING JAM JAR T-LIGHT HOLDER,-72
14409.0,HAND WARMER BABUSHKA DESIGN,-72
16525.0,T-LIGHT GLASS FLUTED ANTIQUE,-72
12454.0,WOODEN FRAME ANTIQUE WHITE ,-72
14607.0,ROLL WRAP 50'S CHRISTMAS,-72
13694.0,IF YOU CAN'T STAND THE HEAT MUG,-72
12657.0,CARD CHRISTMAS VILLAGE,-72
13694.0,EAU DE NILE JEWELLED PHOTOFRAME,-72
15482.0,WOODEN PICTURE FRAME WHITE FINISH,-72
17504.0,PACK OF 12 RED RETROSPOT TISSUES ,-72
17368.0,"FEATHER PEN,HOT PINK",-72
13762.0,HANGING METAL HEART LANTERN,-72
14680.0,PACK OF 72 RETROSPOT CAKE CASES,-72
13680.0,CHILLI LIGHTS,-72
14680.0,72 SWEETHEART FAIRY CAKE CASES,-72
14156.0,BAKING MOULD ROSE WHITE CHOCOLATE,-72
15482.0,RED RETROSPOT CAKE STAND,-72
14156.0,BAKING MOULD ROSE MILK CHOCOLATE,-72
16029.0,FRYING PAN UNION FLAG,-72
14680.0,CHARLOTTE BAG VINTAGE ALPHABET ,-70
16839.0,LUNCH BAG PINK POLKADOT,-70
14680.0,CHILDRENS CUTLERY SPACEBOY ,-68
14299.0,REGENCY CAKESTAND 3 TIER,-67
14680.0,LUNCH BAG RED RETROSPOT,-66
13791.0,LUNCH BAG ALPHABET DESIGN,-66
15482.0,METAL 4 HOOK HANGER FRENCH CHATEAU,-64
13225.0,WOOD 2 DRAWER CABINET WHITE FINISH,-64
15502.0,POPCORN HOLDER,-64
13694.0,LUNCH BOX I LOVE LONDON,-64
15482.0,REGENCY CAKESTAND 3 TIER,-60
15098.0,PICNIC BASKET WICKER SMALL,-60
14776.0,BAG 125g SWIRLY MARBLES,-60
12731.0,MAGNETS PACK OF 4 SWALLOWS,-60
13008.0,ASSTD DESIGN 3D PAPER STICKERS,-60
17368.0,SLEEPING CAT ERASERS,-60
16839.0,JUMBO BAG RED RETROSPOT,-58
14195.0,LARGE CIRCULAR MIRROR MOBILE,-58
12471.0,REGENCY CAKESTAND 3 TIER,-56
14911.0,ROSES REGENCY TEACUP AND SAUCER ,-56
15311.0,GLASS CLOCHE SMALL,-54
16029.0,Discount,-53
14911.0,GREEN REGENCY TEACUP AND SAUCER,-53
14680.0,PARTY BUNTING,-53
14680.0,LUNCH BAG VINTAGE LEAF DESIGN,-53
15125.0,JAM JAR WITH GREEN LID,-51
13113.0,SPOTTY BUNTING,-51
14911.0,REGENCY TEA PLATE GREEN ,-51
14911.0,REGENCY SUGAR BOWL GREEN,-51
14680.0,CHARLOTTE BAG APPLES DESIGN,-50
13680.0,TEA TIME PARTY BUNTING,-50
14911.0,PINK REGENCY TEACUP AND SAUCER,-50
14213.0,DOORMAT MERRY CHRISTMAS RED ,-50
15171.0,PINK BABY BUNTING,-50
15171.0,RED BABY BUNTING ,-50
14680.0,JUMBO BAG APPLES,-50
14126.0,STRAWBERRY BATH SPONGE ,-50
14213.0,CARDHOLDER GINGHAM CHRISTMAS TREE,-50
15502.0,WHITE SAGE INCENSE,-50
17857.0,PINK HEARTS PAPER GARLAND,-50
13802.0,BLUE PARTY BAGS ,-50
14911.0,REGENCY TEA PLATE PINK,-50
17754.0,FELT EGG COSY LADYBIRD ,-49
14911.0,REGENCY TEA PLATE ROSES ,-49
13266.0,BLUE POLKADOT COFFEE MUG,-49
14911.0,REGENCY MILK JUG PINK ,-48
15638.0,MINI CAKE STAND WITH HANGING CAKES,-48
14034.0,CHRISTMAS HANGING STAR WITH BELL,-48
12865.0,ANGEL DECORATION STARS ON DRESS,-48
15061.0,Manual,-48
14911.0,PANTRY SCRUBBING BRUSH,-48
16394.0,TRAVEL CARD WALLET SKULLS,-48
13694.0,PINK/BLUE DISC/MIRROR STRING,-48
12781.0,PINK METAL CHICKEN HEART ,-48
12454.0,MARIE ANTOINETTE TRINKET BOX SILVER,-48
12454.0,BEADED CHANDELIER T-LIGHT HOLDER,-48
12454.0,FLOWERS CHANDELIER T-LIGHT HOLDER,-48
15746.0,WORLD WAR 2 GLIDERS ASSTD DESIGNS,-48
14607.0,CINDERELLA CHANDELIER ,-48
15482.0,BEADED CHANDELIER T-LIGHT HOLDER,-48
13085.0,10 COLOUR SPACEBOY PEN,-48
12454.0,MARIE ANTOINETTE TRINKET BOX GOLD,-48
12454.0,IVORY CHANDELIER T-LIGHT HOLDER,-48
13694.0,GARDENERS KNEELING PAD KEEP CALM ,-48
17838.0,HANGING HEART WITH BELL,-48
12971.0,ASSORTED COLOURS SILK FAN,-48
17578.0,BLUE POLKADOT COFFEE MUG,-48
14607.0,BOX OF 6 MINI 50'S CRACKERS,-48
17838.0,FILIGREE HEART DAISY WHITE,-48
13148.0,SPRIG LAVENDER ARTIFICIAL FLOWER,-48
12985.0,HOUSE SHAPE PENCIL SHARPENER,-48
17838.0,STAR DECORATION RUSTIC,-48
17368.0,WOOD STAMP SET FLOWERS,-48
17368.0,MAGIC DRAWING SLATE BUNNIES ,-48
17368.0,12 PENCILS SMALL TUBE RED RETROSPOT,-48
17368.0,MAGIC DRAWING SLATE DINOSAUR,-48
16525.0,PLEASE ONE PERSON METAL SIGN,-48
14557.0,PACK OF 6 SMALL FRUIT STRAWS,-48
16730.0,PINK  HEART CONFETTI IN TUBE,-48
16730.0,WHITE HEART CONFETTI IN TUBE,-48
15823.0,RED RETROSPOT PUDDING BOWL,-48
12748.0,ORANGE VOTIVE CANDLE,-48
15674.0,WORLD WAR 2 GLIDERS ASSTD DESIGNS,-48
15270.0,LARGE CIRCULAR MIRROR MOBILE,-48
17368.0,12 PENCILS SMALL TUBE SKULL,-48
14776.0,GROW A FLYTRAP OR SUNFLOWER IN TIN,-48
14557.0,BOX OF 6 MINI 50'S CRACKERS,-48
14557.0,GARDENERS KNEELING PAD KEEP CALM ,-48
14776.0,PACK OF 72 SKULL CAKE CASES,-48
14213.0,ADVENT CALENDAR GINGHAM SACK,-48
14213.0,CHRISTMAS LIGHTS 10 SANTAS ,-48
14213.0,RED STAR CARD HOLDER,-48
15514.0,FELTCRAFT HAIRBAND PINK AND BLUE,-48
15881.0,HAND WARMER BABUSHKA DESIGN,-48
16133.0,SET OF 6 KASHMIR FOLKART BAUBLES,-48
14031.0,REGENCY CAKESTAND 3 TIER,-48
17997.0,REGENCY TEA PLATE ROSES ,-48
14557.0,SET OF 4 JAM JAR MAGNETS,-48
14911.0,REGENCY SUGAR TONGS,-48
14586.0,WORLD WAR 2 GLIDERS ASSTD DESIGNS,-48
15311.0,BLUE  VOILE LAMPSHADE,-48
14557.0,SET OF 4 SANTA PLACE SETTINGS,-48
14146.0,HAND WARMER BABUSHKA DESIGN,-48
17230.0,COOK WITH WINE METAL SIGN ,-48
17230.0,HAND OVER THE CHOCOLATE   SIGN ,-48
15514.0,SOLDIERS EGG CUP ,-48
13217.0,SET 6 PAPER TABLE LANTERN STARS ,-48
15514.0,TRADITIONAL KNITTING NANCY,-48
14776.0,FUNKY DIVA PEN,-48
15482.0,IVORY CHANDELIER T-LIGHT HOLDER,-48
15311.0,LARGE CERAMIC TOP STORAGE JAR,-48
15482.0,FLOWERS CHANDELIER T-LIGHT HOLDER,-48
13408.0,SET OF 3 HANGING OWLS OLLIE BEAK,-48
14146.0,SET OF 6 T-LIGHTS SNOWMEN,-48
14688.0,RECYCLING BAG RETROSPOT ,-47
17997.0,REGENCY TEA PLATE PINK,-46
15521.0,RABBIT NIGHT LIGHT,-45
17997.0,REGENCY TEA PLATE GREEN ,-45
15502.0,LARGE CIRCULAR MIRROR MOBILE,-44
13725.0,RED VINTAGE SPOT BEAKER,-43
15201.0,MINI JIGSAW SPACEBOY,-43
13089.0,REGENCY CAKESTAND 3 TIER,-43
12967.0,PARTY CONES CANDY ASSORTED,-42
16839.0,SPACEBOY LUNCH BOX ,-42
15189.0,VICTORIAN GLASS HANGING T-LIGHT,-42
17567.0,RED STRIPE CERAMIC DRAWER KNOB,-42
13069.0,WICKER STAR ,-41
17809.0,GARDENERS KNEELING PAD CUP OF TEA ,-40
12753.0,PAPER BUNTING COLOURED LACE,-40
13246.0,HEART OF WICKER SMALL,-40
13791.0,JUMBO BAG SCANDINAVIAN BLUE PAISLEY,-40
17404.0,VINTAGE DOILY DELUXE SEWING KIT ,-40
12748.0,LARGE WHITE HEART OF WICKER,-40
16923.0,FIRST AID TIN,-40
13881.0,PAPER CHAIN KIT 50'S CHRISTMAS ,-40
16422.0,PAPER CHAIN KIT 50'S CHRISTMAS ,-40
14557.0,PAPER CHAIN KIT 50'S CHRISTMAS ,-40
16525.0,PAPER BUNTING RETROSPOT,-40
13680.0,LUNCH BAG WOODLAND,-40
15769.0,JUMBO BAG VINTAGE CHRISTMAS ,-40
15473.0,PAPER CHAIN KIT VINTAGE CHRISTMAS,-40
15602.0,T-LIGHT HOLDER HANGING LACE,-40
18194.0,6 ROCKET BALLOONS ,-40
13725.0,BLUE VINTAGE SPOT BEAKER,-40
14643.0,"METAL SIGN,CUPCAKE SINGLE HOOK",-40
13791.0,RED RETROSPOT CHARLOTTE BAG,-40
15157.0,DECORATION SITTING BUNNY,-39
13791.0,LUNCH BAG  BLACK SKULL.,-38
14606.0,BLUE SPOT CERAMIC DRAWER KNOB,-38
13798.0,SWEETHEART CERAMIC TRINKET BOX,-38
15621.0,COLOURED GLASS STAR T-LIGHT HOLDER,-38
13089.0,GLASS JAR ENGLISH CONFECTIONERY,-37
12971.0,SILVER T-LIGHT SETTING,-37
16607.0,BOUDOIR SQUARE TISSUE BOX,-36
14034.0,HEART WREATH DECORATION WITH BELL,-36
12431.0,HANGING HEART JAR T-LIGHT HOLDER,-36
15482.0,SMALL WHITE RETROSPOT MUG IN BOX ,-36
17900.0,POLYESTER FILLER PAD 40x40cm,-36
15050.0,CHRISTMAS TREE DECORATION WITH BELL,-36
15061.0,LUNCH BOX I LOVE LONDON,-36
13394.0,COFFEE MUG APPLES DESIGN,-36
14911.0,REGENCY CAKESTAND 3 TIER,-36
13266.0,CHARLIE + LOLA RED HOT WATER BOTTLE,-36
15805.0,MINI PAINT SET VINTAGE ,-36
12536.0,SET OF 6 HALLOWEEN GHOST T-LIGHTS,-36
17658.0,CHERUB HEART DECORATION SILVER ,-36
17061.0,GUMBALL COAT RACK,-36
14156.0,POPCORN HOLDER,-36
12415.0,MINI PAINT SET VINTAGE ,-36
14560.0,CERAMIC PLATE STRAWBERRY DESIGN,-36
15482.0,SMALL RED RETROSPOT MUG IN BOX ,-36
13941.0,HANGING BAUBLE T-LIGHT HOLDER SMALL,-36
16525.0,WOODEN PICTURE FRAME WHITE FINISH,-36
16187.0,HEART DECORATION WITH PEARLS ,-36
18024.0,BLUE  DIAMANTE PEN IN GIFT BOX,-36
15465.0,REGENCY CAKESTAND 3 TIER,-36
17317.0,CHRISTMAS TOILET ROLL,-36
15823.0,PAPER CHAIN KIT EMPIRE,-36
17317.0,VINTAGE BILLBOARD LOVE/HATE MUG,-36
17744.0,Manual,-36
15823.0,PAPER CHAIN KIT RETROSPOT,-36
14903.0,"KEY FOB , GARAGE DESIGN",-36
17350.0,6 GIFT TAGS 50'S CHRISTMAS ,-36
14146.0,HOT WATER BOTTLE BABUSHKA ,-36
14688.0,TRAVEL CARD WALLET KEEP CALM,-36
13672.0,HANGING RIDGE GLASS T-LIGHT HOLDER,-36
12607.0,MINI PAINT SET VINTAGE ,-36
16019.0,GUMBALL COAT RACK,-36
14808.0,MINI PAINT SET VINTAGE ,-36
12583.0,ZINC FOLKART SLEIGH BELLS,-36
14606.0,WHITE SPOT BLUE CERAMIC DRAWER KNOB,-36
12558.0,SET OF 5 LUCKY CAT MAGNETS ,-36
14911.0,CHRISTMAS DECOUPAGE CANDLE,-36
16546.0,WOODEN STAR CHRISTMAS SCANDINAVIAN,-36
15157.0,SMALL PINK GLASS SUNDAE DISH,-36
17659.0,BIG DOUGHNUT FRIDGE MAGNETS,-36
15157.0,SMALL GLASS SUNDAE DISH CLEAR,-36
13394.0,RED RETROSPOT TISSUE BOX,-36
16533.0,ASSORTED BOTTLE TOP  MAGNETS ,-36
14533.0,MINI PAINT SET VINTAGE ,-36
17675.0,HAND WARMER OWL DESIGN,-36
14298.0,CRYSTAL STUD EARRINGS CLEAR DISPLAY,-36
14298.0,CRYSTAL STUD EARRINGS ASSORTED COL ,-36
16839.0,BISCUIT TIN 50'S CHRISTMAS,-36
14146.0,CHICK GREY HOT WATER BOTTLE,-36
16701.0,POTTING SHED TEA MUG,-36
14146.0,FAWN BLUE HOT WATER BOTTLE,-36
18087.0,RETROSPOT WOODEN HEART DECORATION,-36
15106.0,PENS ASSORTED SPACEBALL,-36
16422.0,TEA TIME PARTY BUNTING,-35
13113.0,HEART OF WICKER SMALL,-35
14527.0,Discount,-35
16161.0,Manual,-35
13113.0,HEART OF WICKER LARGE,-34
17567.0,BLUE STRIPE CERAMIC DRAWER KNOB,-34
12457.0,EDWARDIAN PARASOL NATURAL,-33
14796.0,DOLLY GIRL LUNCH BOX,-33
16898.0,DOLLY GIRL LUNCH BOX,-33
14680.0,TEA TIME PARTY BUNTING,-33
14866.0,MIRRORED DISCO BALL ,-32
14688.0,RED RETROSPOT CHARLOTTE BAG,-32
12967.0,RETROSPOT PARTY BAG + STICKER SET,-32
17368.0,FAIRY CAKES NOTEBOOK A7 SIZE,-32
12454.0,WOOD 2 DRAWER CABINET WHITE FINISH,-32
12666.0,SPACEBOY TV DINNER TRAY,-32
13069.0,HAND WARMER BABUSHKA DESIGN,-32
13599.0,SMALL PINK GLASS SUNDAE DISH,-32
17368.0,ENGLISH ROSE NOTEBOOK A7 SIZE,-32
16701.0,SET/5 RED RETROSPOT LID GLASS BOWLS,-32
12454.0,REGENCY CAKESTAND 3 TIER,-32
12454.0,METAL 4 HOOK HANGER FRENCH CHATEAU,-32
15482.0,WOOD 2 DRAWER CABINET WHITE FINISH,-32
14607.0,RED HANGING HEART T-LIGHT HOLDER,-32
13081.0,SPOTTY BUNTING,-32
12626.0,36 PENCILS TUBE WOODLAND,-32
15201.0,PACK OF 72 RETROSPOT CAKE CASES,-31
13680.0,JUMBO BAG WOODLAND ANIMALS,-30
13078.0,POPCORN HOLDER,-30
17183.0,COSY HOUR CIGAR BOX MATCHES ,-30
13680.0,JUMBO  BAG BAROQUE BLACK WHITE,-30
13680.0,LUNCH BAG CARS BLUE,-30
13680.0,LUNCH BAG  BLACK SKULL.,-30
13802.0,HOT BATHS METAL SIGN,-30
15400.0,SCANDINAVIAN PAISLEY PICNIC BAG,-30
15563.0,Manual,-30
12781.0,JIGSAW TREE WITH BIRDHOUSE,-30
16923.0,CHRISTMAS CRAFT LITTLE FRIENDS,-30
15179.0,PACK OF 72 RETROSPOT CAKE CASES,-30
14557.0,RIBBON REEL CHRISTMAS PRESENT ,-30
15769.0,JUMBO BAG 50'S CHRISTMAS ,-30
15061.0,WOODLAND CHARLOTTE BAG,-30
16325.0,GLASS JAR ENGLISH CONFECTIONERY,-30
13680.0,WOODLAND CHARLOTTE BAG,-30
16533.0,FRIDGE MAGNETS LA VIE EN ROSE,-30
16533.0,FRIDGE MAGNETS LES ENFANTS ASSORTED,-30
16493.0,PASTEL COLOUR HONEYCOMB FAN,-30
14606.0,HEART DECORATION WITH PEARLS ,-29
16839.0,PARTY BUNTING,-29
13089.0,GLASS JAR DIGESTIVE BISCUITS,-29
14911.0,PANTRY ROLLING PIN,-29
14410.0,GROW YOUR OWN PLANT IN A CAN ,-28
15311.0,SMALL GLASS HEART TRINKET POT,-28
16463.0,36 PENCILS TUBE WOODLAND,-27
12428.0,POLKADOT COFFEE CUP & SAUCER PINK,-27
14688.0,60 TEATIME FAIRY CAKE CASES,-27
15311.0,LARGE CIRCULAR MIRROR MOBILE,-27
13798.0,JUMBO BAG RED RETROSPOT,-27
15189.0,REGENCY CAKESTAND 3 TIER,-26
16394.0,TRAVEL CARD WALLET UNION JACK,-26
16839.0,FAWN BLUE HOT WATER BOTTLE,-26
12748.0,WRAP CIRCUS PARADE,-25
12748.0,VINTAGE CARAVAN GIFT WRAP,-25
12748.0,WRAP ALPHABET DESIGN,-25
13668.0,BATHROOM METAL SIGN,-25
16717.0,WRAP GINGHAM ROSE ,-25
16717.0,WRAP POPPIES  DESIGN,-25
12748.0,SPACEBOY GIFT WRAP,-25
16839.0,SET OF 3 CAKE TINS PANTRY DESIGN ,-25
14299.0,RED RETROSPOT CAKE STAND,-25
12472.0,GUMBALL COAT RACK,-25
12607.0,TEA PARTY  WRAPPING PAPER ,-25
12967.0,SET3 BOOK BOX GREEN GINGHAM FLOWER ,-25
12567.0,WRAP GREEN PEARS ,-25
12567.0,WRAP VINTAGE PETALS  DESIGN,-25
13798.0,CERAMIC CAKE BOWL + HANGING CAKES,-25
15365.0,WRAP SUKI AND FRIENDS,-25
12748.0,WRAP I LOVE LONDON ,-25
12607.0,RED RETROSPOT WRAP ,-25
12967.0,RED GINGHAM ROSE JEWELLERY BOX,-25
17504.0,WRAP ALPHABET DESIGN,-25
14911.0,REGENCY TEAPOT ROSES ,-25
12473.0,WRAP RED APPLES ,-25
13919.0,WRAP 50'S  CHRISTMAS,-25
12607.0,BIRTHDAY BANQUET GIFT WRAP,-25
12607.0,BLUE POLKADOT WRAP,-25
16717.0,WRAP RED APPLES ,-25
16717.0,WRAP VINTAGE LEAF DESIGN,-25
15365.0,SKULLS AND CROSSBONES WRAP,-25
12473.0,RED RETROSPOT WRAP ,-25
15877.0,WRAP CHRISTMAS VILLAGE,-25
12607.0,PINK PAISLEY ROSE GIFT WRAP,-25
14769.0,EMPIRE GIFT WRAP,-25
15150.0,BOTANICAL LILY GIFT WRAP,-25
12607.0,WRAP DOLLY GIRL,-25
12607.0,WRAP ENGLISH ROSE ,-25
12607.0,WRAP CHRISTMAS VILLAGE,-25
12607.0,WRAP COWBOYS  ,-25
15065.0,SPACEBOY GIFT WRAP,-25
16252.0,WRAP CHRISTMAS SCREEN PRINT,-25
14911.0,WHITE HANGING HEART T-LIGHT HOLDER,-24
17671.0,VINTAGE RED TRIM ENAMEL BOWL ,-24
17658.0,HEART STRING MEMO HOLDER HANGING,-24
13394.0,SET OF 3 BUTTERFLY COOKIE CUTTERS,-24
13394.0,VINTAGE BEAD PINK PURSE ,-24
14149.0,SET OF 4 PISTACHIO LOVEBIRD COASTER,-24
14146.0,SET 7 BABUSHKA NESTING BOXES,-24
14557.0,SET OF 20 VINTAGE CHRISTMAS NAPKINS,-24
13883.0,TRAVEL CARD WALLET SUKI,-24
16133.0,PSYCHEDELIC TILE COASTER,-24
12625.0,5 HOOK HANGER MAGIC TOADSTOOL,-24
17671.0,VINTAGE RED ENAMEL TRIM MUG ,-24
15482.0,HOT WATER BOTTLE TEA AND SYMPATHY,-24
14586.0,10 COLOUR SPACEBOY PEN,-24
14586.0,12 PENCILS SMALL TUBE RED RETROSPOT,-24
14426.0,PACK OF 72 RETROSPOT CAKE CASES,-24
17671.0,VINTAGE RED ENAMEL TRIM PLATE,-24
18072.0,"BLACK TEA,COFFEE,SUGAR JARS",-24
18072.0,FOLKART HEART NAPKIN RINGS,-24
16554.0,JINGLE BELL HEART DECORATION,-24
18072.0,HEART DECORATION RUSTIC HANGING ,-24
15482.0,CHOCOLATE HOT WATER BOTTLE,-24
18072.0,WHITE SPOT BLUE CERAMIC DRAWER KNOB,-24
12901.0,SOLDIERS EGG CUP ,-24
15157.0,MOODY GIRL DOOR HANGER ,-24
15144.0,BLACK CANDELABRA T-LIGHT HOLDER,-24
14607.0,STRIPEY CHOCOLATE NESTING BOXES,-24
17950.0,ASSORTED CREEPY CRAWLIES,-24
14031.0,CREAM CUPID HEARTS COAT HANGER,-24
14031.0,RED RETROSPOT CAKE STAND,-24
14031.0,WOODEN PICTURE FRAME WHITE FINISH,-24
12415.0,GREEN REGENCY TEACUP AND SAUCER,-24
14426.0,PLACE SETTING WHITE HEART,-24
17368.0,10 COLOUR SPACEBOY PEN,-24
15482.0,MARIE ANTOINETTE TRINKET BOX GOLD,-24
15482.0,MARIE ANTOINETTE TRINKET BOX SILVER,-24
14557.0,PAPER CHAIN KIT VINTAGE CHRISTMAS,-24
14665.0,KNICKERBOCKERGLORY MAGNET ASSORTED ,-24
17548.0,PACK OF 12 PINK PAISLEY TISSUES ,-24
13762.0,SET/10 BLUE POLKADOT PARTY CANDLES,-24
13762.0,SET/10 PINK POLKADOT PARTY CANDLES,-24
13762.0,STRAWBERRY CERAMIC TRINKET BOX,-24
14534.0,DOORMAT AIRMAIL ,-24
17548.0,PACK OF 12 RED RETROSPOT TISSUES ,-24
17548.0,PACK OF 6 BIRDY GIFT TAGS,-24
14146.0,10 COLOUR SPACEBOY PEN,-24
16923.0,SET OF 20 VINTAGE CHRISTMAS NAPKINS,-24
13680.0,SET/3 RED GINGHAM ROSE STORAGE BOX,-24
14299.0,HAND WARMER OWL DESIGN,-24
13762.0,SWEETHEART CERAMIC TRINKET BOX,-24
12607.0,SET/10 BLUE POLKADOT PARTY CANDLES,-24
17504.0,MULTI COLOUR SILVER T-LIGHT HOLDER,-24
17504.0,ZINC T-LIGHT HOLDER STARS SMALL,-24
12501.0,SET/10 RED POLKADOT PARTY CANDLES,-24
15632.0,PLASTERS IN TIN SKULLS,-24
17949.0,SET OF 10 LED DOLLY LIGHTS,-24
14911.0,WHITE SPOT RED CERAMIC DRAWER KNOB,-24
12607.0,SET/10 IVORY POLKADOT PARTY CANDLES,-24
12607.0,SET/10 PINK POLKADOT PARTY CANDLES,-24
12607.0,SET/10 RED POLKADOT PARTY CANDLES,-24
15201.0,TRAVEL CARD WALLET KEEP CALM,-24
12607.0,SET OF 60 I LOVE LONDON CAKE CASES ,-24
17548.0,PLASTERS IN TIN SKULLS,-24
13756.0,SMALL GLASS HEART TRINKET POT,-24
12674.0,GROW A FLYTRAP OR SUNFLOWER IN TIN,-24
15823.0,ASSORTED TUTTI FRUTTI HEART BOX,-24
17900.0,BLUE/CREAM STRIPE CUSHION COVER ,-24
17873.0,HAND OVER THE CHOCOLATE   SIGN ,-24
17873.0,NO SINGING METAL SIGN,-24
16080.0,CAMOUFLAGE LED TORCH,-24
16092.0,GOLD MUG BONE CHINA TREE OF LIFE,-24
14911.0,SET OF 2 CHRISTMAS DECOUPAGE CANDLE,-24
14911.0,SET OF 60 PANTRY DESIGN CAKE CASES ,-24
14911.0,SET/3 CHRISTMAS DECOUPAGE CANDLES,-24
17888.0,TRAVEL CARD WALLET KEEP CALM,-24
15823.0,ASSORTED TUTTI FRUTTI ROUND BOX,-24
15823.0,FULL ENGLISH BREAKFAST PLATE,-24
14304.0,COSY HOUR CIGAR BOX MATCHES ,-24
14057.0,TRAVEL CARD WALLET FLOWER MEADOW,-24
16923.0,PINK REGENCY TEACUP AND SAUCER,-24
14057.0,TRAVEL CARD WALLET TRANSPORT,-24
13680.0,PINK 3 PIECE POLKADOT CUTLERY SET,-24
16923.0,60 CAKE CASES VINTAGE CHRISTMAS,-24
12666.0,ENCHANTED BIRD COATHANGER 5 HOOK,-24
17526.0,CAKE STAND 3 TIER MAGIC GARDEN,-24
14057.0,TRAVEL CARD WALLET PANTRY,-24
17337.0,PAPER BUNTING WHITE LACE,-24
12598.0,SNOWSTORM PHOTO FRAME FRIDGE MAGNET,-24
13081.0,60 CAKE CASES DOLLY GIRL DESIGN,-24
17838.0,SET OF 60 I LOVE LONDON CAKE CASES ,-24
15260.0,HANGING HEART JAR T-LIGHT HOLDER,-24
15223.0,PACK OF 72 RETROSPOT CAKE CASES,-24
15674.0,PACK OF 60 PINK PAISLEY CAKE CASES,-24
12607.0,60 CAKE CASES DOLLY GIRL DESIGN,-24
12989.0,"RECORD FRAME 7"" SINGLE SIZE ",-24
15505.0,SET OF TEA COFFEE SUGAR TINS PANTRY,-24
17838.0,60 TEATIME FAIRY CAKE CASES,-24
17838.0,72 SWEETHEART FAIRY CAKE CASES,-24
17838.0,KINGS CHOICE MUG,-24
16570.0,KNEELING MAT HOUSEWORK  DESIGN,-24
16571.0,12 PENCILS TALL TUBE POSY,-24
14057.0,TRAVEL CARD WALLET RETROSPOT,-24
14057.0,TRAVEL CARD WALLET SKULLS,-24
15315.0,DANISH ROSE PHOTO FRAME,-24
14586.0,MAGIC DRAWING SLATE BAKE A CAKE ,-24
14586.0,MAGIC DRAWING SLATE DOLLY GIRL ,-24
14586.0,PACK OF 72 RETROSPOT CAKE CASES,-24
14426.0,PACK OF 60 PINK PAISLEY CAKE CASES,-24
17423.0,HANGING JAM JAR T-LIGHT HOLDER,-24
12558.0,JUNGLE POPSICLES ICE LOLLY MOULDS,-24
17504.0,ANTIQUE SILVER T-LIGHT GLASS,-24
17888.0,TRAVEL CARD WALLET SKULLS,-24
17888.0,TRAVEL CARD WALLET UNION JACK,-24
14057.0,TRAVEL CARD WALLET SUKI,-24
14146.0,HOMEMADE JAM SCENTED CANDLES,-24
14146.0,PIG KEYRING WITH LIGHT & SOUND ,-24
13162.0,HOME GARLAND PAINTED ZINC ,-24
13162.0,POLKADOT COFFEE CUP & SAUCER PINK,-24
13184.0,HEART FILIGREE DOVE  SMALL,-24
15533.0,CUPCAKE LACE PAPER SET 6,-24
14057.0,TRAVEL CARD WALLET UNION JACK,-24
13680.0,RED 3 PIECE RETROSPOT CUTLERY SET,-24
14586.0,60 CAKE CASES DOLLY GIRL DESIGN,-24
13680.0,60 TEATIME FAIRY CAKE CASES,-24
15113.0,DOORMAT RED RETROSPOT,-24
16422.0,12 PENCILS SMALL TUBE RED RETROSPOT,-24
14911.0,RED ROCKING HORSE HAND PAINTED,-24
16297.0,10 COLOUR SPACEBOY PEN,-24
16302.0,RETRO PLASTIC ELEPHANT TRAY,-24
16321.0,WHITE HEART CONFETTI IN TUBE,-24
13148.0,RETROSPOT CANDLE  MEDIUM,-24
12471.0,PANTRY MAGNETIC  SHOPPING LIST,-24
13588.0,GIN & TONIC DIET GREETING CARD ,-24
14849.0,PACK OF 12 VINTAGE CHRISTMAS TISSUE,-24
14829.0,SET OF 3 HEART COOKIE CUTTERS,-24
15502.0,SMALL HEART MEASURING SPOONS,-24
17527.0,LARGE WHITE/PINK ROSE ART FLOWER,-24
12567.0,SET/6 COLLAGE PAPER CUPS,-24
13593.0,PINK SMALL GLASS CAKE STAND,-24
13599.0,BOUDOIR SQUARE TISSUE BOX,-24
16678.0,SET 2 TEA TOWELS I LOVE LONDON ,-24
16019.0,GUMBALL MAGAZINE RACK,-24
13148.0,RETROSPOT CANDLE  SMALL,-24
14557.0,36 DOILIES VINTAGE CHRISTMAS,-24
12607.0,ICE CREAM PEN LIP GLOSS ,-24
12607.0,PACK OF 60 MUSHROOM CAKE CASES,-24
12607.0,PACK OF 60 SPACEBOY CAKE CASES,-24
12607.0,PACK OF 72 RETROSPOT CAKE CASES,-24
14738.0,ASSORTED TUTTI FRUTTI BRACELET,-24
15880.0,FOLKART STAR CHRISTMAS DECORATIONS,-24
13012.0,HOT BATHS METAL SIGN,-24
15856.0,RECIPE BOX RETROSPOT ,-24
14071.0,MINI WOODEN HAPPY BIRTHDAY GARLAND,-24
16743.0,STRAWBERRY CERAMIC TRINKET BOX,-24
15125.0,SET OF SALT AND PEPPER TOADSTOOLS,-24
13329.0,60 CAKE CASES VINTAGE CHRISTMAS,-24
16779.0,RED SPOTTY BISCUIT TIN,-24
15482.0,3 DRAWER ANTIQUE WHITE WOOD CABINET,-24
17416.0,ASS FLORAL PRINT MULTI SCREWDRIVER,-24
13798.0,STRAWBERRY CERAMIC TRINKET BOX,-24
13085.0,PIG KEYRING WITH LIGHT & SOUND ,-24
15290.0,PACK OF 60 PINK PAISLEY CAKE CASES,-24
15290.0,SET OF 3 HEART COOKIE CUTTERS,-24
16779.0,TRAVEL CARD WALLET KEEP CALM,-24
12709.0,SET OF 60 PANTRY DESIGN CAKE CASES ,-24
14776.0,12 PENCILS SMALL TUBE RED RETROSPOT,-24
14776.0,60 CAKE CASES DOLLY GIRL DESIGN,-24
14776.0,72 SWEETHEART FAIRY CAKE CASES,-24
14776.0,TRAVEL CARD WALLET SKULLS,-24
13599.0,TRAVEL CARD WALLET FLOWER MEADOW,-24
14766.0,BLUE NEW BAROQUE CANDLESTICK CANDLE,-24
15856.0,RECIPE BOX PANTRY YELLOW DESIGN,-24
14748.0,BAKING MOULD TOFFEE CUP CHOCOLATE,-24
15681.0,HANGING HEART JAR T-LIGHT HOLDER,-24
15681.0,MUSICAL ZINC HEART DECORATION ,-24
15681.0,REINDEER HEART DECORATION SILVER,-24
15681.0,SILVER HANGING T-LIGHT HOLDER,-24
15681.0,SMALL BONNE JAM JAR  T-LIGHT HOLDER,-24
12558.0,RETRO PLASTIC ELEPHANT TRAY,-24
12558.0,SPACEBOY ROCKET LOLLY MAKERS,-24
12560.0,TRAVEL CARD WALLET KEEP CALM,-24
12567.0,ICE CREAM SUNDAE LIP GLOSS,-24
12775.0,HANGING CHICK CREAM DECORATION,-24
13394.0,PACK OF 12 VINTAGE DOILY TISSUES,-24
16029.0,SMALL RED RETROSPOT MUG IN BOX ,-24
17731.0,60 CAKE CASES DOLLY GIRL DESIGN,-24
14501.0,WHITE SPOT BLUE CERAMIC DRAWER KNOB,-24
14287.0,RAIN PONCHO RETROSPOT,-24
16717.0,ASSORTED COLOURS SILK FAN,-24
12607.0,60 TEATIME FAIRY CAKE CASES,-24
14640.0,HANGING QUILTED PATCHWORK APPLES,-24
15700.0,FRIDGE MAGNETS US DINER ASSORTED,-24
15681.0,CHERUB HEART DECORATION SILVER ,-24
15681.0,CHRISTMAS MUSICAL ZINC STAR,-24
14911.0,PACK OF 60 PINK PAISLEY CAKE CASES,-24
16525.0,EMERGENCY FIRST AID TIN ,-24
14911.0,CHARLIE + LOLA RED HOT WATER BOTTLE,-24
14911.0,CHARLIE+LOLA PINK HOT WATER BOTTLE,-24
16525.0,SET 12 RETRO WHITE CHALK STICKS,-24
13271.0,CHRISTMAS METAL TAGS ASSORTED ,-24
15514.0,WOODEN BOX OF DOMINOES,-24
15482.0,HOT WATER BOTTLE I AM SO POORLY,-24
15482.0,HOT WATER BOTTLE KEEP CALM,-24
12748.0,ASSORTED CREEPY CRAWLIES,-24
14557.0,6 ROCKET BALLOONS ,-24
14557.0,60 CAKE CASES VINTAGE CHRISTMAS,-24
14557.0,BOX OF 6 MINI VINTAGE CRACKERS,-24
14557.0,PACK OF 6 LARGE FRUIT STRAWS ,-24
17548.0,PACK OF 12 BLUE PAISLEY TISSUES ,-24
14776.0,ICE CREAM PEN LIP GLOSS ,-24
14776.0,PACK OF 60 DINOSAUR CAKE CASES,-24
14776.0,TRAVEL CARD WALLET FLOWER MEADOW,-24
14776.0,TRAVEL CARD WALLET KEEP CALM,-24
12748.0,HANGING METAL HEART LANTERN,-24
14205.0,PACK OF 60 DINOSAUR CAKE CASES,-24
17838.0,SET OF 3 HANGING OWLS OLLIE BEAK,-24
14156.0,CHOCOLATE HOT WATER BOTTLE,-24
14952.0,BLUE HARMONICA IN BOX ,-24
18218.0,HANGING SPRING FLOWER EGG SMALL,-24
14034.0,PAINTED METAL STAR WITH HOLLY BELLS,-24
18256.0,CHRISTMAS TREE PAINTED ZINC ,-24
13725.0,60 TEATIME FAIRY CAKE CASES,-24
15365.0,PACK OF 6 SMALL FRUIT STRAWS,-24
15365.0,PAPER LANTERN 9 POINT SNOW STAR,-24
15365.0,SET OF 10 LANTERNS FAIRY LIGHT STAR,-24
14146.0,SMALL HANGING IVORY/RED WOOD BIRD,-24
14911.0,WHITE ROCKING HORSE HAND PAINTED,-24
17949.0,VINTAGE RED TEATIME MUG,-23
18256.0,DOVE DECORATION PAINTED ZINC ,-23
15194.0,HEART DECORATION WITH PEARLS ,-23
13755.0,ASSORTED TUTTI FRUTTI PEN,-23
16839.0,RECIPE BOX PANTRY YELLOW DESIGN,-23
13081.0,PAPER POCKET TRAVELING FAN ,-23
15251.0,RUSTIC STRAWBERRY JAM POT LARGE ,-23
16359.0,ZINC METAL HEART DECORATION,-23
17526.0,SWEETHEART CAKESTAND 3 TIER,-23
14680.0,PACK OF 60 DINOSAUR CAKE CASES,-23
15433.0,PACK OF 72 RETROSPOT CAKE CASES,-23
15491.0,POLKADOT RAIN HAT ,-22
17997.0,Manual,-22
14680.0,WHITE SKULL HOT WATER BOTTLE ,-22
12536.0,Manual,-22
15322.0,REINDEER HEART DECORATION SILVER,-22
12841.0,SET OF 60 PANTRY DESIGN CAKE CASES ,-22
15433.0,PACK OF 12 SPACEBOY TISSUES,-22
15433.0,60 TEATIME FAIRY CAKE CASES,-22
15100.0,VICTORIAN SEWING BOX LARGE,-22
15433.0,PACK OF 60 SPACEBOY CAKE CASES,-22
15606.0,CHARLIE LOLA BLUE HOT WATER BOTTLE ,-21
13941.0,SET 10 NIGHT OWL LIGHTS,-21
12683.0,MULTICOLOUR  CONFETTI IN TUBE,-21
15251.0,SMALL CERAMIC TOP STORAGE JAR ,-21
16145.0,BLUE NEW BAROQUE CANDLESTICK CANDLE,-21
13668.0,ANGEL DECORATION STARS ON DRESS,-21
13026.0,DANISH ROSE PHOTO FRAME,-21
15291.0,HOT BATHS SOAP HOLDER,-21
13418.0,SET/4 BIRD MIRROR MAGNETS ,-21
15606.0,CHARLIE+LOLA RED HOT WATER BOTTLE ,-20
15606.0,ALARM CLOCK BAKELIKE RED ,-20
17613.0,WHITE ROCKING HORSE HAND PAINTED,-20
17658.0,PACK OF 6 BIRDY GIFT TAGS,-20
12955.0,SANDALWOOD FAN,-20
15622.0,VINTAGE DOILY JUMBO BAG RED ,-20
13069.0,RED RETROSPOT CUP,-20
16523.0,JUMBO BAG VINTAGE LEAF,-20
16742.0,REGENCY TEA PLATE ROSES ,-20
12567.0,LUNCH BAG APPLE DESIGN,-20
12607.0,DOUGHNUT LIP GLOSS ,-20
12558.0,LUNCH BAG VINTAGE DOILY ,-20
13090.0,KIDS RAIN MAC BLUE,-20
14911.0,OVEN MITT APPLES DESIGN,-20
14557.0,12 COLOURED PARTY BALLOONS,-20
15622.0,JUMBO BAG PAISLEY PARK,-20
17581.0,JUMBO BAG VINTAGE CHRISTMAS ,-20
14688.0,STRAWBERRY CHARLOTTE BAG,-20
16839.0,JUMBO BAG VINTAGE DOILY ,-20
15521.0,ICE CREAM BUBBLES,-20
16326.0,DOUGHNUT LIP GLOSS ,-20
12936.0,PAPER CHAIN KIT VINTAGE CHRISTMAS,-20
16394.0,TRAVEL CARD WALLET VINTAGE TICKET,-20
17861.0,TREASURE TIN BUFFALO BILL ,-20
13069.0,HEART OF WICKER SMALL,-20
13069.0,PINK  POLKADOT CUP,-20
14643.0,METAL SIGN CUPCAKE SINGLE HOOK,-20
13680.0,JUMBO BAG PINK POLKADOT,-20
16570.0,COLOUR GLASS T-LIGHT HOLDER HANGING,-20
17152.0,BLUE HAPPY BIRTHDAY BUNTING,-20
17152.0,PINK HAPPY BIRTHDAY BUNTING,-20
14665.0,JUMBO BAG 50'S CHRISTMAS ,-20
13113.0,PARTY BUNTING,-20
14680.0,PURPLE DRAWERKNOB ACRYLIC EDWARDIAN,-20
14911.0,TEA TIME OVEN GLOVE,-20
16161.0,BUTTON BOX ,-20
13777.0,UNION JACK FLAG PASSPORT COVER ,-20
14688.0,CHARLOTTE BAG PINK POLKADOT,-20
17994.0,DOUGHNUT LIP GLOSS ,-20
12657.0,BOX OF 6 MINI VINTAGE CRACKERS,-20
13426.0,PAPER LANTERN 5 POINT STAR MOON ,-20
13069.0,BLUE POLKADOT CUP,-20
14410.0,BUNNY EGG GARLAND,-20
14680.0,RED RETROSPOT PICNIC BAG,-20
14680.0,WOODLAND CHARLOTTE BAG,-20
15189.0,HANGING HEART JAR T-LIGHT HOLDER,-20
16955.0,FRENCH BLUE METAL DOOR SIGN 5,-20
15973.0,TWO DOOR CURIO CABINET,-19
13090.0,KIDS RAIN MAC PINK,-19
14796.0,HOME SWEET HOME MUG,-19
14040.0,RED RETROSPOT CHARLOTTE BAG,-19
13527.0,ASSORTED EASTER DECORATIONS  BELLS,-19
15311.0,WHITE BAMBOO RIBS LAMPSHADE,-19
17865.0,REGENCY CAKESTAND 3 TIER,-19
14688.0,PACK OF 72 RETROSPOT CAKE CASES,-19
14688.0,CHARLOTTE BAG APPLES DESIGN,-19
17997.0,REGENCY SUGAR BOWL GREEN,-19
17997.0,REGENCY MILK JUG PINK ,-19
18274.0,FAIRY CAKE FLANNEL ASSORTED COLOUR,-18
15640.0,PAPER POCKET TRAVELING FAN ,-18
14911.0,DANISH ROSE PHOTO FRAME,-18
14997.0,SET/4 DAISY MIRROR MAGNETS,-18
16672.0,Discount,-18
17838.0,GLITTER HEART GARLAND WITH BELLS ,-18
15505.0,DAIRY MAID TOASTRACK,-18
17576.0,FAIRY CAKE FLANNEL ASSORTED COLOUR,-18
13208.0,Manual,-18
13969.0,STAR DECORATION PAINTED ZINC ,-18
15038.0,VINTAGE RED ENAMEL TRIM MUG ,-18
14501.0,WHITE SPOT RED CERAMIC DRAWER KNOB,-18
15514.0,CHILDREN'S CIRCUS PARADE MUG,-18
15251.0,LARGE CERAMIC TOP STORAGE JAR,-18
13069.0,TOY TIDY PINK POLKADOT,-18
15681.0,PAPER CHAIN KIT VINTAGE CHRISTMAS,-18
14071.0,PARTY PIZZA DISH BLUE POLKADOT,-18
13094.0,WHITE HANGING HEART T-LIGHT HOLDER,-18
16321.0,PAPER BUNTING WHITE LACE,-18
16779.0,WHITE METAL LANTERN,-18
14071.0,PARTY PIZZA DISH RED RETROSPOT,-18
15823.0,COFFEE MUG APPLES DESIGN,-18
16923.0,PAPER CHAIN KIT VINTAGE CHRISTMAS,-18
16839.0,SET OF TEA COFFEE SUGAR TINS PANTRY,-18
14768.0,FAWN BLUE HOT WATER BOTTLE,-18
14745.0,SET OF 6 T-LIGHTS EASTER CHICKS,-18
14680.0,LUNCH BAG CARS BLUE,-18
13113.0,STRAWBERRY CHARLOTTE BAG,-18
17490.0,VINTAGE RED ENAMEL TRIM PLATE,-18
13314.0,DAIRY MAID TOASTRACK,-18
14606.0,TRAVEL CARD WALLET KEEP CALM,-18
15814.0,HOME SWEET HOME MUG,-18
15606.0,WHITE SKULL HOT WATER BOTTLE ,-18
16839.0,SCOTTIE DOG HOT WATER BOTTLE,-17
16133.0,CLASSIC CAFE SUGAR DISPENSER,-17
15728.0,CHOCOLATE HOT WATER BOTTLE,-17
17581.0,PINK NEW BAROQUECANDLESTICK CANDLE,-17
14410.0,SET OF 60 PANTRY DESIGN CAKE CASES ,-17
13090.0,COOKING SET RETROSPOT,-17
17511.0,STRAWBERRY CERAMIC TRINKET BOX,-17
13314.0,DANISH ROSE PHOTO FRAME,-17
13069.0,TOY TIDY SPACEBOY  ,-17
17567.0,HEART OF WICKER SMALL,-17
12753.0,FAIRY TALE COTTAGE NIGHT LIGHT,-17
12471.0,JAM JAR WITH PINK LID,-17
17340.0,HELLO SAILOR BLUE SOAP HOLDER,-16
15671.0,FRENCH STYLE STORAGE JAR BONBONS,-16
13798.0,HOT BATHS METAL SIGN,-16
12567.0,36 PENCILS TUBE RED RETROSPOT,-16
14620.0,DAIRY MAID STRIPE MUG,-16
15681.0,36 PENCILS TUBE RED RETROSPOT,-16
12753.0,36 PENCILS TUBE RED RETROSPOT,-16
12454.0,SET OF 3 REGENCY CAKE TINS,-16
12967.0,RED RETROSPOT CUP,-16
15066.0,36 PENCILS TUBE RED RETROSPOT,-16
13798.0,CERAMIC CAKE STAND + HANGING CAKES,-16
16303.0,36 PENCILS TUBE RED RETROSPOT,-16
16859.0,ZINC  STAR T-LIGHT HOLDER ,-16
13694.0,LARGE PINK GLASS SUNDAE DISH,-16
16303.0,36 PENCILS TUBE WOODLAND,-16
16817.0,HANGING SPRING FLOWER EGG LARGE,-16
15365.0,ASSORTED COLOUR BIRD ORNAMENT,-16
13458.0,LARGE POPCORN HOLDER ,-16
15093.0,REGENCY CAKESTAND 3 TIER,-16
16108.0,SET 40 HEART SHAPE PETIT FOUR CASES,-16
12546.0,36 PENCILS TUBE RED RETROSPOT,-16
16841.0,SQUARE CHERRY BLOSSOM CABINET,-16
17422.0,JIGSAW TOADSTOOLS 3 PIECE,-16
16416.0,I LOVE LONDON BEAKER,-16
13069.0,SMALL DOLLY MIX DESIGN ORANGE BOWL,-16
13069.0,SMALL MARSHMALLOWS PINK BOWL,-16
16717.0,COLOUR GLASS T-LIGHT HOLDER HANGING,-16
14096.0,CRUK Commission,-16
15223.0,COLOUR GLASS T-LIGHT HOLDER HANGING,-16
14952.0,PIGGY BANK RETROSPOT ,-16
17644.0,RETROSPOT CHILDRENS APRON,-16
12607.0,SET 36 COLOUR PENCILS DOLLY GIRL,-16
17671.0,VINTAGE RED ENAMEL TRIM JUG ,-16
16191.0,DECORATION  PINK CHICK MAGIC GARDEN,-16
17975.0,WOOD 2 DRAWER CABINET WHITE FINISH,-16
16863.0,ROSE FOLKART HEART DECORATIONS,-16
12607.0,SET 12 COLOUR PENCILS SPACEBOY ,-16
12626.0,JIGSAW TOADSTOOLS 3 PIECE,-16
16928.0,LARGE STRIPES CHOCOLATE GIFT BAG,-16
16191.0,BLACK AND WHITE DOG BOWL,-16
13113.0,REGENCY CAKESTAND 3 TIER,-16
17017.0,36 PENCILS TUBE RED RETROSPOT,-16
12536.0,JIGSAW TOADSTOOLS 3 PIECE,-16
12479.0,36 PENCILS TUBE RED RETROSPOT,-16
15606.0,ALARM CLOCK BAKELIKE PINK,-16
12479.0,36 PENCILS TUBE SKULLS,-16
13599.0,LARGE PINK GLASS SUNDAE DISH,-16
14586.0,FAIRY CAKES NOTEBOOK A7 SIZE,-16
15484.0,BALLOON PUMP WITH 10 BALLOONS,-16
12536.0,CACTI T-LIGHT CANDLES,-16
13881.0,SET OF 3 CAKE TINS PANTRY DESIGN ,-16
12471.0,SET OF 3 REGENCY CAKE TINS,-15
14733.0,SILVER HANGING T-LIGHT HOLDER,-15
14410.0,SET OF 60 I LOVE LONDON CAKE CASES ,-15
12753.0,MINI LIGHTS WOODLAND MUSHROOMS,-15
12967.0,RED RETROSPOT CHILDRENS UMBRELLA,-15
17368.0,BLUE ROSE PATCH PURSE PINK BUTTERFL,-15
14397.0,VICTORIAN GLASS HANGING T-LIGHT,-15
14680.0,CHARLOTTE BAG PINK POLKADOT,-15
17865.0,STRAWBERRY CERAMIC TRINKET POT,-15
14606.0,RED SPOT CERAMIC DRAWER KNOB,-15
14764.0,SMALL GLASS HEART TRINKET POT,-15
14156.0,GLASS HEART T-LIGHT HOLDER ,-15
16859.0,ZINC  HEART T-LIGHT HOLDER,-15
14688.0,CHARLOTTE BAG VINTAGE ALPHABET ,-15
13069.0,PAPER BUNTING COLOURED LACE,-15
13069.0,RECYCLING BAG RETROSPOT ,-15
12553.0,RETRO PLASTIC POLKA TRAY,-15
12980.0,SET OF 3 COLOURED  FLYING DUCKS,-15
14688.0,POPCORN HOLDER,-14
14688.0,JUMBO BAG APPLES,-14
14911.0,SET/5 RED RETROSPOT LID GLASS BOWLS,-14
14688.0,WOODLAND CHARLOTTE BAG,-14
13159.0,PARLOUR CERAMIC WALL HOOK,-14
14688.0,CHARLOTTE BAG SUKI DESIGN,-14
14688.0,JUMBO BAG STRAWBERRY,-14
17368.0,BLUE PATCH PURSE PINK HEART,-14
16626.0,DRAWER KNOB CRACKLE GLAZE IVORY,-14
14911.0,APRON APPLE DELIGHT,-14
17838.0,SET OF 3 WOODEN TREE DECORATIONS,-14
17315.0,DAIRY MAID STRIPE MUG,-14
14426.0,FELTCRAFT BUTTERFLY HEARTS,-14
13209.0,GLASS JAR PEACOCK BATH SALTS,-14
17423.0,3D CHRISTMAS STAMPS STICKERS ,-14
17109.0,BOUDOIR SQUARE TISSUE BOX,-14
14688.0,LUNCH BAG PINK POLKADOT,-14
12474.0,WOODEN OWLS LIGHT GARLAND ,-14
12481.0,BLUE POLKADOT COFFEE MUG,-14
16735.0,NATURAL SLATE RECTANGLE CHALKBOARD,-14
17850.0,WOODEN FRAME ANTIQUE WHITE ,-14
14911.0,RED DINER WALL CLOCK,-14
14680.0,RED DRAWER KNOB ACRYLIC EDWARDIAN,-14
17702.0,RETROSPOT TEA SET CERAMIC 11 PC ,-14
14680.0,CLEAR DRAWER KNOB ACRYLIC EDWARDIAN,-14
14543.0,MA CAMPAGNE CUTLERY BOX,-14
17658.0,PACK OF 6 PANETTONE GIFT BOXES,-14
13777.0,CERAMIC STRAWBERRY CAKE MONEY BANK,-13
12683.0,RUSTIC STRAWBERRY JAM POT SMALL,-13
16493.0,MULTICOLOUR HONEYCOMB FAN,-13
12583.0,POPCORN HOLDER,-13
17044.0,SILVER HANGING T-LIGHT HOLDER,-13
16394.0,TRAVEL CARD WALLET TRANSPORT,-13
13091.0,PINK DOUGHNUT TRINKET POT ,-13
12709.0,GLASS  BEURRE DISH,-13
16743.0,SWEETHEART CERAMIC TRINKET BOX,-13
14562.0,RECIPE BOX RETROSPOT ,-13
14339.0,KNICKERBOCKERGLORY MAGNET ASSORTED ,-13
14905.0,LARGE CIRCULAR MIRROR MOBILE,-13
12504.0,SWEETHEART 3 TIER CAKE STAND ,-13
13113.0,CHARLOTTE BAG PINK POLKADOT,-13
14911.0,CHRISTMAS LIGHTS 10 REINDEER,-13
17204.0,FRIDGE MAGNETS LES ENFANTS ASSORTED,-13
17306.0,SOLDIERS EGG CUP ,-13
12753.0,RED SPOTTY BISCUIT TIN,-13
15311.0,3 HOOK PHOTO SHELF ANTIQUE WHITE,-13
16983.0,PAINTED YELLOW WOODEN DAISY,-13
15625.0,POTTING SHED TEA MUG,-13
12504.0,CAKE STAND LOVEBIRD 2 TIER WHITE,-13
12504.0,CAKE STAND 3 TIER MAGIC GARDEN,-13
12352.0,PINK HEART SHAPE EGG FRYING PAN,-12
12352.0,CERAMIC HEART FAIRY CAKE MONEY BANK,-12
12352.0,CERAMIC CAKE DESIGN SPOTTED MUG,-12
12352.0,BLUE HARMONICA IN BOX ,-12
18223.0,JUMBO  BAG BAROQUE BLACK WHITE,-12
18218.0,HANGING SPRING FLOWER EGG LARGE,-12
14147.0,ROLL WRAP VINTAGE SPOT ,-12
14152.0,VINTAGE SNAP CARDS,-12
14149.0,SET/6 COLLAGE PAPER PLATES,-12
14149.0,CLOTHES PEGS RETROSPOT PACK 24 ,-12
18167.0,FELTCRAFT CHRISTMAS FAIRY,-12
18231.0,PINK CREAM FELT CRAFT TRINKET BOX ,-12
18274.0,SET 20 NAPKINS FAIRY CAKES DESIGN ,-12
18257.0,SET OF 4 PANTRY JELLY MOULDS,-12
18274.0,SWEETHEART CERAMIC TRINKET BOX,-12
12381.0,VINTAGE HEADS AND TAILS CARD GAME ,-12
18274.0,SET OF 36 PAISLEY FLOWER DOILIES,-12
18274.0,SET OF 72 PINK HEART PAPER DOILIES,-12
13408.0,GLASS JAR DIGESTIVE BISCUITS,-12
13394.0,ZINC METAL HEART DECORATION,-12
13394.0,VINTAGE BEAD PINK SCARF ,-12
16134.0,TEA BAG PLATE RED RETROSPOT,-12
16156.0,ZINC HEARTS PLANT POT HOLDER,-12
16156.0,BLACK PIRATE TREASURE CHEST,-12
12921.0,WOODEN SCHOOL COLOURING SET,-12
13418.0,HEN HOUSE DECORATION,-12
13418.0,DOORSTOP RETROSPOT HEART,-12
13408.0,RED  HARMONICA IN BOX ,-12
14948.0,RECIPE BOX PANTRY YELLOW DESIGN,-12
16186.0,PINK BLUE FELT CRAFT TRINKET BOX,-12
16201.0,DANISH ROSE DECORATIVE PLATE,-12
14229.0,20 DOLLY PEGS RETROSPOT,-12
14109.0,FLUTED ANTIQUE CANDLE HOLDER,-12
13448.0,HAND WARMER BIRD DESIGN,-12
14911.0,TRADITIONAL CHRISTMAS RIBBONS,-12
14911.0,SMALL SILVER TRELLIS CANDLEPOT,-12
13420.0,SET OF 36 PAISLEY FLOWER DOILIES,-12
13418.0,SEWING BOX RETROSPOT DESIGN ,-12
14267.0,JAM MAKING SET WITH JARS,-12
14267.0,JAM MAKING SET PRINTED,-12
14267.0,HOME SWEET HOME MUG,-12
12901.0,3 TIER CAKE TIN RED AND CREAM,-12
16252.0,RETRO COFFEE MUGS ASSORTED,-12
14911.0,SET OF 5 LUCKY CAT MAGNETS ,-12
16252.0,HEART FILIGREE DOVE LARGE,-12
16265.0,RETRO PLASTIC ELEPHANT TRAY,-12
16252.0,VINTAGE RED MUG,-12
14911.0,RED RETROSPOT PEG BAG,-12
14911.0,PINK POODLE HANGING DECORATION ,-12
14911.0,ROBIN CHRISTMAS CARD,-12
16283.0,PACK OF 12 CHRISTMAS FUN CARDS,-12
16321.0,PAPER BUNTING RETROSPOT,-12
16306.0,BAG 500g SWIRLY MARBLES,-12
15048.0,PACK OF 12 LONDON TISSUES ,-12
12949.0,VICTORIAN GLASS HANGING T-LIGHT,-12
16389.0,SILVER HANGING T-LIGHT HOLDER,-12
16393.0,SET OF SALT AND PEPPER TOADSTOOLS,-12
16394.0,TOTE BAG I LOVE LONDON,-12
13496.0,NATURAL SLATE HEART CHALKBOARD ,-12
14911.0,PEG BAG APPLES DESIGN,-12
13481.0,SOLDIERS EGG CUP ,-12
16422.0,HANGING METAL STAR LANTERN,-12
12802.0,ASS FLORAL PRINT MULTI SCREWDRIVER,-12
16057.0,POTTERING MUG,-12
15039.0,PICTURE FRAME WOOD TRIPLE PORTRAIT,-12
12797.0,VINTAGE HEADS AND TAILS CARD GAME ,-12
12797.0,TRADITIONAL WOODEN SKIPPING ROPE,-12
12797.0,TRADITIONAL WOODEN CATCH CUP GAME ,-12
12782.0,JAM MAKING SET WITH JARS,-12
16474.0,SKULLS  DESIGN  COTTON TOTE BAG,-12
16525.0,LOVEBIRD HANGING DECORATION WHITE ,-12
14911.0,IVORY REFECTORY CLOCK,-12
14911.0,PACK OF 20 NAPKINS PANTRY DESIGN,-12
14911.0,MEDIUM CERAMIC TOP STORAGE JAR,-12
14911.0,MAGIC GARDEN FELT GARLAND ,-12
13500.0,STAR WREATH DECORATION WITH BELL,-12
13500.0,HEART WREATH DECORATION WITH BELL,-12
12757.0,ASSORTED TUTTI FRUTTI MIRROR,-12
12753.0,SET 3 PAPER VINTAGE CHICK PAPER EGG,-12
16525.0,PHOTO FRAME 3 CLASSIC HANGING,-12
14911.0,BLUE DINER WALL CLOCK,-12
14911.0,DAISY HAIR BAND,-12
16554.0,HOME GARLAND PAINTED ZINC ,-12
16554.0,HEART WREATH DECORATION WITH BELL,-12
16570.0,HANGING HEART ZINC T-LIGHT HOLDER,-12
16602.0,SET OF SALT AND PEPPER TOADSTOOLS,-12
16579.0,PINK FOXGLOVE ARTIIFCIAL FLOWER,-12
13534.0,JUMBO BAG RED RETROSPOT,-12
16637.0,CHRISTMAS TREE HANGING GOLD,-12
16637.0,CHERUB HEART DECORATION SILVER ,-12
16637.0,CHERUB HEART DECORATION GOLD,-12
16656.0,GARDEN METAL SIGN ,-12
16670.0,SET OF SALT AND PEPPER TOADSTOOLS,-12
13587.0,CABIN BAG VINTAGE PAISLEY,-12
14895.0,ROCKING HORSE RED CHRISTMAS ,-12
12748.0,SINGLE WIRE HOOK PINK HEART,-12
16689.0,GLITTER STAR GARLAND WITH BELLS ,-12
15073.0,FINE WICKER HEART ,-12
13364.0,DRAWER KNOB VINTAGE GLASS STAR,-12
15073.0,SINGLE WIRE HOOK IVORY HEART,-12
15073.0,SET OF 10 LED DOLLY LIGHTS,-12
15073.0,FRENCH TOILET SIGN BLUE METAL,-12
16019.0,WHITE ROCKING HORSE HAND PAINTED,-12
14829.0,FRENCH BLUE METAL DOOR SIGN No,-12
14849.0,SET OF 20 VINTAGE CHRISTMAS NAPKINS,-12
14205.0,SET OF 72 RETROSPOT PAPER  DOILIES,-12
14205.0,SET OF 3 HEART COOKIE CUTTERS,-12
14205.0,SET OF 3 BUTTERFLY COOKIE CUTTERS,-12
14235.0,RETROSPOT LARGE MILK JUG,-12
14776.0,CHILDS GARDEN FORK PINK,-12
14776.0,CHILDS GARDEN FORK BLUE ,-12
16701.0,DAIRY MAID TOASTRACK,-12
15073.0,FRENCH KITCHEN SIGN BLUE METAL,-12
15073.0,FRENCH GARDEN SIGN BLUE METAL,-12
15073.0,FRENCH BLUE METAL DOOR SIGN No,-12
13364.0,BLUE STRIPE CERAMIC DRAWER KNOB,-12
13364.0,BLUE DRAWER KNOB ACRYLIC EDWARDIAN,-12
15073.0,TRIPLE WIRE HOOK IVORY HEART,-12
13004.0,CARD CHRISTMAS VILLAGE,-12
12727.0,HANGING HEART JAR T-LIGHT HOLDER,-12
16717.0,HANGING JAM JAR T-LIGHT HOLDER,-12
16717.0,FRENCH KITCHEN SIGN BLUE METAL,-12
16717.0,FRENCH BATHROOM SIGN BLUE METAL,-12
16717.0,SMALL RED RETROSPOT WINDMILL,-12
13659.0,ASSORTED TUTTI FRUTTI PEN,-12
15841.0,ENAMEL BLUE RIM COFFEE CONTAINER,-12
13012.0,SET OF 4 PANTRY JELLY MOULDS,-12
13012.0,PLEASE ONE PERSON METAL SIGN,-12
13012.0,PACK OF 6 SANDCASTLE FLAGS ASSORTED,-12
13012.0,NATURAL SLATE RECTANGLE CHALKBOARD,-12
13012.0,I CAN ONLY PLEASE ONE PERSON MUG,-12
13012.0,GIN + TONIC DIET METAL SIGN,-12
13012.0,BAG 125g SWIRLY MARBLES,-12
15881.0,HOMEMADE JAM SCENTED CANDLES,-12
14735.0,SET OF 4 PANTRY JELLY MOULDS,-12
14735.0,REVOLVER WOODEN RULER ,-12
14735.0,PANTRY SCRUBBING BRUSH,-12
16770.0,HAND WARMER OWL DESIGN,-12
16779.0,HEART CALCULATOR,-12
16801.0,CHOCOLATE THIS WAY METAL SIGN,-12
12709.0,3 TRADITIONAl BISCUIT CUTTERS  SET,-12
13329.0,PAPER CHAIN KIT VINTAGE CHRISTMAS,-12
13327.0,RETRO PLASTIC ELEPHANT TRAY,-12
13320.0,EASTER CRAFT 4 CHICKS ,-12
13320.0,CHRISTMAS STAR WISH LIST CHALKBOARD,-12
15125.0,WALL ART DOG LICENCE ,-12
13012.0,YOU'RE CONFUSING ME METAL SIGN ,-12
13012.0,SWEETHEART CERAMIC TRINKET BOX,-12
16801.0,POTTING SHED TEA MUG,-12
13668.0,RED SPOT CERAMIC DRAWER KNOB,-12
14735.0,PANTRY PASTRY BRUSH,-12
14735.0,JAM MAKING SET PRINTED,-12
14735.0,GIRAFFE WOODEN RULER,-12
16801.0,PANTRY WASHING UP BRUSH,-12
16801.0,PANTRY SCRUBBING BRUSH,-12
16801.0,MAN FLU METAL SIGN,-12
16801.0,IF YOU CAN'T STAND THE HEAT MUG,-12
16801.0,HOME SWEET HOME MUG,-12
16817.0,JIGSAW TREE WITH WATERING CAN,-12
16817.0,JIGSAW RABBIT AND BIRDHOUSE,-12
14320.0,WOODEN SCHOOL COLOURING SET,-12
13026.0,MODERN FLORAL STATIONERY SET,-12
13021.0,RETROSPOT CANDLE  SMALL,-12
15823.0,RED RETROSPOT TISSUE BOX,-12
15823.0,MOTORING TISSUE BOX,-12
14102.0,CUPCAKE LACE PAPER SET 6,-12
14286.0,CHRISTMAS CARD SINGING ANGEL,-12
14320.0,VINTAGE HEADS AND TAILS CARD GAME ,-12
14320.0,SET OF 72 RETROSPOT PAPER  DOILIES,-12
16839.0,IVORY WICKER HEART MEDIUM,-12
16839.0,ASSORTED BOTTLE TOP  MAGNETS ,-12
16839.0,36 DOILIES VINTAGE CHRISTMAS,-12
14304.0,RED  HARMONICA IN BOX ,-12
14320.0,SET OF 36 PAISLEY FLOWER DOILIES,-12
14320.0,RED RETROSPOT TAPE,-12
14320.0,CLOTHES PEGS RETROSPOT PACK 24 ,-12
14304.0,CHOCOLATE BOX RIBBONS ,-12
15823.0,GREY HEART HOT WATER BOTTLE,-12
15823.0,FOUR HOOK  WHITE LOVEBIRDS,-12
13035.0,CHRISTMAS CRAFT LITTLE FRIENDS,-12
12678.0,SET OF 3 HEART COOKIE CUTTERS,-12
12678.0,3 TRADITIONAl BISCUIT CUTTERS  SET,-12
16859.0,T-LIGHT GLASS FLUTED ANTIQUE,-12
16859.0,SINGLE HEART ZINC T-LIGHT HOLDER,-12
12668.0,SET OF 4 PANTRY JELLY MOULDS,-12
12668.0,ROUND CONTAINER SET OF 5 RETROSPOT,-12
12662.0,JIGSAW TREE WITH BIRDHOUSE,-12
16918.0,CUPCAKE LACE PAPER SET 6,-12
16912.0,SILVER MUG BONE CHINA TREE OF LIFE,-12
12657.0,SET OF 6 T-LIGHTS SANTA,-12
12657.0,GIANT 50'S CHRISTMAS CRACKER,-12
16923.0,FELTCRAFT CHRISTMAS FAIRY,-12
12645.0,PLASTERS IN TIN SKULLS,-12
16951.0,BOHEMIAN COLLAGE STATIONERY SET,-12
15159.0,RETRO PLASTIC POLKA TRAY,-12
15159.0,RETRO PLASTIC ELEPHANT TRAY,-12
15159.0,RECTANGULAR SHAPED MIRROR,-12
15809.0,FLORAL FOLK STATIONERY SET,-12
15809.0,CLASSIC CHROME BICYCLE BELL ,-12
12626.0,RED TOADSTOOL LED NIGHT LIGHT,-12
12626.0,PENNY FARTHING BIRTHDAY CARD,-12
14146.0,6 RIBBONS SHIMMERING PINKS ,-12
14146.0,6 RIBBONS RUSTIC CHARM,-12
14146.0,6 RIBBONS ELEGANT CHRISTMAS ,-12
14141.0,SET OF 3 WOODEN HEART DECORATIONS,-12
14194.0,JAM JAR WITH GREEN LID,-12
14201.0,GOLDIE LOOKING MIRROR,-12
14112.0,VINTAGE CHRISTMAS GIFT BAG LARGE ,-12
17035.0,RETRO PLASTIC ELEPHANT TRAY,-12
17035.0,RETRO PLASTIC DAISY TRAY,-12
12621.0,RETRO PLASTIC ELEPHANT TRAY,-12
15786.0,MULTI COLOUR SILVER T-LIGHT HOLDER,-12
15804.0,VICTORIAN GLASS HANGING T-LIGHT,-12
15804.0,RUSTIC STRAWBERRY JAM POT LARGE ,-12
15157.0,DECORATION WOBBLY CHICKEN,-12
12613.0,RETRO PLASTIC ELEPHANT TRAY,-12
14665.0,PLEASE ONE PERSON METAL SIGN,-12
14665.0,PACK 3 BOXES CHRISTMAS PANNETONE,-12
12613.0,MINI PAINT SET VINTAGE ,-12
12610.0,PACK OF 6 SKULL PAPER CUPS,-12
12607.0,TRADITIONAL WOODEN SKIPPING ROPE,-12
12607.0,TEA PARTY BIRTHDAY CARD,-12
12607.0,SWEETHEART CERAMIC TRINKET BOX,-12
12607.0,STRAWBERRY CERAMIC TRINKET BOX,-12
12607.0,SPACEBOY BIRTHDAY CARD,-12
12607.0,SMALL CERAMIC TOP STORAGE JAR ,-12
15187.0,MULTICOLOUR 3D BALLS GARLAND,-12
15194.0,HAND WARMER OWL DESIGN,-12
15755.0,PACK OF 12 VINTAGE DOILY TISSUES,-12
14665.0,SWEETHEART CERAMIC TRINKET BOX,-12
14665.0,STRAWBERRY CERAMIC TRINKET BOX,-12
12607.0,SET OF 72 RETROSPOT PAPER  DOILIES,-12
12607.0,SET OF 5 PANCAKE DAY MAGNETS,-12
12607.0,SET OF 5 MINI GROCERY MAGNETS,-12
12607.0,SET OF 36 TEATIME PAPER DOILIES,-12
12607.0,SET OF 36 PAISLEY FLOWER DOILIES,-12
12607.0,ROLL WRAP VINTAGE CHRISTMAS,-12
12607.0,ROLL WRAP 50'S CHRISTMAS,-12
13314.0,ENGLISH ROSE GARDEN SECATEURS,-12
15220.0,BAG 125g SWIRLY MARBLES,-12
13284.0,GIN & TONIC DIET GREETING CARD ,-12
14640.0,SET OF 3 NOTEBOOKS IN PARCEL,-12
14665.0,HAND WARMER UNION JACK,-12
14665.0,HAND WARMER OWL DESIGN,-12
14665.0,GIN + TONIC DIET METAL SIGN,-12
14665.0,COOK WITH WINE METAL SIGN ,-12
14665.0,CHOCOLATE THIS WAY METAL SIGN,-12
12607.0,RED STRIPE CERAMIC DRAWER KNOB,-12
12607.0,RED SPOT CERAMIC DRAWER KNOB,-12
12607.0,RED  HARMONICA IN BOX ,-12
12607.0,PLASTERS IN TIN SPACEBOY,-12
15681.0,SOAP DISH BROCANTE,-12
15706.0,VINTAGE UNION JACK PENNANT,-12
13069.0,SMALL WHITE HEART OF WICKER,-12
13069.0,RED RETROSPOT BOWL,-12
13069.0,RED POLKADOT BEAKER ,-12
15201.0,COTTON APRON PANTRY DESIGN,-12
15197.0,SET/4 WHITE RETRO STORAGE CUBES ,-12
12607.0,PARTY INVITES WOODLAND,-12
12607.0,PARTY INVITES DINOSAURS,-12
12607.0,MEDIUM CERAMIC TOP STORAGE JAR,-12
12607.0,MAGNETS PACK OF 4 CHILDHOOD MEMORY,-12
12607.0,LARGE CERAMIC TOP STORAGE JAR,-12
12607.0,FRIDGE MAGNETS US DINER ASSORTED,-12
17211.0,VICTORIAN GLASS HANGING T-LIGHT,-12
17204.0,SET 3 SONG BIRD PAPER EGGS ASSORTED,-12
17204.0,SET 3 PAPER VINTAGE CHICK PAPER EGG,-12
12607.0,CUPCAKE LACE PAPER SET 6,-12
12607.0,CHILDRENS DOLLY GIRL MUG,-12
12607.0,CHILDREN'S SPACEBOY MUG,-12
12607.0,CERAMIC CAKE DESIGN SPOTTED MUG,-12
12607.0,CARD DOLLY GIRL ,-12
12607.0,CARD CHRISTMAS VILLAGE,-12
14640.0,REINDEER HEART DECORATION SILVER,-12
13078.0,"GREETING CARD, STICKY GORDON",-12
15681.0,SET OF 6 RIBBONS VINTAGE CHRISTMAS,-12
15681.0,RABBIT NIGHT LIGHT,-12
15681.0,HOME SWEET HOME CUSHION COVER ,-12
15694.0,SET OF 3 BLACK FLYING DUCKS,-12
14626.0,I CAN ONLY PLEASE ONE PERSON MUG,-12
12607.0,CARD BILLBOARD FONT,-12
12607.0,BLUE STRIPE CERAMIC DRAWER KNOB,-12
13271.0,PACK OF 12 SPACEBOY TISSUES,-12
13271.0,PACK OF 12 LONDON TISSUES ,-12
13271.0,PACK OF 12 CIRCUS PARADE TISSUES ,-12
15223.0,VICTORIAN GLASS HANGING T-LIGHT,-12
15223.0,PARTY METAL SIGN ,-12
15249.0,POTTING SHED TEA MUG,-12
15674.0,ZINC WILLIE WINKIE  CANDLE STICK,-12
15674.0,SMALL POPCORN HOLDER,-12
15674.0,SET OF 36 PAISLEY FLOWER DOILIES,-12
12607.0,6 GIFT TAGS VINTAGE CHRISTMAS ,-12
12607.0,6 GIFT TAGS 50'S CHRISTMAS ,-12
12607.0,36 DOILIES DOLLY GIRL,-12
17340.0,SILVER HANGING T-LIGHT HOLDER,-12
12597.0,PLASTERS IN TIN WOODLAND ANIMALS,-12
12597.0,PLASTERS IN TIN SKULLS,-12
12597.0,MILK MAIDS MUG ,-12
17346.0,RED RETROSPOT PLATE ,-12
12567.0,SET/6 COLLAGE PAPER PLATES,-12
17389.0,Manual,-12
17416.0,FAIRY CAKE BIRTHDAY CANDLE SET,-12
12558.0,VINTAGE KID DOLLY CARD ,-12
12558.0,TEA PARTY BIRTHDAY CARD,-12
13271.0,CHRISTMAS METAL POSTCARD WITH BELLS,-12
15290.0,SET OF 3 BUTTERFLY COOKIE CUTTERS,-12
15289.0,NO JUNK MAIL METAL SIGN,-12
13085.0,FELTCRAFT BUTTERFLY HEARTS,-12
12558.0,ELEPHANT BIRTHDAY CARD ,-12
12558.0,CARD DOLLY GIRL ,-12
12553.0,RETRO PLASTIC ELEPHANT TRAY,-12
12553.0,PLASTERS IN TIN CIRCUS PARADE ,-12
17426.0,SET OF 4 PANTRY JELLY MOULDS,-12
14175.0,KITCHEN METAL SIGN,-12
14606.0,BLUE STRIPE CERAMIC DRAWER KNOB,-12
14175.0,BATHROOM METAL SIGN,-12
14175.0,TOILET METAL SIGN,-12
14146.0,BUTTERFLIES STICKERS,-12
14146.0,ANTIQUE SILVER TEA GLASS ETCHED,-12
12536.0,HI TEC ALPINE HAND WARMER,-12
13089.0,SET/4 WHITE RETRO STORAGE CUBES ,-12
15632.0,VINTAGE RED ENAMEL TRIM MUG ,-12
12536.0,GLAMOROUS  MUG,-12
12536.0,DANISH ROSE DELUXE COASTER,-12
12536.0,DANISH ROSE DECORATIVE PLATE,-12
12517.0,PLASTERS IN TIN WOODLAND ANIMALS,-12
17460.0,WHITE HANGING HEART T-LIGHT HOLDER,-12
17460.0,VINTAGE  2 METER FOLDING RULER,-12
17460.0,HAND WARMER OWL DESIGN,-12
17460.0,HAND WARMER BIRD DESIGN,-12
17451.0,SKETCHBOOK MAGNETIC SHOPPING LIST,-12
17490.0,ZINC FOLKART SLEIGH BELLS,-12
14562.0,HERB MARKER CHIVES ,-12
14562.0,HERB MARKER BASIL,-12
14562.0,SET 6 PAPER TABLE LANTERN STARS ,-12
14562.0,SET 6 PAPER TABLE LANTERN HEARTS ,-12
13829.0,NOVELTY BISCUITS CAKE STAND 3 TIER,-12
12501.0,SET 12 KIDS COLOUR  CHALK STICKS,-12
12501.0,SET 12 KIDS  WHITE CHALK STICKS,-12
17504.0,SET/20 RED RETROSPOT PAPER NAPKINS ,-12
15311.0,VINTAGE CREAM DOG FOOD CONTAINER,-12
15322.0,SET OF 2 CERAMIC CHRISTMAS REINDEER,-12
15322.0,RETRO PLASTIC ELEPHANT TRAY,-12
12477.0,RED STRIPE CERAMIC DRAWER KNOB,-12
12476.0,PLASTERS IN TIN STRONGMAN,-12
12476.0,PLASTERS IN TIN CIRCUS PARADE ,-12
17548.0,PLASTERS IN TIN VINTAGE PAISLEY ,-12
17548.0,PLASTERS IN TIN CIRCUS PARADE ,-12
17548.0,CHICK GREY HOT WATER BOTTLE,-12
17576.0,3 ROSE MORRIS BOXED CANDLES,-12
14557.0,JAM MAKING SET WITH JARS,-12
15358.0,GIFT BAG PSYCHEDELIC APPLES,-12
15618.0,HANGING QUILTED PATCHWORK APPLES,-12
15622.0,BOX OF 6 CHRISTMAS CAKE DECORATIONS,-12
15620.0,SMALL SKULL WINDMILL,-12
14562.0,HERB MARKER THYME,-12
14562.0,HERB MARKER ROSEMARY,-12
14562.0,HERB MARKER PARSLEY,-12
14562.0,HERB MARKER MINT,-12
17584.0,SET OF 3 WOODEN HEART DECORATIONS,-12
17612.0,SET/6 FRUIT SALAD PAPER CUPS,-12
17644.0,RED RETROSPOT SHOPPING BAG,-12
12474.0,PLASTERS IN TIN CIRCUS PARADE ,-12
17652.0,WINE BOTTLE DRESSING DARK BLUE,-12
12474.0,BIRD DECORATION GREEN POLKADOT,-12
12473.0,PACK OF 20 NAPKINS PANTRY DESIGN,-12
14546.0,ANTIQUE SILVER T-LIGHT GLASS,-12
15365.0,SET OF 20 KIDS COOKIE CUTTERS,-12
15365.0,RED  HARMONICA IN BOX ,-12
15365.0,PACK OF 6 LARGE FRUIT STRAWS ,-12
15606.0,RED TOADSTOOL LED NIGHT LIGHT,-12
15606.0,ALARM CLOCK BAKELIKE CHOCOLATE,-12
15618.0,NATURAL HANGING QUILTED HEARTS ,-12
13883.0,SET OF 6 T-LIGHTS SANTA,-12
13883.0,PANTRY PASTRY BRUSH,-12
17671.0,SET/6 COLLAGE PAPER PLATES,-12
17675.0,I'M ON HOLIDAY METAL SIGN,-12
17672.0,PACK OF 6 SWEETIE GIFT BOXES,-12
14534.0,JAM JAR WITH PINK LID,-12
14534.0,JAM JAR WITH GREEN LID,-12
13958.0,KINGS CHOICE GIANT TUBE MATCHES,-12
14525.0,Manual,-12
17716.0,DOG BOWL CHASING BALL DESIGN,-12
15521.0,PACK OF 12 COLOURED PENCILS,-12
15535.0,ROSE 1 WICK MORRIS BOXED CANDLE,-12
13186.0,NO SINGING METAL SIGN,-12
17706.0,VINTAGE COFFEE GRINDER BOX,-12
17706.0,SET OF 4 KNICK KNACK TINS DOILEY ,-12
17706.0,MIRROR MOSAIC T-LIGHT HOLDER ROUND,-12
17706.0,BEWARE OF THE CAT METAL SIGN ,-12
17722.0,METAL SIGN HIS DINNER IS SERVED,-12
17716.0,VINTAGE RED TRIM ENAMEL BOWL ,-12
17716.0,SOLDIERS EGG CUP ,-12
14146.0,PINK CREAM FELT CRAFT TRINKET BOX ,-12
14146.0,PINK BLUE FELT CRAFT TRINKET BOX,-12
14146.0,MULTI COLOUR SILVER T-LIGHT HOLDER,-12
14146.0,MAGNETS PACK OF 4 SWALLOWS,-12
14146.0,LOVEBIRD HANGING DECORATION WHITE ,-12
14146.0,LARGE HANGING IVORY & RED WOOD BIRD,-12
15365.0,SET OF 3 BUTTERFLY COOKIE CUTTERS,-12
15521.0,TRADITIONAL WOODEN SKIPPING ROPE,-12
15521.0,RED TOADSTOOL LED NIGHT LIGHT,-12
15521.0,RED  HARMONICA IN BOX ,-12
14071.0,JIGSAW TREE WITH BIRDHOUSE,-12
14060.0,CARD CAT AND TREE ,-12
14286.0,ENVELOPE 50 BLOSSOM IMAGES,-12
13969.0,NOEL GARLAND PAINTED ZINC ,-12
14462.0,SPRIG LAVENDER ARTIFICIAL FLOWER,-12
14462.0,ASSTD FRUIT+FLOWERS FRIDGE MAGNETS,-12
14460.0,CURIOUS  IMAGES NOTEBOOK SET,-12
14146.0,HEARTS  STICKERS,-12
14146.0,GIN AND TONIC MUG,-12
12471.0,STRAWBERRY CERAMIC TRINKET BOX,-12
17731.0,RABBIT NIGHT LIGHT,-12
17731.0,PARTY CONES CANDY ASSORTED,-12
15513.0,REGENCY TEA PLATE ROSES ,-12
13102.0,LUNCH BOX I LOVE LONDON,-12
15365.0,JAM MAKING SET PRINTED,-12
14426.0,"FANCY FONT BIRTHDAY CARD, ",-12
14426.0,EMPIRE BIRTHDAY CARD,-12
14426.0,WOOD BLACK BOARD ANT WHITE FINISH,-12
14426.0,STRAWBERRY CERAMIC TRINKET BOX,-12
14426.0,SET OF 9 HEART SHAPED BALLOONS,-12
14426.0,RING OF ROSES BIRTHDAY CARD,-12
17731.0,HOMEMADE JAM SCENTED CANDLES,-12
17811.0,ENAMEL FLOWER JUG CREAM,-12
12471.0,I LOVE LONDON BEAKER,-12
17838.0,SET OF 3 WOODEN STOCKING DECORATION,-12
17838.0,SET OF 3 WOODEN HEART DECORATIONS,-12
17838.0,POTTERING MUG,-12
14426.0,RED LOVE HEART SHAPE CUP,-12
15502.0,TEA TIME DES TEA COSY,-12
15502.0,SET OF 5 PANCAKE DAY MAGNETS,-12
15502.0,SET OF 5 LUCKY CAT MAGNETS ,-12
15502.0,SET OF 4 JAM JAR MAGNETS,-12
15502.0,REGENCY CAKE FORK,-12
15514.0,CIRCUS PARADE CHILDRENS EGG CUP ,-12
15392.0,SET OF 3 NOTEBOOKS IN PARCEL,-12
14426.0,RAINY LADIES BIRTHDAY CARD,-12
14426.0,HANGING METAL HEART LANTERN,-12
14350.0,PINK METAL CHICKEN HEART ,-12
14367.0,WHITE HANGING HEART T-LIGHT HOLDER,-12
17841.0,BLUE/CREAM STRIPE CUSHION COVER ,-12
12463.0,HENRIETTA HEN MUG ,-12
12454.0,3 DRAWER ANTIQUE WHITE WOOD CABINET,-12
13995.0,RETRO PLASTIC ELEPHANT TRAY,-12
13126.0,SILVER ROCOCO CANDLE STICK,-12
13121.0,SKULLS DESIGN FLANNEL,-12
15502.0,HAND WARMER BIRD DESIGN,-12
15502.0,CIRCUS PARADE LUNCH BOX ,-12
13988.0,HAND WARMER BIRD DESIGN,-12
14426.0,"ELEPHANT, BIRTHDAY CARD, ",-12
14426.0,CERAMIC LOVE HEART MONEY BANK,-12
14426.0,CARD CAT AND TREE ,-12
14426.0,CARD BIRTHDAY COWBOY,-12
14426.0,BOTANICAL LAVENDER BIRTHDAY CARD,-12
14426.0,BEACH HUT DESIGN BLACKBOARD,-12
14426.0,BANQUET BIRTHDAY  CARD  ,-12
17874.0,TOTE BAG I LOVE LONDON,-12
17865.0,VINTAGE UNION JACK BUNTING,-12
12423.0,12 PENCILS TALL TUBE WOODLAND,-12
17900.0,RED/CREAM STRIPE CUSHION COVER ,-12
17888.0,REVOLVER WOODEN RULER ,-12
17888.0,"FEATHER PEN,LIGHT PINK",-12
17888.0,"FEATHER PEN,COAL BLACK",-12
14032.0,SET OF 5 MINI GROCERY MAGNETS,-12
14410.0,EASTER TIN BUNNY BOUQUET,-12
14410.0,Manual,-12
13118.0,PINK DIAMANTE PEN IN GIFT BOX,-12
15502.0,LUNCH BOX I LOVE LONDON,-12
18072.0,FRENCH PAISLEY CUSHION COVER,-12
18072.0,FRENCH LATTICE CUSHION COVER ,-12
18072.0,FRENCH FLORAL CUSHION COVER ,-12
18072.0,CURIOUS IMAGES GIFT WRAP SET,-12
18072.0,CLEAR DRAWER KNOB ACRYLIC EDWARDIAN,-12
18072.0,BLUE SPOT CERAMIC DRAWER KNOB,-12
18072.0,YULETIDE IMAGES GIFT WRAP SET,-12
14146.0,SCANDINAVIAN REDS RIBBONS,-12
18087.0,CHRISTMAS RETROSPOT STAR WOOD,-12
18141.0,NATURAL SLATE HEART CHALKBOARD ,-12
18072.0,WOOD STAMP SET THANK YOU,-12
18072.0,WOOD STAMP SET HAPPY BIRTHDAY,-12
18230.0,PHARMACIE FIRST AID TIN,-12
18257.0,BAKING MOULD EASTER EGG MILK CHOC,-12
18256.0,CHRISTMAS RETROSPOT STAR WOOD,-12
18072.0,WHITE SPOT RED CERAMIC DRAWER KNOB,-12
18072.0,RED SPOT CERAMIC DRAWER KNOB,-12
18072.0,MIRRORED WALL ART SNOWFLAKES,-12
18256.0,CHRISTMAS RETROSPOT TREE WOOD,-11
15429.0,PACK OF 12 CHRISTMAS FUN CARDS,-11
15406.0,BLUE POT PLANT CANDLE ,-11
13534.0,JUMBO BAG SCANDINAVIAN BLUE PAISLEY,-11
16859.0,EMBOSSED GLASS TEALIGHT HOLDER,-11
14475.0,TRIPLE PHOTO FRAME CORNICE ,-11
14688.0,JUMBO STORAGE BAG SUKI,-11
14397.0,ZINC T-LIGHT HOLDER STARS SMALL,-11
15606.0,SMALL WHITE HEART OF WICKER,-11
15606.0,RECIPE BOX PANTRY YELLOW DESIGN,-11
13969.0,CHRISTMAS HANGING STAR WITH BELL,-11
15606.0,ALARM CLOCK BAKELIKE IVORY,-11
16859.0,HANGING HEART JAR T-LIGHT HOLDER,-11
16859.0,CINAMMON SET OF 9 T-LIGHTS,-11
16839.0,SMALL WHITE HEART OF WICKER,-11
16859.0,ANTIQUE SILVER T-LIGHT GLASS,-11
16073.0,GLASS JAR ENGLISH CONFECTIONERY,-11
13282.0,ALARM CLOCK BAKELIKE CHOCOLATE,-11
13735.0,36 PENCILS TUBE RED RETROSPOT,-11
15021.0,10 COLOUR SPACEBOY PEN,-11
13081.0,OVEN MITT APPLES DESIGN,-11
17644.0,HEART OF WICKER SMALL,-11
13767.0,PAPER BUNTING WHITE LACE,-11
16133.0,ZINC FOLKART SLEIGH BELLS,-11
15311.0,VICTORIAN SEWING BOX LARGE,-11
12841.0,PARTY BUNTING,-11
17602.0,LARGE CIRCULAR MIRROR MOBILE,-11
12626.0,CHILDS BREAKFAST SET SPACEBOY ,-11
12472.0,6 RIBBONS RUSTIC CHARM,-11
14157.0,"FOLK ART GREETING CARD,pack/12",-11
12517.0,PLASTERS IN TIN SPACEBOY,-11
13767.0,SMALL GLASS HEART TRINKET POT,-11
15810.0,LUNCH BAG SPACEBOY DESIGN ,-11
15810.0,LUNCH BAG PINK POLKADOT,-11
15804.0,HANGING QUILTED PATCHWORK APPLES,-11
12507.0,JAM MAKING SET WITH JARS,-11
13113.0,LUNCH BAG RED RETROSPOT,-11
13113.0,RED RETROSPOT PICNIC BAG,-11
12454.0,CINDERELLA CHANDELIER ,-10
14292.0,JUMBO BAG DOILEY PATTERNS,-10
13680.0,JUMBO BAG OWLS,-10
14426.0,RIBBON REEL STRIPES DESIGN ,-10
15549.0,RED RETROSPOT STORAGE JAR,-10
15521.0,JUMBO BAG ALPHABET,-10
15521.0,JUMBO BAG VINTAGE DOILY ,-10
14911.0,BLACK DIAMANTE EXPANDABLE RING,-10
16525.0,DOORMAT TOPIARY,-10
16525.0,DOORMAT RED RETROSPOT,-10
15365.0,LUNCH BAG RED RETROSPOT,-10
15365.0,LUNCH BAG SUKI DESIGN ,-10
16652.0,DOORMAT RED RETROSPOT,-10
14800.0,CHRISTMAS LIGHTS 10 REINDEER,-10
13577.0,RED RETROSPOT CHARLOTTE BAG,-10
17888.0,10 COLOUR SPACEBOY PEN,-10
18248.0,SMALL GLASS HEART TRINKET POT,-10
17841.0,SET OF 3 WOODEN HEART DECORATIONS,-10
16648.0,PLASTERS IN TIN SKULLS,-10
13599.0,SMALL GLASS HEART TRINKET POT,-10
13577.0,JUMBO BAG RED RETROSPOT,-10
16525.0,RED RETROSPOT OVEN GLOVE ,-10
14702.0,SET OF 4 KNICK KNACK TINS DOILY ,-10
14808.0,CHARLOTTE BAG DOLLY GIRL DESIGN,-10
14776.0,TOY TIDY DOLLY GIRL DESIGN,-10
14146.0,TRAVEL SEWING KIT,-10
16859.0,ORANGE SCENTED SET/9 T-LIGHTS,-10
12683.0,CHILDREN'S SPACEBOY MUG,-10
12657.0,REGENCY CAKESTAND 3 TIER,-10
17702.0,LUNCH BAG CARS BLUE,-10
12471.0,SKETCHBOOK MAGNETIC SHOPPING LIST,-10
13246.0,WOODLAND CHARLOTTE BAG,-10
15606.0,JAM MAKING SET WITH JARS,-10
13969.0,MUSICAL ZINC HEART DECORATION ,-10
15365.0,LUNCH BAG  BLACK SKULL.,-10
14911.0,CHRISTMAS LIGHTS 10 SANTAS ,-10
14911.0,BLUE BLOSSOM HAIR CLIP,-10
14692.0,REX CASH+CARRY JUMBO SHOPPER,-10
16839.0,JAM MAKING SET WITH JARS,-10
17811.0,JAM MAKING SET PRINTED,-10
16496.0,LUNCH BAG PINK POLKADOT,-10
16496.0,JUMBO BAG PINK POLKADOT,-10
13680.0,SMALL POPCORN HOLDER,-10
16923.0,FELTCRAFT 6 FLOWER FRIENDS,-10
12633.0,JUMBO BAG PEARS,-10
16923.0,CHRISTMAS CRAFT WHITE FAIRY ,-10
14665.0,LUNCH BAG ALPHABET DESIGN,-10
17017.0,JAM MAKING SET WITH JARS,-10
17007.0,T-LIGHT GLASS FLUTED ANTIQUE,-10
16859.0,ZINC T-LIGHT HOLDER STAR LARGE,-10
12472.0,5 HOOK HANGER MAGIC TOADSTOOL,-10
16878.0,REX CASH+CARRY JUMBO SHOPPER,-10
13971.0,JUMBO BAG DOILEY PATTERNS,-10
14426.0,RIBBON REEL HEARTS DESIGN ,-10
15622.0,LUNCH BAG PAISLEY PARK  ,-10
15628.0,FRENCH STYLE STORAGE JAR BONBONS,-10
13266.0,SWALLOW SQUARE TISSUE BOX,-10
14688.0,JUMBO BAG RED RETROSPOT,-10
17068.0,JUMBO BAG VINTAGE LEAF,-10
12619.0,RIBBON REEL HEARTS DESIGN ,-10
12619.0,RIBBON REEL POLKADOTS ,-10
16252.0,RETRO MOD TRAY,-10
14911.0,SWEETHEART RECIPE BOOK STAND,-10
14505.0,PARLOUR CERAMIC WALL HOOK,-10
14543.0,RED RETROSPOT CAKE STAND,-10
13268.0,CHARLOTTE BAG SUKI DESIGN,-10
15664.0,RED RETROSPOT SHOPPER BAG,-10
12607.0,TEA TIME OVEN GLOVE,-10
17677.0,CLASSIC GLASS COOKIE JAR,-10
14665.0,LUNCH BAG PINK POLKADOT,-10
12921.0,HANGING JAM JAR T-LIGHT HOLDER,-10
14109.0,CHARLOTTE BAG PINK POLKADOT,-10
14665.0,JUMBO BAG ALPHABET,-10
12607.0,RIBBON REEL SNOWY VILLAGE,-10
16145.0,SET OF 6 KASHMIR FOLKART BAUBLES,-10
13408.0,CLASSIC GLASS COOKIE JAR,-10
15223.0,JUMBO STORAGE BAG SUKI,-10
15674.0,JUMBO BAG SCANDINAVIAN BLUE PAISLEY,-10
13081.0,RED SPOT PAPER GIFT BAG,-10
15674.0,JUMBO BAG SPACEBOY DESIGN,-10
13767.0,GLASS BON BON JAR,-10
12381.0,PANTRY MAGNETIC  SHOPPING LIST,-10
13102.0,JUMBO BAG DOLLY GIRL DESIGN,-10
16717.0,STRAWBERRY SHOPPER BAG,-10
16717.0,RED RETROSPOT SHOPPER BAG,-10
16717.0,OVEN MITT APPLES DESIGN,-10
16722.0,LUNCH BAG VINTAGE DOILY ,-10
13552.0,PARISIENNE SEWING BOX,-10
17888.0,COLOURING PENCILS BROWN TUBE,-10
15433.0,PACK OF 20 SPACEBOY NAPKINS,-10
15728.0,SCOTTIE DOG HOT WATER BOTTLE,-10
13069.0,RED RETROSPOT PLATE ,-10
15674.0,JUMBO BAG PINK POLKADOT,-10
15681.0,PAPER LANTERN 7 POINT SNOW STAR,-10
15674.0,JUMBO BAG PINK VINTAGE PAISLEY,-10
13745.0,BLUE CHENILLE SHAGGY CUSHION COVER ,-10
17633.0,DOORMAT TOPIARY,-10
14547.0,COOK WITH WINE METAL SIGN ,-10
12921.0,JUMBO BAG ALPHABET,-10
15073.0,FRENCH BLUE METAL DOOR SIGN 2,-10
12607.0,RIBBON REEL CHRISTMAS SOCK BAUBLE,-10
15073.0,FRENCH BLUE METAL DOOR SIGN 1,-10
13069.0,PAPER BUNTING WHITE LACE,-10
13069.0,PAPER BUNTING RETROSPOT,-10
17511.0,POPCORN HOLDER,-10
12607.0,RIBBON REEL MAKING SNOWMEN ,-10
17368.0,CHARLOTTE BAG PINK POLKADOT,-10
17364.0,SET OF 9 BLACK SKULL BALLOONS,-10
15073.0,FRENCH BLUE METAL DOOR SIGN 4,-10
17364.0,BALLOON WATER BOMB PACK OF 35,-10
15078.0,JUMBO BAG TOYS ,-10
15955.0,LUNCH BAG WOODLAND,-10
17552.0,LUNCH BAG SPACEBOY DESIGN ,-10
15073.0,FRENCH BLUE METAL DOOR SIGN 3,-10
17548.0,RIBBON REEL STRIPES DESIGN ,-10
17548.0,RIBBON REEL HEARTS DESIGN ,-10
15073.0,FRENCH BLUE METAL DOOR SIGN 0,-10
17188.0,REGENCY CAKESTAND 3 TIER,-10
12607.0,3 RAFFIA RIBBONS 50'S CHRISTMAS ,-10
13777.0,SET OF 3 COLOURED  FLYING DUCKS,-10
17368.0,DENIM PATCH PURSE PINK BUTTERFLY,-10
12607.0,RIBBON REEL CHRISTMAS PRESENT ,-10
12567.0,LUNCH BAG VINTAGE LEAF DESIGN,-10
12530.0,JUMBO BAG APPLES,-10
17450.0,HEART OF WICKER LARGE,-10
13802.0,REGENCY CAKESTAND 3 TIER,-10
17548.0,RIBBON REEL FLORA + FAUNA ,-10
15785.0,POPCORN HOLDER,-10
12567.0,LUNCH BAG SPACEBOY DESIGN ,-10
12567.0,LUNCH BAG ALPHABET DESIGN,-10
15073.0,FRENCH BLUE METAL DOOR SIGN 5,-10
15073.0,FRENCH BLUE METAL DOOR SIGN 6,-10
15073.0,FRENCH BLUE METAL DOOR SIGN 7,-10
15073.0,FRENCH BLUE METAL DOOR SIGN 8,-10
15810.0,CIRCUS PARADE LUNCH BOX ,-10
13777.0,STRAWBERRY CERAMIC TRINKET BOX,-10
15882.0,HAND WARMER OWL DESIGN,-10
15073.0,FRENCH BLUE METAL DOOR SIGN 9,-10
14607.0,DOORMAT KEEP CALM AND COME IN,-10
14607.0,DOORMAT RED RETROSPOT,-10
12536.0,SKULL SHOULDER BAG,-10
12558.0,JUMBO BAG RED RETROSPOT,-10
14146.0,BUTTON BOX ,-10
15810.0,LUNCH BAG APPLE DESIGN,-10
17368.0,STRAWBERRY CHARLOTTE BAG,-10
12558.0,JUMBO BAG 50'S CHRISTMAS ,-10
13798.0,JUMBO BAG TOYS ,-10
12567.0,LUNCH BAG WOODLAND,-10
13113.0,MINI CAKE STAND  HANGING STRAWBERY,-10
13113.0,LUNCH BAG APPLE DESIGN,-10
13113.0,72 SWEETHEART FAIRY CAKE CASES,-10
12731.0,LUNCH BAG  BLACK SKULL.,-10
14776.0,TOY TIDY SPACEBOY  ,-10
12477.0,DOORMAT RED RETROSPOT,-10
13115.0,LUNCH BAG ALPHABET DESIGN,-10
13121.0,LAVENDER SCENTED FABRIC HEART,-10
14410.0,EASTER TIN CHICKS PINK DAISY,-9
17997.0,AREA PATROLLED METAL SIGN,-9
17924.0,RABBIT NIGHT LIGHT,-9
15498.0,PINK POT PLANT CANDLE,-9
17428.0,REGENCY TEAPOT ROSES ,-9
15810.0,LUNCH BAG RED RETROSPOT,-9
17841.0,MINI CAKE STAND T-LIGHT HOLDER,-9
14701.0,STAR PORTABLE TABLE LIGHT ,-9
14857.0,TOILET SIGN OCCUPIED OR VACANT,-9
13672.0,SET OF 3 BABUSHKA STACKING TINS,-9
16701.0,LARGE CIRCULAR MIRROR MOBILE,-9
14911.0,AMETHYST DIAMANTE EXPANDABLE RING,-9
12753.0,GLASS JAR DIGESTIVE BISCUITS,-9
16817.0,BIRDHOUSE DECORATION MAGIC GARDEN,-9
14911.0,GRAND CHOCOLATECANDLE,-9
17725.0,"BLACK TEA,COFFEE,SUGAR JARS",-9
16859.0,VINTAGE GLASS T-LIGHT HOLDER,-9
16859.0,ZINC T-LIGHT HOLDER STARS SMALL,-9
14911.0,PHOTO FRAME 3 CLASSIC HANGING,-9
14688.0,LUNCH BAG CARS BLUE,-9
14688.0,LUNCH BAG RED RETROSPOT,-9
16859.0,MULTI COLOUR SILVER T-LIGHT HOLDER,-9
15810.0,CHARLOTTE BAG PINK POLKADOT,-9
15810.0,JUMBO BAG APPLES,-9
15093.0,TEA PARTY  WRAPPING PAPER ,-9
13798.0,RED RETROSPOT PICNIC BAG,-9
12843.0,"KEY FOB , BACK DOOR ",-9
13725.0,LUNCH BAG CARS BLUE,-9
15311.0,JUMBO BAG RED RETROSPOT,-9
14680.0,VICTORIAN SEWING BOX LARGE,-9
16401.0,POPCORN HOLDER,-9
14502.0,CLASSIC METAL BIRDCAGE PLANT HOLDER,-9
15251.0,MEDIUM CERAMIC TOP STORAGE JAR,-9
14233.0,ZINC FOLKART SLEIGH BELLS,-9
13082.0,PLASTERS IN TIN VINTAGE PAISLEY ,-9
12578.0,36 PENCILS TUBE POSY,-9
12578.0,CARAVAN SQUARE TISSUE BOX,-9
12584.0,WELCOME  WOODEN BLOCK LETTERS,-9
17340.0,GUMBALL COAT RACK,-9
12967.0,CHILDRENS CUTLERY POLKADOT GREEN ,-9
16120.0,FRAPPUCINO SCARF KNITTING KIT,-9
13777.0,WHITE HANGING HEART T-LIGHT HOLDER,-9
13069.0,WHITE SPOT BLUE CERAMIC DRAWER KNOB,-9
14543.0,IVORY KITCHEN SCALES,-9
13369.0,MINI CAKE STAND T-LIGHT HOLDER,-9
17511.0,LUNCH BOX I LOVE LONDON,-9
13317.0,CERAMIC STRAWBERRY DESIGN MUG,-9
13767.0,REGENCY CAKESTAND 3 TIER,-9
13113.0,WICKER STAR ,-9
14415.0,STRAWBERRY CHARLOTTE BAG,-9
13113.0,CHARLOTTE BAG SUKI DESIGN,-9
13113.0,LUNCH BAG ALPHABET DESIGN,-9
14342.0,PARISIENNE CURIO CABINET,-9
17856.0,ANTIQUE SILVER TEA GLASS ENGRAVED,-9
17997.0,REGENCY TEAPOT ROSES ,-8
12434.0,JIGSAW TOADSTOOLS 3 PIECE,-8
13102.0,ABC TREASURE BOOK BOX ,-8
13157.0,ABC TREASURE BOOK BOX ,-8
16717.0,ANTIQUE GLASS DRESSING TABLE POT,-8
13113.0,PACK OF 72 RETROSPOT CAKE CASES,-8
14426.0,ANTIQUE SILVER T-LIGHT GLASS,-8
13999.0,FRENCH ENAMEL CANDLEHOLDER,-8
15502.0,IVORY GIANT GARDEN THERMOMETER,-8
18075.0,JAM JAR WITH GREEN LID,-8
15221.0,CHALKBOARD KITCHEN ORGANISER,-8
13069.0,GREEN VINTAGE SPOT BEAKER,-8
13069.0,BLUE VINTAGE SPOT BEAKER,-8
13004.0,JARDIN ETCHED GLASS FRUITBOWL,-8
15888.0,PAINTED METAL PEARS ASSORTED,-8
13924.0,HEART FILIGREE DOVE  SMALL,-8
14665.0,CHILDRENS APRON SPACEBOY DESIGN,-8
13364.0,POLYESTER FILLER PAD 40x40cm,-8
12963.0,Manual,-8
16042.0,LIGHT GARLAND BUTTERFILES PINK,-8
17313.0,BOX OF 6 MINI VINTAGE CRACKERS,-8
16133.0,TREASURE ISLAND BOOK BOX,-8
13394.0,LUNCH BAG DOLLY GIRL DESIGN,-8
14944.0,CHRISTMAS LIGHTS 10 VINTAGE BAUBLES,-8
13078.0,SET OF 3 BLACK FLYING DUCKS,-8
13069.0,PINK  POLKADOT PLATE ,-8
17629.0,RED WOOLLY HOTTIE WHITE HEART.,-8
15045.0,CUPBOARD 3 DRAWER MA CAMPAGNE,-8
17504.0,GYMKHANA TREASURE BOOK BOX,-8
13853.0,SET OF 3 REGENCY CAKE TINS,-8
13854.0,ROSES REGENCY TEACUP AND SAUCER ,-8
14562.0,VINTAGE CHRISTMAS BUNTING,-8
17677.0,ABC TREASURE BOOK BOX ,-8
12607.0,DOLLY GIRL CHILDRENS BOWL,-8
17313.0,BOX OF 6 MINI 50'S CRACKERS,-8
15201.0,JUMBO BAG VINTAGE DOILY ,-8
15660.0,BULL DOG BOTTLE OPENER,-8
12584.0,SET OF 3 CAKE TINS PANTRY DESIGN ,-8
14665.0,KNITTED UNION FLAG HOT WATER BOTTLE,-8
16252.0,RED RETROSPOT PLATE ,-8
16252.0,BLUE POLKADOT PLATE ,-8
16252.0,CREAM CUPID HEARTS COAT HANGER,-8
17677.0,LARGE CIRCULAR MIRROR MOBILE,-8
17677.0,GYMKHANA TREASURE BOOK BOX,-8
15640.0,RED SPOT CERAMIC DRAWER KNOB,-8
13089.0,ANTIQUE GLASS DRESSING TABLE POT,-8
13268.0,HEART GARLAND RUSTIC PADDED,-8
14543.0,VICTORIAN SEWING BOX LARGE,-8
12607.0,SET OF 12 FAIRY CAKE BAKING CASES,-8
13777.0,LADS ONLY TISSUE BOX,-8
14665.0,HOT WATER BOTTLE KEEP CALM,-8
14952.0,SILVER HANGING T-LIGHT HOLDER,-8
14112.0,JIGSAW TOADSTOOLS 3 PIECE,-8
16187.0,PARTY BUNTING,-8
16252.0,RED RETROSPOT CUP,-8
14665.0,RED WOOLLY HOTTIE WHITE HEART.,-8
13762.0,MINI CAKE STAND  HANGING STRAWBERY,-8
16156.0,PACK OF 12 DOLLY GIRL TISSUES,-8
15023.0,SET OF TEA COFFEE SUGAR TINS PANTRY,-8
17193.0,SET OF 12 FAIRY CAKE BAKING CASES,-8
12607.0,DOLLY GIRL CHILDRENS CUP,-8
17581.0,DAIRY MAID TOASTRACK,-8
15223.0,REGENCY CAKESTAND 3 TIER,-8
15674.0,PARTY BUNTING,-8
13725.0,LUNCH BAG SPACEBOY DESIGN ,-8
13266.0,SPACEBOY CHILDRENS CUP,-8
13092.0,ABC TREASURE BOOK BOX ,-8
13458.0,MISTLETOE HEART WREATH GREEN,-8
17716.0,RED VINTAGE SPOT BEAKER,-8
14441.0,REGENCY CAKESTAND 3 TIER,-8
13458.0,PACK OF 20 NAPKINS PANTRY DESIGN,-8
16252.0,BLUE POLKADOT BOWL,-8
16252.0,BLUE POLKADOT CUP,-8
13089.0,ANTIQUE GLASS PEDESTAL BOWL,-8
13456.0,BLUE  TILE HOOK,-8
16252.0,RED RETROSPOT BOWL,-8
12607.0,SPACEBOY CHILDRENS CUP,-8
12607.0,STRAWBERRY FAIRY CAKE TEAPOT,-8
17671.0,ENAMEL BREAD BIN CREAM,-8
13883.0,RETROSPOT CHILDRENS APRON,-8
12607.0,SPACEBOY CHILDRENS BOWL,-8
16239.0,ENAMEL WATERING CAN CREAM,-8
18223.0,SET OF 3 CAKE TINS PANTRY DESIGN ,-8
15827.0,ALARM CLOCK BAKELIKE IVORY,-8
15823.0,PIZZA PLATE IN BOX,-8
15502.0,BREAD BIN DINER STYLE MINT,-8
17924.0,SET OF 3 BLACK FLYING DUCKS,-8
15502.0,GREEN GIANT GARDEN THERMOMETER,-8
12471.0,CERAMIC STRAWBERRY CAKE MONEY BANK,-8
15563.0,SET OF TEA COFFEE SUGAR TINS PANTRY,-8
12471.0,STRAWBERRY FAIRY CAKE TEAPOT,-8
14146.0,CLASSIC METAL BIRDCAGE PLANT HOLDER,-8
12456.0,VINTAGE LEAF MAGNETIC NOTEPAD,-8
15521.0,SKULLS PARTY BAG + STICKER SET,-8
15521.0,RETROSPOT PARTY BAG + STICKER SET,-8
14051.0,REGENCY CAKESTAND 3 TIER,-8
17716.0,GREEN VINTAGE SPOT BEAKER,-8
16875.0,JAM JAR WITH GREEN LID,-8
14911.0,MIDNIGHT BLUE VINTAGE EARRINGS,-8
16839.0,SET OF 6 SNACK LOAF BAKING CASES,-8
14688.0,SPOTTY BUNTING,-8
17731.0,PARTY BUNTING,-8
13672.0,PINK CHERRY LIGHTS,-8
16525.0,SWEETHEART WIRE WALL TIDY,-8
14415.0,BOTTLE BAG RETROSPOT ,-8
15365.0,WHITE METAL LANTERN,-8
12679.0,CHILDRENS APRON SPACEBOY DESIGN,-8
14048.0,WHITE HANGING HEART T-LIGHT HOLDER,-8
16525.0,PARTY BUNTING,-8
17722.0,PIZZA PLATE IN BOX,-8
14404.0,EMPIRE UNION JACK TV DINNER TRAY,-8
13097.0,GUMBALL COAT RACK,-8
16493.0,PINK  HONEYCOMB PAPER FAN,-8
13517.0,"WHITE TEA,COFFEE,SUGAR JARS",-8
16525.0,FAMILY ALBUM WHITE PICTURE FRAME,-8
15888.0,ASSORTED COLOUR BIRD ORNAMENT,-8
15122.0,JAM JAR WITH PINK LID,-8
13798.0,PINK DOUGHNUT TRINKET POT ,-8
14606.0,CARD I LOVE LONDON ,-8
15831.0,WHITE CHERRY LIGHTS,-8
14299.0,WHITE HANGING HEART T-LIGHT HOLDER,-8
14304.0,3 HEARTS HANGING DECORATION RUSTIC,-8
15738.0,RETROSPOT PARTY BAG + STICKER SET,-8
13048.0,ALARM CLOCK BAKELIKE IVORY,-8
15201.0,JUMBO BAG RED RETROSPOT,-8
12843.0,"KEY FOB , FRONT  DOOR ",-8
16332.0,PURPLE DRAWERKNOB ACRYLIC EDWARDIAN,-8
12853.0,ALARM CLOCK BAKELIKE CHOCOLATE,-8
15809.0,SET OF 12 FAIRY CAKE BAKING CASES,-8
15810.0,LUNCH BAG VINTAGE LEAF DESIGN,-8
17428.0,ROSES REGENCY TEACUP AND SAUCER ,-8
17422.0,SET/4 SPRING FLOWER DECORATION,-8
15502.0,BREAD BIN DINER STYLE IVORY,-8
17841.0,MINIATURE ANTIQUE ROSE HOOK IVORY,-8
14735.0,FELTCRAFT GIRL AMELIE KIT,-8
14735.0,FELTCRAFT GIRL NICOLE KIT,-8
16839.0,LUNCH BAG RED RETROSPOT,-8
13534.0,JUMBO BAG PINK POLKADOT,-8
14898.0,WHITE WIRE EGG HOLDER,-8
16745.0,SET/5 RED RETROSPOT LID GLASS BOWLS,-8
14850.0,ADVENT CALENDAR GINGHAM SACK,-8
16571.0,PHOTO FRAME CORNICE,-8
18073.0,ANTIQUE SILVER T-LIGHT GLASS,-8
18225.0,BOYS VINTAGE TIN SEASIDE BUCKET,-8
14911.0,DAIRY MAID STRIPE MUG,-8
16839.0,SET OF 6 TEA TIME BAKING CASES,-8
13725.0,LUNCH BAG PINK POLKADOT,-7
14680.0,CHOCOLATE HOT WATER BOTTLE,-7
14911.0,RED RETROSPOT CAKE STAND,-7
16265.0,YELLOW EASTER EGG HUNT START POST,-7
15311.0,SET OF 3 COLOURED  FLYING DUCKS,-7
15311.0,GUMBALL MONOCHROME COAT RACK,-7
14915.0,15CM CHRISTMAS GLASS BALL 20 LIGHTS,-7
12472.0,SET OF SALT AND PEPPER TOADSTOOLS,-7
16160.0,ASSORTED COLOUR BIRD ORNAMENT,-7
16150.0,HEART OF WICKER SMALL,-7
14229.0,REGENCY CAKESTAND 3 TIER,-7
13777.0,"RECORD FRAME 7"" SINGLE SIZE ",-7
15311.0,JUMBO SHOPPER VINTAGE RED PAISLEY,-7
16398.0,POPCORN HOLDER,-7
17856.0,GLASS CHALICE GREEN  LARGE ,-7
15433.0,CHILDRENS APRON SPACEBOY DESIGN,-7
15433.0,LUNCH BAG SPACEBOY DESIGN ,-7
12434.0,RETROSPOT PARTY BAG + STICKER SET,-7
14808.0,STRAWBERRY CHARLOTTE BAG,-7
14808.0,HOLIDAY FUN LUDO,-7
13069.0,PACK OF 12 WOODLAND TISSUES ,-7
15194.0,PACK OF 20 NAPKINS PANTRY DESIGN,-7
15189.0,REGENCY SUGAR TONGS,-7
13148.0,PHOTO FRAME 3 CLASSIC HANGING,-7
17841.0,CHRISTMAS TREE PAINTED ZINC ,-7
14777.0,S/4 PINK FLOWER CANDLES IN BOWL,-7
13113.0,LUNCH BAG PINK POLKADOT,-7
13113.0,CERAMIC CAKE DESIGN SPOTTED MUG,-7
12612.0,PURPLE BOUDICCA LARGE BRACELET,-7
14534.0,LUNCH BAG SPACEBOY DESIGN ,-7
17071.0,STRAWBERRY CERAMIC TRINKET BOX,-7
12621.0,CHILDREN'S SPACEBOY MUG,-7
13408.0,Discount,-7
16150.0,PHOTO FRAME CORNICE,-7
12720.0,JAM JAR WITH PINK LID,-7
13631.0,VICTORIAN SEWING BOX MEDIUM,-7
18130.0,"WHITE TEA,COFFEE,SUGAR JARS",-7
13113.0,Manual,-7
15433.0,LUNCH BAG PINK POLKADOT,-7
16094.0,MULTI COLOUR SILVER T-LIGHT HOLDER,-7
15201.0,SET 2 TEA TOWELS I LOVE LONDON ,-7
15270.0,HEART DECORATION WITH PEARLS ,-7
12995.0,GOLD MUG BONE CHINA TREE OF LIFE,-7
12585.0,EMPIRE TISSUE BOX,-7
14961.0,SILVER HANGING T-LIGHT HOLDER,-7
12584.0,JAM MAKING SET WITH JARS,-7
14688.0,JUMBO BAG ALPHABET,-7
16839.0,CIRCUS PARADE LUNCH BOX ,-7
16839.0,HANGING HEART JAR T-LIGHT HOLDER,-7
12456.0,PANTRY MAGNETIC  SHOPPING LIST,-7
12471.0,BAKING MOULD CHOCOLATE CUPCAKES,-7
12471.0,FRIDGE MAGNETS LES ENFANTS ASSORTED,-7
16839.0,JUMBO BAG VINTAGE CHRISTMAS ,-7
17813.0,ASSORTED COLOUR BIRD ORNAMENT,-7
14911.0,EMERGENCY FIRST AID TIN ,-7
13534.0,JUMBO BAG APPLES,-7
14911.0,CLASSIC GLASS COOKIE JAR,-7
17696.0,SINGLE ANTIQUE ROSE HOOK IVORY,-7
12753.0,RABBIT NIGHT LIGHT,-7
13668.0,BLUE STRIPE CERAMIC DRAWER KNOB,-7
15625.0,BAG 500g SWIRLY MARBLES,-7
15622.0,WALL ART STOP FOR TEA ,-7
14305.0,PHOTO FRAME CORNICE,-7
12681.0,COFFEE MUG CAT + BIRD DESIGN,-7
14680.0,LUNCH BAG WOODLAND,-7
14911.0,PENS ASSORTED FUNKY JEWELED ,-7
13505.0,ROSES REGENCY TEACUP AND SAUCER ,-7
17725.0,"WHITE TEA,COFFEE,SUGAR JARS",-7
13458.0,HEART T-LIGHT HOLDER,-7
14562.0,GARDENERS KNEELING PAD KEEP CALM ,-7
12709.0,REGENCY CAKESTAND 3 TIER,-7
13668.0,RED STRIPE CERAMIC DRAWER KNOB,-7
12744.0,Manual,-7
13798.0,MINI CAKE STAND WITH HANGING CAKES,-7
15810.0,JUMBO BAG SPACEBOY DESIGN,-7
13798.0,LUNCH BAG  BLACK SKULL.,-7
14911.0,COOK WITH WINE METAL SIGN ,-7
16701.0,BLACK CHAMPAGNE GLASS,-7
14410.0,SET/3 POT PLANT CANDLES,-7
15810.0,LUNCH BOX I LOVE LONDON,-7
18230.0,AREA PATROLLED METAL SIGN,-6
18223.0,SET OF 6 RIBBONS VINTAGE CHRISTMAS,-6
18223.0,SET OF SALT AND PEPPER TOADSTOOLS,-6
18225.0,DANISH ROSE PHOTO FRAME,-6
17951.0,SET OF 6 T-LIGHTS SNOWMEN,-6
14410.0,EASTER TIN KEEPSAKE,-6
13134.0,JAM MAKING SET WITH JARS,-6
15502.0,HAND WARMER UNION JACK,-6
15502.0,Manual,-6
13115.0,RETROSPOT PARTY BAG + STICKER SET,-6
13118.0,CERAMIC STRAWBERRY DESIGN MUG,-6
18167.0,SWEETHEART RECIPE BOOK STAND,-6
18136.0,PANTRY ROLLING PIN,-6
14146.0,POPPY'S PLAYHOUSE LIVINGROOM ,-6
12748.0,CHRISTMAS METAL TAGS ASSORTED ,-6
12748.0,FRIDGE MAGNETS LA VIE EN ROSE,-6
12748.0,FRIDGE MAGNETS LES ENFANTS ASSORTED,-6
12748.0,FRIDGE MAGNETS US DINER ASSORTED,-6
12748.0,GIRAFFE WOODEN RULER,-6
12748.0,GOLD MUG BONE CHINA TREE OF LIFE,-6
14205.0,GREEN REGENCY TEACUP AND SAUCER,-6
14205.0,PINK REGENCY TEACUP AND SAUCER,-6
14205.0,RED RETROSPOT SMALL MILK JUG,-6
14205.0,ROSES REGENCY TEACUP AND SAUCER ,-6
14205.0,SET/5 RED RETROSPOT LID GLASS BOWLS,-6
14112.0,TOADSTOOL MONEY BOX,-6
12748.0,MAGNETS PACK OF 4 CHILDHOOD MEMORY,-6
12748.0,MAGNETS PACK OF 4 RETRO PHOTO,-6
12748.0,MAGNETS PACK OF 4 SWALLOWS,-6
13615.0,PAPER BUNTING WHITE LACE,-6
13636.0,BEADED PEARL HEART WHITE ON STICK,-6
13644.0,FRENCH STYLE STORAGE JAR CAFE ,-6
14760.0,GLASS JAR DIGESTIVE BISCUITS,-6
14760.0,GLASS JAR MARMALADE ,-6
12748.0,ASSORTED BOTTLE TOP  MAGNETS ,-6
12748.0,ASSTD FRUIT+FLOWERS FRIDGE MAGNETS,-6
14796.0,CERAMIC CAKE DESIGN SPOTTED MUG,-6
12748.0,MAGNETS PACK OF 4 VINTAGE COLLAGE,-6
12748.0,MAGNETS PACK OF 4 VINTAGE LABELS ,-6
13588.0,MAKE YOUR OWN MONSOON CARD KIT,-6
14808.0,WOODLAND CHARLOTTE BAG,-6
13599.0,SET 3 SONG BIRD PAPER EGGS ASSORTED,-6
12748.0,METAL DECORATION NAUGHTY CHILDREN ,-6
16689.0,GLITTER HEART GARLAND WITH BELLS ,-6
12748.0,REVOLVER WOODEN RULER ,-6
12748.0,SET/4 SKULL BADGES,-6
13552.0,MOTHER'S KITCHEN SPOON REST ,-6
14910.0,DECORATIVE WICKER HEART MEDIUM,-6
12712.0,3 HOOK PHOTO SHELF ANTIQUE WHITE,-6
16717.0,WOODEN PICTURE FRAME WHITE FINISH,-6
16717.0,SILVER HANGING T-LIGHT HOLDER,-6
16717.0,WHITE HANGING HEART T-LIGHT HOLDER,-6
16717.0,WOODEN FRAME ANTIQUE WHITE ,-6
16717.0,LARGE RED RETROSPOT WINDMILL,-6
12719.0,BLACK ENAMEL FLOWER RING,-6
12719.0,RED ENAMEL FLOWER RING,-6
14776.0,TREASURE TIN BUFFALO BILL ,-6
14708.0,BOX OF VINTAGE JIGSAW BLOCKS ,-6
14711.0,COFFEE MUG APPLES DESIGN,-6
14711.0,COFFEE MUG PEARS  DESIGN,-6
14688.0,RECIPE BOX RETROSPOT ,-6
12708.0,ROUND SNACK BOXES SET OF4 WOODLAND ,-6
16790.0,JAM MAKING SET WITH JARS,-6
16779.0,BOX OF 24 COCKTAIL PARASOLS,-6
12709.0,GUMBALL COAT RACK,-6
12709.0,SET OF 3 BABUSHKA STACKING TINS,-6
14748.0,DELUXE SEWING KIT ,-6
16729.0,WHITE GOOSE FEATHER TREE 60CM ,-6
14910.0,EGG FRYING PAN IVORY ,-6
14866.0,CLASSIC CAFE SUGAR DISPENSER,-6
13552.0,RED RETROSPOT PEG BAG,-6
16670.0,CHRISTMAS PUDDING TRINKET POT ,-6
16639.0,ANTIQUE HEART SHELF UNIT,-6
14911.0,2 DAISIES HAIR COMB,-6
14911.0,AMBER DIAMANTE EXPANDABLE RING,-6
14911.0,AMBER DROP EARRINGS W LONG BEADS,-6
14323.0,METAL SIGN TAKE IT OR LEAVE IT ,-6
14311.0,DANISH ROSE PHOTO FRAME,-6
12705.0,RECIPE BOX RETROSPOT ,-6
12708.0,JAM JAR WITH PINK LID,-6
16817.0,GARDENERS KNEELING PAD CUP OF TEA ,-6
16801.0,JAM MAKING SET WITH JARS,-6
16801.0,METAL SIGN TAKE IT OR LEAVE IT ,-6
16801.0,NATURAL SLATE HEART CHALKBOARD ,-6
14735.0,JAM MAKING SET WITH JARS,-6
14735.0,PANTRY ROLLING PIN,-6
14911.0,ANTIQUE IVORY WIRE BOWL SMALL,-6
14911.0,BLACK 3 BEAD DROP EARRINGS,-6
13534.0,SWEETHEART CAKESTAND 3 TIER,-6
13539.0,BLACK DIAMANTE EXPANDABLE RING,-6
16609.0,BAKING SET 9 PIECE RETROSPOT ,-6
16581.0,VINTAGE NOTEBOOK PARIS DAYS,-6
16581.0,VINTAGE NOTEBOOK TRAVELOGUE,-6
16571.0,PHOTO FRAME LINEN AND LACE SMALL,-6
16560.0,CLASSIC GLASS COOKIE JAR,-6
14911.0,DAISY HAIR COMB,-6
14911.0,DIAMANTE HAIR GRIP PACK/2 BLACK DIA,-6
14304.0,PAPER BUNTING WHITE LACE,-6
12683.0,VINTAGE RED ENAMEL TRIM PLATE,-6
12697.0,6 RIBBONS RUSTIC CHARM,-6
14688.0,TOY TIDY SPACEBOY  ,-6
14911.0,DIAMANTE HAIR GRIP PACK/2 CRYSTAL,-6
14911.0,BUTTERFLY HAIR BAND,-6
16525.0,RED RETROSPOT PEG BAG,-6
16523.0,DRAWER KNOB CRACKLE GLAZE IVORY,-6
14911.0,DIAMANTE HAIR GRIP PACK/2 LT ROSE,-6
14911.0,DIAMANTE HAIR GRIP PACK/2 MONTANA,-6
14911.0,DIAMANTE HAIR GRIP PACK/2 PERIDOT,-6
14911.0,DIAMANTE HAIR GRIP PACK/2 RUBY,-6
13680.0,LUNCH BOX WITH CUTLERY RETROSPOT ,-6
12683.0,CHILDRENS TOY COOKING UTENSIL SET,-6
16839.0,SET OF 12 FAIRY CAKE BAKING CASES,-6
16839.0,SET OF 36 DOILIES PANTRY DESIGN,-6
14911.0,DROP DIAMANTE EARRINGS CRYSTAL,-6
14911.0,DROP DIAMANTE EARRINGS GREEN,-6
14911.0,DROP DIAMANTE EARRINGS PURPLE,-6
14911.0,EDWARDIAN PARASOL BLACK,-6
14911.0,EDWARDIAN PARASOL NATURAL,-6
14911.0,EDWARDIAN PARASOL PINK,-6
14911.0,EDWARDIAN PARASOL RED,-6
14911.0,CLASSIC DIAMANTE EARRINGS JET,-6
14911.0,GINGHAM HEART  DOORSTOP RED,-6
14911.0,GREEN ENAMEL FLOWER HAIR TIE,-6
14911.0,KNICKERBOCKERGLORY MAGNET ASSORTED ,-6
12657.0,SET 2 TEA TOWELS I LOVE LONDON ,-6
12662.0,NECKLACE+BRACELET PINK BUTTERFLY,-6
12668.0,LIPSTICK PEN RED,-6
16859.0,SMALL BONNE JAM JAR  T-LIGHT HOLDER,-6
16859.0,T-LIGHT HOLDER SILVER HEART HANDLE,-6
16861.0,PAPER CHAIN KIT 50'S CHRISTMAS ,-6
12679.0,RETROSPOT CHILDRENS APRON,-6
16839.0,STORAGE TIN VINTAGE DOILY ,-6
12779.0,CERAMIC CAKE DESIGN SPOTTED MUG,-6
16484.0,CLASSIC GLASS COOKIE JAR,-6
16424.0,IVORY DINER WALL CLOCK,-6
13473.0,BLACK AND WHITE DOG BOWL,-6
14911.0,PAIR OF PINK FLOWER CLUSTER SLIDE,-6
14911.0,PINK DAISY BAG CHARM,-6
14911.0,PINK ENAMEL FLOWER HAIR TIE,-6
14188.0,COLOURED GLASS STAR T-LIGHT HOLDER,-6
14189.0,EASTER TIN BUNNY BOUQUET,-6
16923.0,RETROSPOT HEART HOT WATER BOTTLE,-6
16924.0,DOORMAT VINTAGE LEAF,-6
12649.0,EASTER TIN BUNNY BOUQUET,-6
16923.0,CHOCOLATE HOT WATER BOTTLE,-6
16923.0,CHRISTMAS CRAFT TREE TOP ANGEL,-6
13680.0,ROUND SNACK BOXES SET OF4 WOODLAND ,-6
16923.0,POTTERING MUG,-6
12649.0,EASTER TIN CHICKS PINK DAISY,-6
12656.0,LUNCH BAG RED RETROSPOT,-6
13495.0,GARLAND WITH HEARTS AND BELLS,-6
12841.0,PAPER CHAIN KIT VINTAGE CHRISTMAS,-6
12843.0,"KEY FOB , GARAGE DESIGN",-6
16360.0,KNEELING MAT HOUSEWORK  DESIGN,-6
16316.0,GREEN REGENCY TEACUP AND SAUCER,-6
16316.0,JAM JAR WITH PINK LID,-6
14911.0,ROTATING SILVER ANGELS T-LIGHT HLDR,-6
14911.0,SET 2 PANTRY DESIGN TEA TOWELS,-6
17048.0,HEART T-LIGHT HOLDER,-6
17017.0,SET 2 TEA TOWELS I LOVE LONDON ,-6
16996.0,WOODEN FRAME ANTIQUE WHITE ,-6
12625.0,JAM JAR WITH GREEN LID,-6
12626.0,BAKING SET 9 PIECE RETROSPOT ,-6
14113.0,TEA FOR ONE POLKADOT,-6
14194.0,SET/4 BIRD MIRROR MAGNETS ,-6
14680.0,RED STRIPE CERAMIC DRAWER KNOB,-6
14911.0,PLEASE ONE PERSON METAL SIGN,-6
14911.0,PURPLE ENAMEL FLOWER HAIR TIE,-6
14911.0,PURPLE ENAMEL+GLASS HAIR COMB,-6
16252.0,VINTAGE NOTEBOOK PARIS DAYS,-6
12867.0,SET OF 4 KNICK KNACK TINS LONDON ,-6
16252.0,PIGGY BANK RETROSPOT ,-6
13735.0,TREASURE ISLAND BOOK BOX,-6
14665.0,METAL SIGN DROP YOUR PANTS,-6
17061.0,EUCALYPTUS & PINECONE  WREATH,-6
17069.0,BISCUIT TIN VINTAGE CHRISTMAS,-6
17069.0,RECIPE BOX BLUE SKETCHBOOK DESIGN,-6
12621.0,GREEN REGENCY TEACUP AND SAUCER,-6
12621.0,ROSES REGENCY TEACUP AND SAUCER ,-6
12878.0,CHARLOTTE BAG APPLES DESIGN,-6
12879.0,ROSES REGENCY TEACUP AND SAUCER ,-6
14267.0,RECIPE BOX PANTRY YELLOW DESIGN,-6
14267.0,REGENCY CAKESTAND 3 TIER,-6
14267.0,SET 2 PANTRY DESIGN TEA TOWELS,-6
14276.0,36 PENCILS TUBE RED RETROSPOT,-6
13418.0,SPACEBOY BEAKER,-6
13430.0,PHOTO FRAME LINEN AND LACE SMALL,-6
14911.0,STRIPES DESIGN TEDDY,-6
14911.0,SWALLOW WOODEN CHRISTMAS DECORATION,-6
12607.0,SILK PURSE BABUSHKA PINK,-6
12607.0,VINTAGE CHRISTMAS STOCKING ,-6
12607.0,VINTAGE DONKEY TAIL GAME ,-6
12610.0,JAM MAKING SET WITH JARS,-6
12613.0,CLOTHES PEGS RETROSPOT PACK 24 ,-6
12613.0,PANTRY ROLLING PIN,-6
13735.0,ABC TREASURE BOOK BOX ,-6
13735.0,BUFFALO BILL TREASURE BOOK BOX,-6
13735.0,GYMKHANA TREASURE BOOK BOX,-6
13735.0,TRADITIONAL WOODEN SKIPPING ROPE,-6
13451.0,RETROSPOT LAMP,-6
16217.0,BOX OF 9 PEBBLE CANDLES,-6
16217.0,FOUR HOOK  WHITE LOVEBIRDS,-6
16191.0,PINK DOG BOWL,-6
12909.0,SPOTTY BUNTING,-6
12916.0,SILVER HANGING T-LIGHT HOLDER,-6
16161.0,CHRISTMAS STAR WISH LIST CHALKBOARD,-6
12921.0,GREEN REGENCY TEACUP AND SAUCER,-6
13418.0, DOLLY GIRL BEAKER,-6
12607.0,ROUND SNACK BOXES SET OF4 WOODLAND ,-6
12607.0,SAVE THE PLANET COTTON TOTE BAG,-6
12607.0,SET 2 PANTRY DESIGN TEA TOWELS,-6
12607.0,SET OF 6 RIBBONS VINTAGE CHRISTMAS,-6
13742.0,SET OF 2 CERAMIC PAINTED HEARTS ,-6
13767.0,ALARM CLOCK BAKELIKE RED ,-6
13418.0,I LOVE LONDON BEAKER,-6
14911.0,VINTAGE GOLD TINSEL REEL,-6
14911.0,WHITE ENAMEL FLOWER HAIR TIE,-6
14911.0,WHITE FRANGIPANI NECKLACE,-6
12921.0,PINK REGENCY TEACUP AND SAUCER,-6
12921.0,POPPY'S PLAYHOUSE KITCHEN,-6
17204.0,15CM CHRISTMAS GLASS BALL 20 LIGHTS,-6
12607.0,EMBROIDERED RIBBON REEL RACHEL ,-6
12607.0,EMBROIDERED RIBBON REEL SALLY ,-6
12607.0,EMBROIDERED RIBBON REEL SUSIE ,-6
12607.0,GLASS JAR ENGLISH CONFECTIONERY,-6
12607.0,PAPER BUNTING RETROSPOT,-6
17139.0,PINK REGENCY TEACUP AND SAUCER,-6
17139.0,"RECORD FRAME 7"" SINGLE SIZE ",-6
14944.0,WOODEN PICTURE FRAME WHITE FINISH,-6
16133.0,RETROSPOT TEA SET CERAMIC 11 PC ,-6
16101.0,SET OF 12 MINI LOAF BAKING CASES,-6
16101.0,SET OF 6 TEA TIME BAKING CASES,-6
16133.0,CLASSIC GLASS COOKIE JAR,-6
16094.0,WHITE METAL LANTERN,-6
15038.0,VINTAGE RED ENAMEL TRIM PLATE,-6
15038.0,VINTAGE RED TRIM ENAMEL BOWL ,-6
17340.0,AGED GLASS SILVER T-LIGHT HOLDER,-6
17314.0,CITRONELLA CANDLE GARDEN POT,-6
12597.0,SET/5 RED RETROSPOT LID GLASS BOWLS,-6
17306.0,LONDON BUS COFFEE MUG,-6
14619.0,KNICKERBOCKERGLORY MAGNET ASSORTED ,-6
14620.0,BLUE FLOCK GLASS CANDLEHOLDER,-6
17188.0,SET OF 2 TEA TOWELS APPLE AND PEARS,-6
17193.0,PLASTERS IN TIN CIRCUS PARADE ,-6
12957.0,MILK MAIDS MUG ,-6
16057.0,PANTRY ROLLING PIN,-6
16033.0,ENAMEL FLOWER JUG CREAM,-6
12967.0,CHILDRENS CUTLERY RETROSPOT RED ,-6
12967.0,WASH BAG VINTAGE ROSE PAISLEY,-6
12980.0,SET/4 WHITE RETRO STORAGE CUBES ,-6
16019.0,REGENCY CAKESTAND 3 TIER,-6
16019.0,WOODEN FRAME ANTIQUE WHITE ,-6
15073.0,OPEN CLOSED METAL SIGN,-6
13364.0,DRAWER KNOB CRACKLE GLAZE GREEN,-6
13364.0,DRAWER KNOB CRACKLE GLAZE IVORY,-6
15974.0,BLACK CANDELABRA T-LIGHT HOLDER,-6
15984.0,JAM JAR WITH GREEN LID,-6
15951.0,COLOURED GLASS STAR T-LIGHT HOLDER,-6
15906.0,GUMBALL MAGAZINE RACK,-6
13364.0,DRAWER KNOB CERAMIC BLACK,-6
17389.0,BAKING SET 9 PIECE RETROSPOT ,-6
17389.0,CREAM SWEETHEART MINI CHEST,-6
12577.0,ANTIQUE SILVER BAUBLE LAMP  ,-6
12579.0,WATERING CAN PINK BUNNY,-6
12584.0,VINTAGE CREAM DOG FOOD CONTAINER,-6
15856.0,WOOD 2 DRAWER CABINET WHITE FINISH,-6
15845.0,ROSE COTTAGE KEEPSAKE BOX ,-6
13013.0,PANTRY ROLLING PIN,-6
15128.0, SET 2 TEA TOWELS I LOVE LONDON ,-6
13343.0,JAM MAKING SET WITH JARS,-6
15107.0,IVORY DINER WALL CLOCK,-6
13798.0,RED RETROSPOT CHARLOTTE BAG,-6
17405.0,GLASS JAR PEACOCK BATH SALTS,-6
12567.0,NATURAL SLATE CHALKBOARD LARGE ,-6
12567.0,ROUND SNACK BOXES SET OF 4 FRUITS ,-6
12567.0,WATERING CAN BLUE ELEPHANT,-6
12567.0,WATERING CAN PINK BUNNY,-6
12569.0,LARGE CAKE STAND HANGING HEARTS,-6
13798.0,CHRISTMAS PUDDING TRINKET POT ,-6
14286.0,BUFFALO BILL TREASURE BOOK BOX,-6
14102.0,BLUE SPOT CERAMIC DRAWER KNOB,-6
14267.0,36 FOIL HEART CAKE CASES,-6
14267.0,HOME SWEET HOME METAL SIGN ,-6
15823.0,RETROSPOT LARGE MILK JUG,-6
15827.0,JAM JAR WITH GREEN LID,-6
15814.0,WOODEN ADVENT CALENDAR CREAM,-6
15823.0,BLACK/BLUE POLKADOT UMBRELLA,-6
14304.0,MAKE YOUR OWN FLOWERPOWER CARD KIT,-6
14304.0,OFFICE MUG WARMER BLACK+SILVER ,-6
14056.0,SPACEBOY LUNCH BOX ,-6
15810.0,LUNCH BAG CARS BLUE,-6
14146.0,CAT BOWL VINTAGE CREAM,-6
12540.0,RED RETROSPOT CAKE STAND,-6
17428.0,SET OF SALT AND PEPPER TOADSTOOLS,-6
17422.0,YELLOW COAT RACK PARIS FASHION,-6
15809.0,BISCUIT TIN VINTAGE CHRISTMAS,-6
15809.0,RABBIT NIGHT LIGHT,-6
15804.0,GARLAND WITH HEARTS AND BELLS,-6
13319.0,VICTORIAN GLASS HANGING T-LIGHT,-6
14305.0,WHITE HANGING HEART T-LIGHT HOLDER,-6
14562.0,GARDENERS KNEELING PAD CUP OF TEA ,-6
17450.0,POSTAGE,-6
17451.0,NATURAL SLATE CHALKBOARD LARGE ,-6
17460.0,RECIPE BOX BLUE SKETCHBOOK DESIGN,-6
12513.0,JAM MAKING SET WITH JARS,-6
12520.0,12 PINK HEN+CHICKS IN BASKET,-6
17440.0,AGED GLASS SILVER T-LIGHT HOLDER,-6
17449.0,HANGING HEART JAR T-LIGHT HOLDER,-6
14188.0,CHRISTMAS METAL TAGS ASSORTED ,-6
14309.0,MULTI COLOUR SILVER T-LIGHT HOLDER,-6
13047.0,REGENCY TEA SPOON,-6
13050.0,PANTRY MAGNETIC  SHOPPING LIST,-6
15785.0,HANGING  BUTTERFLY T-LIGHT HOLDER,-6
15786.0,RED RETROSPOT MUG,-6
13050.0,SAVE THE PLANET MUG,-6
15755.0,RED RETROSPOT TISSUE BOX,-6
15764.0,FELTCRAFT BUTTERFLY HEARTS,-6
15201.0,PASTEL COLOUR HONEYCOMB FAN,-6
12477.0,KNICKERBOCKERGLORY MAGNET ASSORTED ,-6
17511.0,REGENCY CAKESTAND 3 TIER,-6
17504.0,FOOD COVER WITH BEADS SET 2 ,-6
13854.0,HOME SMALL WOOD LETTERS,-6
13856.0,SET 6 PAPER TABLE LANTERN HEARTS ,-6
13317.0,RED RETROSPOT TEA CUP AND SAUCER ,-6
15187.0,WOODEN ADVENT CALENDAR CREAM,-6
13069.0,PARTY BUNTING,-6
15223.0,DELUXE SEWING KIT ,-6
15223.0,FELTCRAFT 6 FLOWER FRIENDS,-6
15223.0,JAM MAKING SET WITH JARS,-6
13314.0,HOME SWEET HOME BLACKBOARD,-6
13069.0,SET OF 36 SPACEBOY PAPER DOILIES,-6
15738.0,GREEN POLKADOT BOWL,-6
15674.0,WHITE HANGING HEART T-LIGHT HOLDER,-6
15674.0,DANISH ROSE DECORATIVE PLATE,-6
15251.0,BOX OF 6 MINI VINTAGE CRACKERS,-6
13894.0,SILVER HANGING T-LIGHT HOLDER,-6
17652.0,VINTAGE DOILY DELUXE SEWING KIT ,-6
12474.0,CHILDS BREAKFAST SET CIRCUS PARADE,-6
17581.0,PAPER CHAIN KIT RETROSPOT,-6
14562.0,PAPER CHAIN KIT 50'S CHRISTMAS ,-6
17567.0,GREY HEART HOT WATER BOTTLE,-6
17567.0,POPCORN HOLDER,-6
17573.0,SET OF 2 ROUND TINS CAMEMBERT ,-6
17576.0,CHOCOLATE 1 WICK MORRIS BOX CANDLE,-6
15223.0,RECIPE BOX PANTRY YELLOW DESIGN,-6
13282.0,DOORMAT KEEP CALM AND COME IN,-6
15674.0,NATURAL SLATE HEART CHALKBOARD ,-6
15674.0,PINK REGENCY TEACUP AND SAUCER,-6
13085.0,FELTCRAFT DOLL ROSIE,-6
13085.0,POPPY'S PLAYHOUSE BEDROOM ,-6
15664.0,PAPERWEIGHT KINGS CHOICE ,-6
14534.0,RED POLKADOT BEAKER ,-6
13924.0,FILIGREE HEART BUTTERFLY WHITE ,-6
13924.0,SET OF 3 CAKE TINS PANTRY DESIGN ,-6
14533.0,BAKING SET 9 PIECE RETROSPOT ,-6
14534.0,BLUE POLKADOT BEAKER ,-6
17675.0,CHILDRENS TOY COOKING UTENSIL SET,-6
17675.0,PHOTO FRAME LINEN AND LACE LARGE,-6
13894.0,ANTIQUE SILVER TEA GLASS ENGRAVED,-6
17675.0,TRIPLE PHOTO FRAME CORNICE ,-6
14525.0,DRAWER KNOB CERAMIC IVORY,-6
14525.0,DRAWER KNOB VINTAGE GLASS BALL,-6
14525.0,VINTAGE UNION JACK CUSHION COVER,-6
13936.0,BUTTERFLY HAIR BAND,-6
13952.0,CERAMIC BOWL WITH LOVE HEART DESIGN,-6
13958.0,IVORY PILLAR CANDLE SILVER FLOCK,-6
14507.0,FRENCH STYLE STORAGE JAR BONBONS,-6
14507.0,FRENCH STYLE STORAGE JAR CAFE ,-6
14543.0,Manual,-6
14543.0,RED KITCHEN SCALES,-6
15290.0,BOX OF VINTAGE ALPHABET BLOCKS,-6
13267.0,WOOD S/3 CABINET ANT WHITE FINISH,-6
15646.0,PANTRY ROLLING PIN,-6
15648.0,VINTAGE UNION JACK BUNTING,-6
13085.0,POPPY'S PLAYHOUSE KITCHEN,-6
13085.0,POPPY'S PLAYHOUSE LIVINGROOM ,-6
13089.0,BLUE SPOT CERAMIC DRAWER KNOB,-6
13089.0,DRAWER KNOB CRACKLE GLAZE GREEN,-6
13089.0,DRAWER KNOB CRACKLE GLAZE IVORY,-6
15311.0,JUMBO BAG PINK POLKADOT,-6
13266.0,PINK PAISLEY SQUARE TISSUE BOX ,-6
13266.0,RED RETROSPOT TISSUE BOX,-6
15632.0,DRAWER KNOB CRACKLE GLAZE IVORY,-6
13090.0,BAKING SET 9 PIECE RETROSPOT ,-6
15342.0,LOLITA  DESIGN  COTTON TOTE BAG,-6
13971.0,FELT FARM ANIMAL RABBIT,-6
14146.0,POPPY'S PLAYHOUSE BEDROOM ,-6
17719.0,DAIRY MAID STRIPE MUG,-6
17706.0,SET OF 16 VINTAGE ROSE CUTLERY,-6
17677.0,SET 6 PAPER TABLE LANTERN HEARTS ,-6
17692.0,SET OF SALT AND PEPPER TOADSTOOLS,-6
15311.0,WOOD 2 DRAWER CABINET WHITE FINISH,-6
13224.0,LARGE CIRCULAR MIRROR MOBILE,-6
15622.0,WALL ART ANIMALS AND NATURE ,-6
15622.0,WALL ART BUFFALO BILL ,-6
15622.0,WALL ART HORSE & PONY ,-6
15622.0,WALL ART TREASURE AHOY ,-6
15615.0,ANTIQUE SILVER T-LIGHT GLASS,-6
15365.0,3 PIECE SPACEBOY COOKIE CUTTER SET,-6
15365.0,COFFEE MUG CAT + BIRD DESIGN,-6
15365.0,COFFEE MUG DOG + BALL DESIGN,-6
15365.0,EGG FRYING PAN IVORY ,-6
15365.0,EGG FRYING PAN RED ,-6
14390.0,GARLAND WITH STARS AND BELLS,-6
17731.0,PINK PARTY BAGS,-6
17727.0,PAPER BUNTING PAISLEY PARK,-6
14475.0,KNICKERBOCKERGLORY MAGNET ASSORTED ,-6
13969.0,CHRISTMAS MUSICAL ZINC TREE,-6
15365.0,EMBOSSED HEART TRINKET BOX,-6
15351.0,METAL MERRY CHRISTMAS WREATH,-6
15351.0,SET OF 4 KNICK KNACK TINS POPPIES,-6
15358.0,BLUE JUICY FRUIT PHOTO FRAME,-6
13098.0,BOX OF 6 MINI 50'S CRACKERS,-6
15596.0,RECIPE BOX RETROSPOT ,-6
15365.0,JAM MAKING SET WITH JARS,-6
13184.0,GLITTER HEART GARLAND WITH BELLS ,-6
14329.0,RED HEARTS LIGHT CHAIN ,-6
14426.0,RED HANGING HEART T-LIGHT HOLDER,-6
14426.0,3 STRIPEY MICE FELTCRAFT,-6
17828.0,GRAND CHOCOLATECANDLE,-6
17811.0,PACK 3 BOXES CHRISTMAS PANETTONE,-6
12471.0,SET 12 COLOUR PENCILS DOLLY GIRL ,-6
17731.0,BLUE CIRCLES DESIGN MONKEY DOLL,-6
13985.0,NATURAL SLATE CHALKBOARD LARGE ,-6
14426.0,FIVE HEART HANGING DECORATION,-6
15529.0,SET OF 4 KNICK KNACK TINS POPPIES,-6
14064.0,VICTORIAN GLASS HANGING T-LIGHT,-6
14071.0,BIRDCAGE DECORATION TEALIGHT HOLDER,-6
14071.0,JIGSAW RABBIT AND BIRDHOUSE,-6
15365.0,SET OF 4 KNICK KNACK TINS POPPIES,-6
15373.0,RED RETROSPOT CAKE STAND,-6
15373.0,REGENCY CAKESTAND 3 TIER,-6
15379.0,FELTCRAFT DOLL EMILY,-6
12457.0,CHILDS BREAKFAST SET CIRCUS PARADE,-6
17841.0,TRIPLE HOOK ANTIQUE IVORY ROSE,-6
12462.0,CERAMIC PLATE STRAWBERRY DESIGN,-6
17838.0,VINTAGE UNION JACK BUNTING,-6
14356.0,SET OF 6 RIBBONS VINTAGE CHRISTMAS,-6
14367.0,CANDLEHOLDER PINK HANGING HEART,-6
14049.0,HAIRCLIPS FORTIES FABRIC ASSORTED,-6
15379.0,TOOL BOX SOFT TOY ,-6
15518.0,LUNCH BOX I LOVE LONDON,-6
13102.0,GYMKHANA TREASURE BOOK BOX,-6
13102.0,SAVE THE PLANET MUG,-6
15514.0,5 HOOK HANGER RED MAGIC TOADSTOOL,-6
15514.0,ALARM CLOCK BAKELIKE GREEN,-6
15433.0,LUNCH BAG CARS BLUE,-6
17897.0,JAM MAKING SET WITH JARS,-6
12417.0,GLASS CHALICE BLUE SMALL ,-6
12431.0,EASTER TIN BUNNY BOUQUET,-6
12431.0,MULTI COLOUR SILVER T-LIGHT HOLDER,-6
17850.0,HAND WARMER RED RETROSPOT,-6
17850.0,VINTAGE BILLBOARD DRINK ME MUG,-6
14426.0,BAKING MOULD CHOCOLATE CUPCAKES,-6
13148.0,BEADED PEARL HEART WHITE ON STICK,-6
15514.0,CHRISTMAS LIGHTS 10 VINTAGE BAUBLES,-6
13113.0,CERAMIC CAKE DESIGN SPOTTED PLATE,-6
15502.0,HAND WARMER RED RETROSPOT,-6
12352.0,METAL SIGN TAKE IT OR LEAVE IT ,-6
18093.0,LONDON BUS COFFEE MUG,-6
14149.0,ROUND SNACK BOXES SET OF4 WOODLAND ,-6
14149.0,ROUND SNACK BOXES SET OF 4 SKULLS,-6
14149.0,RED RETROSPOT PEG BAG,-6
14149.0,PEG BAG APPLES DESIGN,-6
18269.0,BAKING SET SPACEBOY DESIGN,-6
12352.0,PINK DOG BOWL,-6
12362.0,LUNCH BOX I LOVE LONDON,-6
18274.0,SET 2 PANTRY DESIGN TEA TOWELS,-6
14048.0,HANGING METAL HEART LANTERN,-5
14410.0,CITRONELLA CANDLE GARDEN POT,-5
14410.0,HOME SWEET HOME MUG,-5
14410.0,SAVE THE PLANET MUG,-5
14410.0,SET/6 FROG PRINCE T-LIGHT CANDLES,-5
14329.0,RED SPOT PAPER GIFT BAG,-5
14389.0,JUMBO BAG APPLES,-5
14397.0,PORCELAIN T-LIGHT HOLDERS ASSORTED,-5
13975.0,SET OF 6 SPICE TINS PANTRY DESIGN,-5
14493.0,ALARM CLOCK BAKELIKE GREEN,-5
13924.0,HOME SWEET HOME BLACKBOARD,-5
13919.0,EMBROIDERED RIBBON REEL EMILY ,-5
14562.0,PAPER CHAIN KIT VINTAGE CHRISTMAS,-5
14565.0,LARGE BLUE PROVENCAL CERAMIC BALL,-5
14606.0,60 TEATIME FAIRY CAKE CASES,-5
13725.0,PACK OF 72 RETROSPOT CAKE CASES,-5
13725.0,FRENCH CHATEAU LARGE PLATTER ,-5
13680.0,ROUND SNACK BOXES SET OF 4 FRUITS ,-5
14688.0,CHILDRENS TOY COOKING UTENSIL SET,-5
14305.0,ANTIQUE SILVER TEA GLASS ENGRAVED,-5
14056.0,BUFFALO BILL TREASURE BOOK BOX,-5
14315.0,COFFEE MUG PEARS  DESIGN,-5
14311.0,MULTICOLOUR 3D BALLS GARLAND,-5
14311.0,GLASS CHALICE BLUE SMALL ,-5
14688.0,SMALL WHITE HEART OF WICKER,-5
14733.0,SAVOY ART DECO CLOCK,-5
13668.0,BLUE SPOT CERAMIC DRAWER KNOB,-5
14800.0,ASSORTED TUTTI FRUTTI PEN,-5
14854.0,KNICKERBOCKERGLORY MAGNET ASSORTED ,-5
14895.0,GLASS JAR ENGLISH CONFECTIONERY,-5
14911.0,JAM MAKING SET PRINTED,-5
13495.0,SILVER HANGING T-LIGHT HOLDER,-5
14911.0,POPCORN HOLDER,-5
13448.0,LOVE HOT WATER BOTTLE,-5
13422.0,HOT WATER BOTTLE KEEP CALM,-5
14961.0,LARGE POPCORN HOLDER ,-5
15034.0,CITRONELLA CANDLE FLOWERPOT,-5
13384.0,PANTRY ROLLING PIN,-5
15066.0,STORAGE TIN VINTAGE LEAF,-5
15140.0,HANGING HEART ZINC T-LIGHT HOLDER,-5
15189.0,RABBIT NIGHT LIGHT,-5
15223.0,STRAWBERRY   PICNIC BAG,-5
15251.0,BOX OF 6 MINI 50'S CRACKERS,-5
15271.0,JAM MAKING SET WITH JARS,-5
15311.0,CLASSIC GLASS COOKIE JAR,-5
15382.0,CLASSIC CAFE SUGAR DISPENSER,-5
13148.0,CINAMMON & ORANGE WREATH,-5
15433.0,LUNCH BAG  BLACK SKULL.,-5
13115.0,VINTAGE DOILY DELUXE SEWING KIT ,-5
13113.0,RED RETROSPOT CHARLOTTE BAG,-5
13113.0,PINK POLKADOT GARDEN PARASOL,-5
13113.0,PACK OF 60 MUSHROOM CAKE CASES,-5
15514.0,ALARM CLOCK BAKELIKE ORANGE,-5
13109.0,TOADSTOOL MONEY BOX,-5
13098.0,SILVER HANGING T-LIGHT HOLDER,-5
15533.0,PANTRY MAGNETIC  SHOPPING LIST,-5
15532.0,WHITE JEWELLED HEART DECORATION,-5
15606.0,ALARM CLOCK BAKELIKE ORANGE,-5
13078.0,MIRRORED DISCO BALL ,-5
13069.0,VINTAGE CREAM DOG FOOD CONTAINER,-5
13069.0,STRAWBERRY   PICNIC BAG,-5
15728.0,GREY HEART HOT WATER BOTTLE,-5
13069.0,PINK POLKADOT BOWL,-5
13069.0,LUNCH BAG APPLE DESIGN,-5
13069.0,CHARLOTTE BAG APPLES DESIGN,-5
13069.0,BLUE POLKADOT PLATE ,-5
15752.0,CAMOUFLAGE LED TORCH,-5
15745.0,HOME SWEET HOME HOOK,-5
15810.0,LUNCH BAG SUKI DESIGN ,-5
14071.0,VINTAGE UNION JACK PENNANT,-5
14071.0,PAPER CHAIN KIT EMPIRE,-5
13014.0,CERAMIC CAKE BOWL + HANGING CAKES,-5
15856.0,CERAMIC CAKE STAND + HANGING CAKES,-5
15932.0,POLKADOT COFFEE CUP & SAUCER PINK,-5
15932.0,ENAMEL MEASURING JUG CREAM,-5
13001.0,RETROSPOT CHILDRENS APRON,-5
12997.0,GLASS HEART T-LIGHT HOLDER ,-5
16013.0,3 HEARTS HANGING DECORATION RUSTIC,-5
12982.0,CERAMIC CHERRY CAKE MONEY BANK,-5
12967.0,RED RETROSPOT PLATE ,-5
12967.0,CHILDRENS CUTLERY POLKADOT BLUE,-5
16145.0,SMALL GLASS HEART TRINKET POT,-5
16161.0,ASSORTED TUTTI FRUTTI PEN,-5
14107.0,GLASS JAR PEACOCK BATH SALTS,-5
14257.0,ANTIQUE IVORY WIRE BOWL SMALL,-5
14243.0,TOILET METAL SIGN,-5
12888.0,HEART SHAPE WIRELESS DOORBELL,-5
12878.0,LUNCH BAG APPLE DESIGN,-5
16233.0,VICTORIAN SEWING BOX LARGE,-5
12867.0,JIGSAW TREE WITH BIRDHOUSE,-5
16362.0,HOT WATER BOTTLE KEEP CALM,-5
16362.0,CHARLOTTE BAG SUKI DESIGN,-5
16393.0,SET OF 4 KNICK KNACK TINS LONDON ,-5
12841.0,TRAVEL CARD WALLET SKULLS,-5
12840.0,HANGING METAL STAR LANTERN,-5
12818.0,KINGS CHOICE BISCUIT TIN,-5
12757.0,Manual,-5
12753.0,PIGGY BANK RETROSPOT ,-5
16558.0,LARGE CAKE STAND HANGING HEARTS,-5
16554.0,WOODEN HEART CHRISTMAS SCANDINAVIAN,-5
16584.0,RECIPE BOX RETROSPOT ,-5
16626.0,DRAWER KNOB CRACKLE GLAZE PINK,-5
16669.0,Manual,-5
12749.0,PANTRY APPLE CORER,-5
12748.0,CHRISTMAS LIGHTS 10 SANTAS ,-5
12748.0,ASSORTED COLOUR BIRD ORNAMENT,-5
16701.0,RETRO COFFEE MUGS ASSORTED,-5
16701.0,RED RETROSPOT BUTTER DISH,-5
12720.0,VINTAGE DOILY DELUXE SEWING KIT ,-5
16735.0,SILVER HANGING T-LIGHT HOLDER,-5
16747.0,SILVER HANGING T-LIGHT HOLDER,-5
12683.0,STORAGE TIN VINTAGE DOILY ,-5
12683.0,REGENCY CAKESTAND 3 TIER,-5
12683.0,PASTEL COLOUR HONEYCOMB FAN,-5
16843.0,COFFEE MUG APPLES DESIGN,-5
16839.0,VINTAGE CHRISTMAS BUNTING,-5
12679.0,STRAWBERRY CERAMIC TRINKET BOX,-5
12670.0,PLASTERS IN TIN CIRCUS PARADE ,-5
12637.0,VINTAGE BILLBOARD LOVE/HATE MUG,-5
12626.0,SET/20 RED RETROSPOT PAPER NAPKINS ,-5
17014.0,MISTLETOE HEART WREATH CREAM,-5
17027.0,BLUE TILED TRAY,-5
17017.0,SMALL POPCORN HOLDER,-5
17069.0,"BLACK TEA,COFFEE,SUGAR JARS",-5
17119.0,HANGING METAL STAR LANTERN,-5
12607.0,PINK BABY BUNTING,-5
17188.0,SWEETHEART CAKESTAND 3 TIER,-5
17188.0,FRENCH ENAMEL WATER BASIN,-5
17315.0,36 PENCILS TUBE RED RETROSPOT,-5
12585.0,MULTI COLOUR SILVER T-LIGHT HOLDER,-5
12584.0,VINTAGE CREAM CAT FOOD CONTAINER,-5
12584.0,SET OF TEA COFFEE SUGAR TINS PANTRY,-5
12565.0,GLASS JAR DAISY FRESH COTTON WOOL,-5
17422.0,SILVER HANGING T-LIGHT HOLDER,-5
17429.0,PSYCHEDELIC TILE HOOK,-5
14156.0,RUSTIC STRAWBERRY JAM POT SMALL,-5
17450.0,Manual,-5
17440.0,MULTI COLOUR SILVER T-LIGHT HOLDER,-5
12528.0,STRAWBERRY CERAMIC TRINKET BOX,-5
17490.0,JAM MAKING SET WITH JARS,-5
17469.0,RED RETROSPOT PICNIC BAG,-5
17511.0,HANGING HEART ZINC T-LIGHT HOLDER,-5
12483.0,MINI LIGHTS WOODLAND MUSHROOMS,-5
12476.0,SMALL SQUARE CUT GLASS CANDLESTICK,-5
17651.0,TRIPLE HOOK ANTIQUE IVORY ROSE,-5
12474.0,3 HOOK HANGER MAGIC GARDEN,-5
17675.0,ALARM CLOCK BAKELIKE RED ,-5
12472.0,ROUND SNACK BOXES SET OF4 WOODLAND ,-5
17696.0,RED GINGHAM ROSE JEWELLERY BOX,-5
17690.0,SILVER HANGING T-LIGHT HOLDER,-5
12472.0,"HOOK, 1 HANGER ,MAGIC GARDEN",-5
12471.0,SET/5 RED RETROSPOT LID GLASS BOWLS,-5
17730.0,HOME SWEET HOME MUG,-5
17739.0,HANGING HEART JAR T-LIGHT HOLDER,-5
17828.0,FAMILY PHOTO FRAME CORNICE,-5
17841.0,DRAWER KNOB CRACKLE GLAZE PINK,-5
17841.0,CHARLOTTE BAG PINK POLKADOT,-5
17841.0,LARGE WHITE HEART OF WICKER,-5
12457.0,STORAGE TIN VINTAGE DOILY ,-5
12457.0,CAROUSEL DESIGN WASHBAG,-5
12437.0,RED RETROSPOT CAKE STAND,-5
12434.0,RED RETROSPOT TISSUE BOX,-5
18041.0,SET OF 72 GREEN PAPER DOILIES,-5
18075.0,HEART DECORATION WITH PEARLS ,-5
18093.0,QUEENS GUARD COFFEE MUG,-5
14149.0,PINK BABY BUNTING,-5
18177.0,SET/3 POT PLANT CANDLES,-5
18198.0,DRAWER KNOB CRACKLE GLAZE BLUE,-5
18183.0,STRAWBERRY   PICNIC BAG,-5
18282.0,FRENCH STYLE STORAGE JAR BONBONS,-5
18257.0,PANTRY SCRUBBING BRUSH,-5
18274.0,SET OF 3 REGENCY CAKE TINS,-4
18274.0,SET OF 4 ENGLISH ROSE PLACEMATS,-4
18274.0,SET OF TEA COFFEE SUGAR TINS PANTRY,-4
12921.0,GLASS HEART T-LIGHT HOLDER ,-4
17621.0,REGENCY CAKESTAND 3 TIER,-4
17633.0,SET 6 SCHOOL MILK BOTTLES IN CRATE,-4
12474.0,JUMBO BAG APPLES,-4
17644.0,TRIPLE HOOK ANTIQUE IVORY ROSE,-4
14410.0,RETRO LONGBOARD IRONING BOARD COVER,-4
14410.0,FELT EGG COSY WHITE RABBIT ,-4
14410.0,GLAMOROUS  MUG,-4
13364.0,LE JARDIN BOTANIQUE CUSHION COVER,-4
16168.0,DISCO BALL ROTATOR BATTERY OPERATED,-4
17612.0,BLACK RECORD COVER FRAME,-4
16150.0,FAMILY PHOTO FRAME CORNICE,-4
15078.0,FRENCH WC SIGN BLUE METAL,-4
16869.0,SET OF TEA COFFEE SUGAR TINS PANTRY,-4
14680.0,CHARLIE + LOLA RED HOT WATER BOTTLE,-4
14680.0,CHARLIE+LOLA PINK HOT WATER BOTTLE,-4
14680.0,CHARLOTTE BAG SUKI DESIGN,-4
16858.0,RED RETROSPOT SUGAR JAM BOWL,-4
16859.0,SET/3 ROSE CANDLE IN JEWELLED BOX,-4
12406.0,BREAD BIN DINER STYLE PINK,-4
12406.0,BREAD BIN DINER STYLE RED ,-4
18220.0,STRAWBERRY CERAMIC TRINKET BOX,-4
18223.0,SWEETHEART CERAMIC TRINKET BOX,-4
15521.0,CHILDRENS CUTLERY DOLLY GIRL ,-4
13106.0,NATURAL SLATE CHALKBOARD LARGE ,-4
13107.0,6 ROCKET BALLOONS ,-4
13110.0,WOOD S/3 CABINET ANT WHITE FINISH,-4
15514.0,ALARM CLOCK BAKELIKE CHOCOLATE,-4
18226.0,HOME SWEET HOME BLACKBOARD,-4
13715.0,12 PINK ROSE PEG PLACE SETTINGS,-4
12705.0,GUMBALL COAT RACK,-4
13672.0,BLACK CHERRY LIGHTS,-4
13680.0,PICNIC BOXES SET OF 3 RETROSPOT ,-4
15493.0,WHITE HANGING BEADS CANDLE HOLDER,-4
15498.0,Discount,-4
14205.0,ALARM CLOCK BAKELIKE RED ,-4
14194.0,CHILDRENS CUTLERY DOLLY GIRL ,-4
14194.0,HANGING SPRING FLOWER EGG SMALL,-4
14194.0,LIGHT GARLAND BUTTERFILES PINK,-4
14194.0,PARTY BUNTING,-4
13113.0,JUMBO BAG RED RETROSPOT,-4
12657.0,POSTAGE,-4
14665.0,BLACK RECORD COVER FRAME,-4
14665.0,FAWN BLUE HOT WATER BOTTLE,-4
12647.0,FRYING PAN RED RETROSPOT,-4
14659.0,LANTERN CREAM GAZEBO ,-4
14629.0,SET OF TEA COFFEE SUGAR TINS PANTRY,-4
16801.0,SET OF 6 SPICE TINS PANTRY DESIGN,-4
16801.0,VINTAGE UNION JACK CUSHION COVER,-4
15598.0,ANTIQUE SILVER T-LIGHT GLASS,-4
18155.0,HEART DECORATION WITH PEARLS ,-4
14198.0,HOME SWEET HOME BLACKBOARD,-4
18198.0,DRAWER KNOB CRACKLE GLAZE PINK,-4
13115.0,PIG KEYRING WITH LIGHT & SOUND ,-4
14644.0,REGENCY CAKESTAND 3 TIER,-4
16839.0,REGENCY CAKESTAND 3 TIER,-4
16839.0,SET OF 3 REGENCY CAKE TINS,-4
16839.0,SPOTTY BUNTING,-4
12693.0,PANTRY ROLLING PIN,-4
12700.0,POSTAGE,-4
13709.0,CREAM HEART CARD HOLDER,-4
14735.0,FELTCRAFT BOY JEAN-PAUL KIT,-4
16801.0,ENAMEL MEASURING JUG CREAM,-4
16801.0,ENAMEL WASH BOWL CREAM,-4
16801.0,ENAMEL WATERING CAN CREAM,-4
16801.0,GAOLERS KEYS DECORATIVE GARDEN ,-4
14640.0,SET OF 10 LANTERNS FAIRY LIGHT STAR,-4
13798.0,CERAMIC CAKE DESIGN SPOTTED PLATE,-4
14733.0,COLOUR GLASS. STAR T-LIGHT HOLDER,-4
12708.0,5 HOOK HANGER RED MAGIC TOADSTOOL,-4
13093.0,CHRISTMAS LIGHTS 10 VINTAGE BAUBLES,-4
14215.0,PINK DOG BOWL,-4
14113.0,CREAM CUPID HEARTS COAT HANGER,-4
14113.0,STRAWBERRY FAIRY CAKE TEAPOT,-4
15611.0,RABBIT NIGHT LIGHT,-4
12683.0,CHILDS BREAKFAST SET CIRCUS PARADE,-4
16979.0,RED METAL BOX TOP SECRET,-4
13798.0,LUNCH BAG RED RETROSPOT,-4
13798.0,PLEASE ONE PERSON METAL SIGN,-4
13798.0,RED RETROSPOT SHOPPER BAG,-4
13798.0,STRAWBERRY CHARLOTTE BAG,-4
15467.0,CARDHOLDER GINGHAM CHRISTMAS TREE,-4
13089.0,PIGGY BANK RETROSPOT ,-4
18110.0,HOT WATER BOTTLE I AM SO POORLY,-4
18075.0,VICTORIAN GLASS HANGING T-LIGHT,-4
14211.0,AGED GLASS SILVER T-LIGHT HOLDER,-4
13139.0,EGG CUP MILKMAID HEIDI,-4
15434.0,STRAWBERRY CERAMIC TRINKET BOX,-4
13090.0,SILVER HANGING T-LIGHT HOLDER,-4
13798.0,JUMBO BAG STRAWBERRY,-4
17017.0,HANGING CLEAR MINI BOTTLE,-4
17017.0,LARGE POPCORN HOLDER ,-4
13668.0,3 HEARTS HANGING DECORATION RUSTIC,-4
18109.0,HEART OF WICKER LARGE,-4
15632.0,PLASTERS IN TIN VINTAGE PAISLEY ,-4
15632.0,SET OF TEA COFFEE SUGAR TINS PANTRY,-4
15632.0,VINTAGE RED ENAMEL TRIM JUG ,-4
15638.0,CERAMIC CAKE STAND + HANGING CAKES,-4
13089.0,VINTAGE UNION JACK BUNTING,-4
13148.0,HANGING HEART JAR T-LIGHT HOLDER,-4
15643.0,CLASSIC GLASS COOKIE JAR,-4
15622.0,WALL ART DOG LICENCE ,-4
15622.0,WALL ART VILLAGE SHOW ,-4
15465.0,RECIPE BOX PANTRY YELLOW DESIGN,-4
13630.0,VICTORIAN GLASS HANGING T-LIGHT,-4
13658.0,CINDERELLA CHANDELIER ,-4
16774.0,DRAWER KNOB CRACKLE GLAZE GREEN,-4
17041.0,HOT WATER BOTTLE TEA AND SYMPATHY,-4
16717.0,WOOD 2 DRAWER CABINET WHITE FINISH,-4
17094.0,GROW YOUR OWN FLOWERS SET OF 3,-4
14796.0,CERAMIC STRAWBERRY DESIGN MUG,-4
16717.0,PARLOUR CERAMIC WALL HOOK,-4
14808.0,FLYING PIG WATERING CAN,-4
18041.0,RED 3 PIECE RETROSPOT CUTLERY SET,-4
14109.0,FAIRY CAKE BIRTHDAY CANDLE SET,-4
14109.0,SET/3 VANILLA SCENTED CANDLE IN BOX,-4
14112.0,CORDIAL GLASS JUG,-4
13089.0,FAMILY ALBUM WHITE PICTURE FRAME,-4
15406.0,SQUARE CHERRY BLOSSOM CABINET,-4
15373.0,GREY HEART HOT WATER BOTTLE,-4
15373.0,HOT WATER BOTTLE I AM SO POORLY,-4
15373.0,SET 10 LIGHTS NIGHT OWL,-4
18059.0,PANTRY WASHING UP BRUSH,-4
14217.0,PARISIENNE KEY CABINET ,-4
18109.0,CREAM SWEETHEART MINI CHEST,-4
12722.0,CHEST OF DRAWERS GINGHAM HEART ,-4
12748.0,VICTORIAN  METAL POSTCARD SPRING,-4
14837.0,36 PENCILS TUBE RED RETROSPOT,-4
12427.0,CHILDS BREAKFAST SET SPACEBOY ,-4
14243.0,FAIRY CAKE BIRTHDAY CANDLE SET,-4
14256.0,BLACK KITCHEN SCALES,-4
15365.0,ALARM CLOCK BAKELIKE IVORY,-4
15365.0,ALARM CLOCK BAKELIKE ORANGE,-4
15365.0,ALARM CLOCK BAKELIKE RED ,-4
15365.0,CHILDRENS CUTLERY CIRCUS PARADE,-4
15365.0,CHILDRENS CUTLERY DOLLY GIRL ,-4
15660.0,EMBOSSED GLASS TEALIGHT HOLDER,-4
13623.0,Manual,-4
17063.0,SET OF 10 LED DOLLY LIGHTS,-4
12613.0,RED RETROSPOT CAKE STAND,-4
12616.0,12 PENCILS TALL TUBE RED RETROSPOT,-4
14584.0,WOODEN SKITTLES GARDEN SET,-4
14606.0,AGED GLASS SILVER T-LIGHT HOLDER,-4
15674.0,CHERRY BLOSSOM  DECORATIVE FLASK,-4
15674.0,CHERRY BLOSSOM DECORATIVE FLASK,-4
15674.0,PICNIC BASKET WICKER SMALL,-4
15674.0,REGENCY CAKESTAND 3 TIER,-4
15365.0,CHILDRENS CUTLERY SPACEBOY ,-4
15358.0,JAM JAR WITH PINK LID,-4
13199.0,TRIPLE HOOK ANTIQUE IVORY ROSE,-4
13081.0,FRYING PAN PINK POLKADOT,-4
13081.0,RED HANGING HEART T-LIGHT HOLDER,-4
16717.0,WOOD S/3 CABINET ANT WHITE FINISH,-4
12612.0,PURPLE ENAMEL FLOWER RING,-4
12607.0,SET OF 4 ENGLISH ROSE PLACEMATS,-4
12607.0,SET OF 6 SOLDIER SKITTLES,-4
14606.0,JUMBO BAG RED RETROSPOT,-4
16652.0,REGENCY CAKESTAND 3 TIER,-4
16670.0,REGENCY TEA PLATE ROSES ,-4
15311.0,SET OF 3 HANGING OWLS OLLIE BEAK,-4
15729.0,PARISIENNE KEY CABINET ,-4
15737.0,3 HOOK PHOTO SHELF ANTIQUE WHITE,-4
17841.0,ZINC FOLKART SLEIGH BELLS,-4
12462.0,BISCUIT TIN 50'S CHRISTMAS,-4
13217.0,SANDALWOOD FAN,-4
15344.0,CUPBOARD 3 DRAWER MA CAMPAGNE,-4
13587.0,DOORMAT KEEP CALM AND COME IN,-4
13587.0,DOORMAT UNION FLAG,-4
14606.0,COLOUR GLASS T-LIGHT HOLDER HANGING,-4
12607.0,FAIRY CAKE BIRTHDAY CANDLE SET,-4
12607.0,FRYING PAN RED RETROSPOT,-4
12607.0,GLASS APOTHECARY BOTTLE ELIXIR,-4
12607.0,MILK PAN BLUE POLKADOT,-4
14911.0,15CM CHRISTMAS GLASS BALL 20 LIGHTS,-4
14911.0,3 WICK CHRISTMAS BRIAR CANDLE ,-4
14895.0,WOODEN BOX ADVENT CALENDAR ,-4
14902.0,ANTIQUE SILVER T-LIGHT GLASS,-4
13854.0,WHITE WOOD GARDEN PLANT LADDER,-4
13856.0,MOROCCAN TEA GLASS,-4
13069.0,BLUE POLKADOT BOWL,-4
15755.0,POTTERING MUG,-4
12462.0,DANISH ROSE DECORATIVE PLATE,-4
17841.0,UNION STRIPE CUSHION COVER ,-4
15750.0,HAND WARMER UNION JACK,-4
15329.0,Manual,-4
12607.0,CHILDRENS CUTLERY CIRCUS PARADE,-4
12607.0,CHILDRENS CUTLERY DOLLY GIRL ,-4
12607.0,CHILDRENS CUTLERY SPACEBOY ,-4
17204.0,PHOTO FRAME 3 CLASSIC HANGING,-4
13520.0,CHILDRENS CUTLERY SPACEBOY ,-4
16558.0,JAM MAKING SET WITH JARS,-4
16558.0,JIGSAW TREE WITH BIRDHOUSE,-4
16558.0,STRAWBERRY CERAMIC TRINKET BOX,-4
14911.0,CRYSTAL PAIR HEART HAIR SLIDES,-4
16571.0,VINTAGE DOILY TRAVEL SEWING KIT,-4
17340.0,CLASSIC GLASS COOKIE JAR,-4
17340.0,GUMBALL MAGAZINE RACK,-4
15801.0,DARK BIRD HOUSE TREE DECORATION,-4
12471.0,ALARM CLOCK BAKELIKE PINK,-4
15311.0,GLITTER HANGING BUTTERFLY STRING,-4
13863.0,JIGSAW TREE WITH BIRDHOUSE,-4
13871.0,ANTIQUE GLASS DRESSING TABLE POT,-4
16602.0,COLOUR GLASS. STAR T-LIGHT HOLDER,-4
14903.0,ANTIQUE SILVER TEA GLASS ENGRAVED,-4
13534.0,KNEELING MAT HOUSEWORK  DESIGN,-4
12753.0,TOADSTOOL MONEY BOX,-4
14911.0,GREEN PAIR HEART HAIR SLIDES,-4
14304.0,FELTCRAFT CUSHION OWL,-4
14304.0,GREEN CHRISTMAS TREE STRING 20LIGHT,-4
12471.0,6 RIBBONS RUSTIC CHARM,-4
15311.0,CLEAR MILKSHAKE GLASS,-4
15298.0,TOADSTOOL BEDSIDE LIGHT ,-4
15299.0,ASSORTED COLOUR T-LIGHT HOLDER,-4
13050.0,POTTING SHED TEA MUG,-4
13267.0,ANTIQUE GLASS DRESSING TABLE POT,-4
13267.0,DRAWER KNOB CRACKLE GLAZE IVORY,-4
13267.0,HAND WARMER BIRD DESIGN,-4
12584.0,CANDLEHOLDER PINK HANGING HEART,-4
16554.0,SMALL GLASS HEART TRINKET POT,-4
12753.0,ABC TREASURE BOOK BOX ,-4
16553.0,PLASMATRONIC LAMP,-4
17411.0,ALARM CLOCK BAKELIKE CHOCOLATE,-4
17411.0,ALARM CLOCK BAKELIKE RED ,-4
12779.0,PHOTO FRAME 3 CLASSIC HANGING,-4
12779.0,SET OF 10 LED DOLLY LIGHTS,-4
13505.0,DRAWER KNOB CRACKLE GLAZE GREEN,-4
15805.0,CARD HOLDER LOVE BIRD LARGE ,-4
15805.0,RECIPE BOX PANTRY YELLOW DESIGN,-4
14056.0,GYMKHANA TREASURE BOOK BOX,-4
17819.0,REGENCY CAKESTAND 3 TIER,-4
17828.0,CHRISTMAS PUDDING TRINKET POT ,-4
14911.0,EDWARDIAN DROP EARRINGS JET BLACK,-4
16554.0,CHRISTMAS RETROSPOT STAR WOOD,-4
16554.0,HEART OF WICKER SMALL,-4
16554.0,RETROSPOT WOODEN HEART DECORATION,-4
12584.0,BREAD BIN DINER STYLE IVORY,-4
14543.0,HAPPY EASTER HANGING DECORATION,-4
14911.0,MIDNIGHT BLUE PAIR HEART HAIR SLIDE,-4
14534.0,QUEENS GUARD COFFEE MUG,-4
17422.0,RED COAT RACK PARIS FASHION,-4
13929.0,CLASSIC METAL BIRDCAGE PLANT HOLDER,-4
13931.0,LARGE CERAMIC TOP STORAGE JAR,-4
17757.0,SET OF TEA COFFEE SUGAR TINS PANTRY,-4
14320.0,FLOWER VINE RAFFIA FOOD COVER,-4
15823.0,BLACK CHERRY LIGHTS,-4
15810.0,LUNCH BAG ALPHABET DESIGN,-4
15810.0,MR ROBOT SOFT TOY,-4
15810.0,RED RETROSPOT CHARLOTTE BAG,-4
17405.0,KINGS CHOICE BISCUIT TIN,-4
17405.0,STORAGE TIN HOME SWEET HOME,-4
12567.0,PICNIC BOXES SET OF 3 RETROSPOT ,-4
14535.0,SET OF TEA COFFEE SUGAR TINS PANTRY,-4
14543.0,DAIRY MAID TRADITIONAL TEAPOT ,-4
16401.0,STRAWBERRY LUNCH BOX WITH CUTLERY,-4
16474.0,NATURAL SLATE RECTANGLE CHALKBOARD,-4
16422.0,WOODEN BOX ADVENT CALENDAR ,-4
17731.0,REGENCY CAKESTAND 3 TIER,-4
14339.0,ICE CREAM SUNDAE LIP GLOSS,-4
14326.0,GARDENIA 3 WICK MORRIS BOXED CANDLE,-4
12471.0,PLASTERS IN TIN STRONGMAN,-4
15830.0,HOT WATER BOTTLE KEEP CALM,-4
15240.0,PAPER CHAIN KIT RETROSPOT,-4
12544.0,JAM MAKING SET WITH JARS,-4
14911.0,PAIR OF ENAMEL BUTTERFLY HAIRCLIP,-4
13497.0,IVY HEART WREATH,-4
13499.0,BIRDHOUSE DECORATION MAGIC GARDEN,-4
12779.0,CERAMIC CAKE DESIGN SPOTTED PLATE,-4
16449.0,PHOTO FRAME CORNICE,-4
16462.0,WHITE WOOD GARDEN PLANT LADDER,-4
13954.0,CREAM CUPID HEARTS COAT HANGER,-4
13448.0,HOT WATER BOTTLE TEA AND SYMPATHY,-4
12841.0,SET 40 HEART SHAPE PETIT FOUR CASES,-4
14911.0,VINTAGE CHRISTMAS TABLECLOTH,-4
13310.0,SWEETHEART BIRD HOUSE,-4
13012.0,PICNIC BASKET WICKER LARGE,-4
13012.0,PICNIC BASKET WICKER SMALL,-4
17730.0,SET OF 20 VINTAGE CHRISTMAS NAPKINS,-4
15827.0,ROUND CAKE TIN VINTAGE GREEN,-4
15827.0,SET OF 3 CAKE TINS PANTRY DESIGN ,-4
15827.0,SET OF 6 TEA TIME BAKING CASES,-4
15223.0,SET OF 6 SPICE TINS PANTRY DESIGN,-4
17434.0,CHERRY BLOSSOM  DECORATIVE FLASK,-4
17460.0,BLUE GIANT GARDEN THERMOMETER,-4
13939.0,HEART OF WICKER LARGE,-4
16401.0,LUNCH BAG RED RETROSPOT,-4
14511.0,GLASS APOTHECARY BOTTLE ELIXIR,-4
14511.0,GLASS APOTHECARY BOTTLE PERFUME,-4
14511.0,GLASS APOTHECARY BOTTLE TONIC,-4
12841.0,TRAVEL CARD WALLET VINTAGE TICKET,-4
12843.0,"KEY FOB , SHED",-4
14911.0,"WHITE TEA,COFFEE,SUGAR JARS",-4
12483.0,WOODEN OWLS LIGHT GARLAND ,-4
17724.0,DANISH ROSE TRINKET TRAYS,-4
14350.0,3D SHEET OF CAT STICKERS,-4
14359.0,ENAMEL WASH BOWL CREAM,-4
13314.0,"SET 3 RETROSPOT TEA,COFFEE,SUGAR",-4
15201.0,SPOTTY BUNTING,-4
15201.0,TRAVEL CARD WALLET RETROSPOT,-4
15220.0,FULL ENGLISH BREAKFAST PLATE,-4
14911.0,ROSE COLOUR PAIR HEART HAIR SLIDES,-4
17469.0,TRIPLE HOOK ANTIQUE IVORY ROSE,-4
12494.0,NOVELTY BISCUITS CAKE STAND 3 TIER,-4
13408.0,SET 6 PAPER TABLE LANTERN HEARTS ,-4
16362.0,CHARLOTTE BAG PINK POLKADOT,-4
16362.0,LOVE HOT WATER BOTTLE,-4
12853.0,PARISIENNE KEY CABINET ,-4
15874.0,LOVE HEART TRINKET POT,-4
17702.0,ROUND CONTAINER SET OF 5 RETROSPOT,-4
17716.0,IVORY SWEETHEART WIRE LETTER RACK ,-4
12472.0,3 HOOK HANGER MAGIC GARDEN,-4
12472.0,ADVENT CALENDAR GINGHAM SACK,-4
17716.0,PARLOUR CERAMIC WALL HOOK,-4
17716.0,VINTAGE RED ENAMEL TRIM JUG ,-4
17716.0,ZINC SWEETHEART WIRE LETTER RACK,-4
17719.0,ALARM CLOCK BAKELIKE RED ,-4
16403.0,CERAMIC STRAWBERRY CAKE MONEY BANK,-4
17504.0,SET OF 6 SPICE TINS PANTRY DESIGN,-4
14426.0,SET3 BOOK BOX GREEN GINGHAM FLOWER ,-4
14428.0,HANGING HEART JAR T-LIGHT HOLDER,-4
17526.0,WHITE METAL LANTERN,-4
13983.0,HANGING CLEAR MINI BOTTLE,-4
13012.0,BLACK RECORD COVER FRAME,-4
13317.0,STRAWBERRY CERAMIC TRINKET BOX,-4
13317.0,STRAWBERRY FAIRY CAKE TEAPOT,-4
13319.0,BISCUIT TIN VINTAGE RED,-4
12997.0,SWEETHEART CERAMIC TRINKET BOX,-4
13004.0,CLASSIC CAFE SUGAR DISPENSER,-4
14952.0,ZINC TOP  2 DOOR WOODEN SHELF ,-4
14976.0,ZINC HERB GARDEN CONTAINER,-4
16359.0,SET OF 2 ROUND TINS DUTCH CHEESE,-4
14441.0,PARISIENNE JEWELLERY DRAWER ,-4
16256.0,PARTY BUNTING,-4
16306.0,PIGGY BANK RETROSPOT ,-4
14426.0,FELTCRAFT PRINCESS LOLA DOLL,-4
16252.0,BINGO SET,-4
16252.0,DOORSTOP RETROSPOT HEART,-4
13408.0,GLASS JAR ENGLISH CONFECTIONERY,-4
13408.0,NATURAL SLATE CHALKBOARD LARGE ,-4
13319.0,FELTCRAFT CHRISTMAS FAIRY,-4
14040.0,ANTIQUE SILVER T-LIGHT GLASS,-4
14040.0,REGENCY CAKESTAND 3 TIER,-4
14047.0,ENCHANTED BIRD COATHANGER 5 HOOK,-4
14397.0,CHRISTMAS STAR WISH LIST CHALKBOARD,-4
14400.0,VINTAGE RED ENAMEL TRIM JUG ,-4
15969.0,BOTANICAL GARDENS WALL CLOCK ,-4
16316.0,GUMBALL MAGAZINE RACK,-4
16278.0,SET OF 6 SPICE TINS PANTRY DESIGN,-4
17511.0,SET OF 10 LED DOLLY LIGHTS,-4
17511.0,SMALL HEART MEASURING SPOONS,-4
17548.0,IVORY GIANT GARDEN THERMOMETER,-4
17562.0,FAIRY CAKE BIRTHDAY CANDLE SET,-4
12476.0,GRASS HOPPER WOODEN WALL CLOCK ,-4
12886.0,EMERGENCY FIRST AID TIN ,-4
12895.0,3 ROSE MORRIS BOXED CANDLES,-4
16233.0,SEWING BOX RETROSPOT DESIGN ,-4
16218.0,TRIPLE HOOK ANTIQUE IVORY ROSE,-4
12957.0,CITRONELLA CANDLE GARDEN POT,-4
12989.0,COFFEE MUG CAT + BIRD DESIGN,-4
12957.0,POTTING SHED TEA MUG,-4
12967.0,CHILDRENS CUTLERY POLKADOT PINK,-4
12967.0,SCOTTIE DOG HOT WATER BOTTLE,-4
12994.0,ENAMEL MEASURING JUG CREAM,-4
12994.0,FRENCH ENAMEL CANDLEHOLDER,-4
14426.0,FELTCRAFT CUSHION OWL,-4
14426.0,FELTCRAFT CUSHION RABBIT,-4
15073.0,FRENCH CARRIAGE LANTERN,-4
15073.0,PARTY BUNTING,-4
13364.0,HOME SWEET HOME CUSHION COVER ,-4
16191.0,LONDON BUS COFFEE MUG,-4
15073.0,CHILLI LIGHTS,-4
15050.0,ZINC BOX SIGN HOME,-4
16133.0,FRENCH ENAMEL CANDLEHOLDER,-4
14410.0,METAL RABBIT LADDER EASTER ,-4
14410.0,ENGLISH ROSE SPIRIT LEVEL ,-4
14410.0,FELT EGG COSY BLUE RABBIT ,-4
14410.0,FELT EGG COSY CHICKEN,-4
17671.0,ENAMEL WATERING CAN CREAM,-4
15146.0,DECORATION  BUTTERFLY  MAGIC GARDEN,-4
15146.0,DECORATION  PINK CHICK MAGIC GARDEN,-4
15146.0,DECORATION WHITE CHICK MAGIC GARDEN,-4
17567.0,WHITE SPOT BLUE CERAMIC DRAWER KNOB,-4
15078.0,KINGS CHOICE TEA CADDY ,-4
15078.0,LIGHT GARLAND BUTTERFILES PINK,-4
15078.0,WOODEN OWLS LIGHT GARLAND ,-4
14410.0,IF YOU CAN'T STAND THE HEAT MUG,-4
12473.0,12 PENCILS TALL TUBE WOODLAND,-4
16150.0,LARGE STRIPES CHOCOLATE GIFT BAG,-4
16145.0,SET OF 6 TEA TIME BAKING CASES,-4
15120.0,FAIRY CAKE BIRTHDAY CANDLE SET,-4
13338.0,GLASS JAR PEACOCK BATH SALTS,-4
13369.0,FAIRY CAKE BIRTHDAY CANDLE SET,-4
13369.0,SWEETHEART CERAMIC TRINKET BOX,-4
17581.0,BLUE NEW BAROQUE CANDLESTICK CANDLE,-4
17581.0,DAIRY MAID STRIPE MUG,-4
17593.0,DOORSTOP RETROSPOT HEART,-4
14410.0,VINTAGE UNION JACK CUSHION COVER,-4
12921.0,NATURAL SLATE CHALKBOARD LARGE ,-4
12647.0,TOADSTOOL MONEY BOX,-4
16923.0,JAM MAKING SET WITH JARS,-4
13769.0,MULTI COLOUR SILVER T-LIGHT HOLDER,-4
13113.0,LUNCH BAG SUKI DESIGN ,-4
13113.0,MINI CAKE STAND WITH HANGING CAKES,-4
13113.0,PACK OF 60 PINK PAISLEY CAKE CASES,-4
13113.0,PAPER CHAIN KIT VINTAGE CHRISTMAS,-4
15533.0,S/4 PINK FLOWER CANDLES IN BOWL,-4
13098.0,EGG CUP MILKMAID HELGA ,-4
13113.0,CREAM SWEETHEART MINI CHEST,-4
15502.0,SET 40 HEART SHAPE PETIT FOUR CASES,-4
14665.0,VINYL RECORD FRAME SILVER,-4
12656.0,RED RETROSPOT PICNIC BAG,-4
12657.0,KINGS CHOICE BISCUIT TIN,-4
16859.0,SET/3 VANILLA SCENTED CANDLE IN BOX,-4
16859.0,WHITE TALL PORCELAIN T-LIGHT HOLDER,-4
18225.0,RED RETROSPOT TRADITIONAL TEAPOT ,-4
15514.0,ALARM CLOCK BAKELIKE PINK,-4
14665.0,SET/3 RED GINGHAM ROSE STORAGE BOX,-4
14146.0,DOG BOWL VINTAGE CREAM,-4
14159.0,ASSTD MULTICOLOUR CIRCLES MUG,-4
18245.0,CHRISTMAS LIGHTS 10 REINDEER,-4
18241.0,FAIRY CAKE BIRTHDAY CANDLE SET,-4
15521.0,CHILDRENS CUTLERY SPACEBOY ,-4
14149.0,PIZZA PLATE IN BOX,-4
18260.0,HANGING JAM JAR T-LIGHT HOLDER,-4
12352.0,LANTERN CREAM GAZEBO ,-3
12352.0,Manual,-3
13098.0,JAM MAKING SET WITH JARS,-3
18270.0,SET OF 16 VINTAGE PISTACHIO CUTLERY,-3
18245.0,CHRISTMAS LIGHTS 10 SANTAS ,-3
14146.0,DELUXE SEWING KIT ,-3
14149.0,BLUE SCOTTIE DOG W FLOWER PATTERN,-3
16892.0,LIGHT GARLAND BUTTERFILES PINK,-3
16897.0,POTTERING MUG,-3
15514.0,ALARM CLOCK BAKELIKE RED ,-3
12395.0,SET/3 POLKADOT STACKING TINS,-3
18225.0,RED RETROSPOT SMALL MILK JUG,-3
18225.0,SET OF 6 TEA TIME BAKING CASES,-3
18225.0,TEA FOR ONE POLKADOT,-3
14159.0,TRAVEL CARD WALLET FLOWER MEADOW,-3
14175.0,CITRONELLA CANDLE FLOWERPOT,-3
14175.0,COOK WITH WINE METAL SIGN ,-3
18274.0,SET OF 3 CAKE TINS PANTRY DESIGN ,-3
14149.0,HOME SMALL WOOD LETTERS,-3
14032.0,LARGE POPCORN HOLDER ,-3
14032.0,PINK DOUGHNUT TRINKET POT ,-3
14410.0,MULTICOLOUR 3D BALLS GARLAND,-3
14410.0,PLASTERS IN TIN STRONGMAN,-3
12474.0,GYMKHANA TREASURE BOOK BOX,-3
14410.0,RED RETROSPOT BUTTER DISH,-3
14410.0,RED RETROSPOT TEA CUP AND SAUCER ,-3
14410.0,GIN AND TONIC MUG,-3
16170.0,JAM JAR WITH PINK LID,-3
17611.0,LIGHT GARLAND BUTTERFILES PINK,-3
17651.0,ENAMEL FLOWER JUG CREAM,-3
17652.0,CREAM SWEETHEART MINI CHEST,-3
16145.0,VINTAGE RED TEATIME MUG,-3
16150.0,CHRISTMAS PUDDING TRINKET POT ,-3
16150.0,FIRST AID TIN,-3
15078.0,GIN + TONIC DIET METAL SIGN,-3
14410.0,GREEN METAL SWINGING BUNNY,-3
12473.0,Manual,-3
12473.0,SET 12 KIDS COLOUR  CHALK STICKS,-3
16133.0,VINTAGE RED ENAMEL TRIM MUG ,-3
15122.0,JAM MAKING SET WITH JARS,-3
15091.0,HANGING  BUTTERFLY T-LIGHT HOLDER,-3
16157.0,CLASSIC GLASS COOKIE JAR,-3
16120.0,MIDNIGHT GLAMOUR SCARF KNITTING KIT,-3
13320.0,TEA FOR ONE POLKADOT,-3
13324.0,REGENCY CAKESTAND 3 TIER,-3
13365.0,RECIPE BOX PANTRY YELLOW DESIGN,-3
13369.0,RED HANGING HEART T-LIGHT HOLDER,-3
15066.0,PANTRY MAGNETIC  SHOPPING LIST,-3
14414.0,SAVOY ART DECO CLOCK,-3
14415.0,3 HOOK HANGER MAGIC GARDEN,-3
13352.0,SWEETHEART CERAMIC TRINKET BOX,-3
16201.0,GREEN REGENCY TEACUP AND SAUCER,-3
15044.0,REGENCY CAKESTAND 3 TIER,-3
12476.0,36 PENCILS TUBE RED RETROSPOT,-3
12476.0,ANTIQUE GLASS DRESSING TABLE POT,-3
17567.0,KNITTED UNION FLAG HOT WATER BOTTLE,-3
14001.0,Manual,-3
14009.0,SET 3 SONG BIRD PAPER EGGS ASSORTED,-3
12919.0,VICTORIAN SEWING BOX SMALL ,-3
15066.0,RETROSPOT TEA SET CERAMIC 11 PC ,-3
16201.0,REGENCY TEA PLATE ROSES ,-3
16161.0,HEART OF WICKER LARGE,-3
12921.0,ANTIQUE GLASS PEDESTAL BOWL,-3
13365.0,BOX OF VINTAGE JIGSAW BLOCKS ,-3
16133.0,FRENCH ENAMEL WATER BASIN,-3
17653.0,DECORATIVE WICKER HEART LARGE,-3
12472.0,STRAWBERRY LUNCH BOX WITH CUTLERY,-3
15147.0,BAKING SET 9 PIECE RETROSPOT ,-3
15125.0,SMALL CERAMIC TOP STORAGE JAR ,-3
15128.0,CLASSIC CAFE SUGAR DISPENSER,-3
13320.0,CIRCUS PARADE LUNCH BOX ,-3
14000.0,ASSORTED COLOUR T-LIGHT HOLDER,-3
12886.0,TRIPLE HOOK ANTIQUE IVORY ROSE,-3
12888.0,CERAMIC CAKE STAND + HANGING CAKES,-3
16245.0,GLASS JAR DIGESTIVE BISCUITS,-3
15034.0,ALARM CLOCK BAKELIKE GREEN,-3
13396.0,DRAWER KNOB CRACKLE GLAZE GREEN,-3
13396.0,SET OF 3 COLOURED  FLYING DUCKS,-3
16232.0,RED RETROSPOT SMALL MILK JUG,-3
12949.0,POTTERING MUG,-3
16133.0,BOX OF 6 CHRISTMAS CAKE DECORATIONS,-3
14410.0,BLUE/CREAM STRIPE CUSHION COVER ,-3
14410.0,CHILDRENS APRON SPACEBOY DESIGN,-3
12472.0,REGENCY CAKESTAND 3 TIER,-3
12472.0,SCANDINAVIAN REDS RIBBONS,-3
17672.0,SWEETHEART CAKESTAND 3 TIER,-3
15152.0,RECIPE BOX PANTRY YELLOW DESIGN,-3
12995.0,SILVER MUG BONE CHINA TREE OF LIFE,-3
13983.0,POPCORN HOLDER,-3
13988.0,3 GARDENIA MORRIS BOXED CANDLES,-3
14426.0,NATURAL SLATE CHALKBOARD LARGE ,-3
16252.0,RETROSPOT HEART HOT WATER BOTTLE,-3
15005.0,SET/5 RED RETROSPOT LID GLASS BOWLS,-3
15005.0,STRAWBERRY CERAMIC TRINKET BOX,-3
13993.0,JAM MAKING SET WITH JARS,-3
13993.0,LANTERN CREAM GAZEBO ,-3
13999.0,ENAMEL WASH BOWL CREAM,-3
16013.0,FRENCH ENAMEL CANDLEHOLDER,-3
15159.0,PHOTO FRAME CORNICE,-3
15159.0,WOOD 2 DRAWER CABINET WHITE FINISH,-3
17677.0,POPCORN HOLDER,-3
12472.0,RED SPOTTY BISCUIT TIN,-3
12997.0,STRAWBERRY CERAMIC TRINKET BOX,-3
15189.0,CITRONELLA CANDLE FLOWERPOT,-3
15189.0,GREEN REGENCY TEACUP AND SAUCER,-3
16013.0,VICTORIAN GLASS HANGING T-LIGHT,-3
16321.0,MOBILE VINTAGE HEARTS ,-3
12483.0,POSTAGE,-3
17511.0,WHITE HANGING HEART T-LIGHT HOLDER,-3
17519.0,SILVER HANGING T-LIGHT HOLDER,-3
12476.0,STORAGE TIN HOME SWEET HOME,-3
17528.0,BOTANICAL GARDENS WALL CLOCK ,-3
17547.0,FELTCRAFT DOLL MOLLY,-3
13983.0,COCKTAIL SWORDS 50 PIECES,-3
14389.0,JUMBO BAG RED RETROSPOT,-3
14389.0,LUNCH BAG  BLACK SKULL.,-3
14389.0,LUNCH BAG ALPHABET DESIGN,-3
12472.0,GROW YOUR OWN PLANT IN A CAN ,-3
17696.0,TRIPLE HOOK ANTIQUE IVORY ROSE,-3
15194.0,ANGEL DECORATION 3 BUTTONS ,-3
15194.0,RECIPE BOX PANTRY YELLOW DESIGN,-3
15215.0,15CM CHRISTMAS GLASS BALL 20 LIGHTS,-3
15215.0,ANTIQUE SILVER BAUBLE LAMP  ,-3
15201.0,FRENCH KITCHEN SIGN BLUE METAL,-3
16303.0,PIGGY BANK RETROSPOT ,-3
16362.0,ANTIQUE SILVER TEA GLASS ENGRAVED,-3
15005.0,CERAMIC CAKE BOWL + HANGING CAKES,-3
16393.0,BAKING SET 9 PIECE RETROSPOT ,-3
13971.0,SET OF 6 SPICE TINS PANTRY DESIGN,-3
17511.0,LARGE CAKE STAND  HANGING STRAWBERY,-3
17511.0,LARGE POPCORN HOLDER ,-3
16293.0,CLASSIC CAFE SUGAR DISPENSER,-3
16252.0,VINTAGE UNION JACK DOORSTOP,-3
16255.0,CLEAR DRAWER KNOB ACRYLIC EDWARDIAN,-3
12494.0,LUNCH BAG DOLLY GIRL DESIGN,-3
12494.0,RECIPE BOX RETROSPOT ,-3
12494.0,SET/6 PINK BIRD T-LIGHT CANDLES,-3
12500.0,BELLE JARDINIERE CUSHION COVER,-3
14462.0,MEDIUM WHITE/PINK ROSE ART FLOWER,-3
14952.0,GLASS TWIST BON BON JAR,-3
13408.0,RED RETROSPOT TRADITIONAL TEAPOT ,-3
13408.0,SET OF 3 CAKE TINS PANTRY DESIGN ,-3
13410.0,EASTER CRAFT 4 CHICKS ,-3
16393.0,JUMBO BAG VINTAGE CHRISTMAS ,-3
12853.0,BAKING MOULD EASTER EGG WHITE CHOC,-3
15201.0,JUMBO BAG STRAWBERRY,-3
15932.0,GLASS CHALICE BLUE SMALL ,-3
15939.0,NATURAL SLATE CHALKBOARD LARGE ,-3
15874.0,STRAWBERRY CERAMIC TRINKET BOX,-3
15874.0,WOODEN PICTURE FRAME WHITE FINISH,-3
17706.0,CINDERELLA CHANDELIER ,-3
14367.0,RED HANGING HEART T-LIGHT HOLDER,-3
13447.0,HOME SWEET HOME BLACKBOARD,-3
16403.0,STRAWBERRY CERAMIC TRINKET BOX,-3
17504.0,HOME BUILDING BLOCK WORD,-3
14488.0,PACK 3 BOXES CHRISTMAS PANNETONE,-3
16376.0,CHRISTMAS TOILET ROLL,-3
12841.0,TEA TIME PARTY BUNTING,-3
14916.0,SMALL CERAMIC TOP STORAGE JAR ,-3
17724.0,DECORATIVE FLORE BATHROOM BOTTLE,-3
14359.0,PINK REGENCY TEACUP AND SAUCER,-3
13310.0,WHITE HANGING HEART T-LIGHT HOLDER,-3
13314.0,DAIRY MAID LARGE MILK JUG,-3
13314.0,SET OF 3 CAKE TINS PANTRY DESIGN ,-3
13314.0,VINTAGE DOILY DELUXE SEWING KIT ,-3
15201.0,TRAVEL CARD WALLET SKULLS,-3
15215.0,REGENCY CAKESTAND 3 TIER,-3
15221.0,CUPBOARD 3 DRAWER MA CAMPAGNE,-3
12501.0,"SET 3 RETROSPOT TEA,COFFEE,SUGAR",-3
12501.0,SET OF SALT AND PEPPER TOADSTOOLS,-3
17462.0,ENAMEL MEASURING JUG CREAM,-3
17511.0,FAMILY ALBUM WHITE PICTURE FRAME,-3
17511.0,GLASS JAR ENGLISH CONFECTIONERY,-3
16394.0,TRAVEL CARD WALLET FLOWER MEADOW,-3
13455.0,OVERNIGHT BAG VINTAGE ROSE PAISLEY,-3
14911.0,SET/3 OCEAN SCENT CANDLE JEWEL BOX,-3
16398.0,PHOTO FRAME CORNICE,-3
13435.0,CLASSIC GLASS COOKIE JAR,-3
13012.0,NATURAL SLATE CHALKBOARD LARGE ,-3
14049.0,MINI PAINT SET VINTAGE ,-3
14333.0,MARIE ANTOINETTE TRINKET BOX GOLD,-3
17769.0,SET OF 10 LANTERNS FAIRY LIGHT STAR,-3
17731.0,ENAMEL FLOWER JUG CREAM,-3
13014.0,STRAWBERRY CERAMIC TRINKET BOX,-3
15228.0,REGENCY MILK JUG PINK ,-3
15874.0,GRAND CHOCOLATECANDLE,-3
14911.0,PINK NEW BAROQUECANDLESTICK CANDLE,-3
13468.0,TRIPLE HOOK ANTIQUE IVORY ROSE,-3
16498.0,COTTON APRON PANTRY DESIGN,-3
17440.0,GOLD SCROLL GLASS T-LIGHT HOLDER,-3
12530.0,RUBY GLASS CLUSTER BRACELET,-3
12536.0,DANISH ROSE ROUND SEWING BOX,-3
17451.0,VINTAGE LEAF MAGNETIC NOTEPAD,-3
16474.0,SILVER GLASS T-LIGHT SET,-3
16422.0,BROCADE RING PURSE ,-3
15839.0,VICTORIAN SEWING BOX SMALL ,-3
14338.0,GREEN METAL BOX ARMY SUPPLIES,-3
14320.0,WHITE HANGING HEART T-LIGHT HOLDER,-3
12471.0,REGENCY SUGAR BOWL GREEN,-3
15811.0,DAIRY MAID TRADITIONAL TEAPOT ,-3
15827.0,JAM JAR WITH PINK LID,-3
15241.0,DELUXE SEWING KIT ,-3
12471.0,ROSE COTTAGE KEEPSAKE BOX ,-3
12471.0,SET 7 BABUSHKA NESTING BOXES,-3
12471.0,SET OF 3 CAKE TINS PANTRY DESIGN ,-3
14534.0,ALARM CLOCK BAKELIKE RED ,-3
17428.0,PINK REGENCY TEACUP AND SAUCER,-3
17428.0,WOODEN OWLS LIGHT GARLAND ,-3
12785.0,JUMBO BAG RED RETROSPOT,-3
12797.0,BOX OF VINTAGE JIGSAW BLOCKS ,-3
13481.0,JAM MAKING SET WITH JARS,-3
13495.0,GLASS STAR FROSTED T-LIGHT HOLDER,-3
16523.0,BREAD BIN DINER STYLE IVORY,-3
14911.0,PINK ENAMEL+GLASS HAIR COMB,-3
16554.0,ANTIQUE GLASS DRESSING TABLE POT,-3
17419.0,BAKING SET 9 PIECE RETROSPOT ,-3
17422.0,BIRDHOUSE DECORATION MAGIC GARDEN,-3
17422.0,BLUE COAT RACK PARIS FASHION,-3
17422.0,FELTCRAFT GIRL NICOLE KIT,-3
14534.0,JAM MAKING SET PRINTED,-3
14534.0,PAPER CHAIN KIT LONDON,-3
14534.0,PAPER CHAIN KIT VINTAGE CHRISTMAS,-3
17422.0,VINTAGE KITCHEN PRINT FRUITS,-3
13924.0,SET3 BOOK BOX GREEN GINGHAM FLOWER ,-3
14534.0,ALARM CLOCK BAKELIKE ORANGE,-3
12471.0,SET OF 4 KNICK KNACK TINS DOILY ,-3
14315.0,COFFEE MUG CAT + BIRD DESIGN,-3
14315.0,HANGING HEART JAR T-LIGHT HOLDER,-3
14320.0,GIN AND TONIC MUG,-3
13043.0,BREAD BIN DINER STYLE RED ,-3
13021.0,HANGING METAL STAR LANTERN,-3
13035.0,3 STRIPEY MICE FELTCRAFT,-3
13047.0,GLASS  BEURRE DISH,-3
13047.0,PANTRY MAGNETIC  SHOPPING LIST,-3
15279.0,NATURAL SLATE HEART CHALKBOARD ,-3
16550.0,GLASS  BEURRE DISH,-3
14534.0,REVOLVER WOODEN RULER ,-3
14534.0,SET OF 4 PANTRY JELLY MOULDS,-3
13501.0,ROSE COTTAGE KEEPSAKE BOX ,-3
13505.0,RED RETROSPOT CAKE STAND,-3
14911.0,MEMO BOARD RETROSPOT  DESIGN,-3
15281.0,BIRDS MOBILE VINTAGE DESIGN,-3
15281.0,DANISH ROSE PHOTO FRAME,-3
15805.0,PLEASE ONE PERSON METAL SIGN,-3
13047.0,SET OF 3 REGENCY CAKE TINS,-3
15291.0,RED STRIPE CERAMIC DRAWER KNOB,-3
17802.0,RED GINGHAM ROSE JEWELLERY BOX,-3
17811.0,RED RETROSPOT CUP,-3
14056.0,CHILDREN'S APRON DOLLY GIRL ,-3
14309.0,GREEN REGENCY TEACUP AND SAUCER,-3
14301.0,CHOC TRUFFLE GOLD TRINKET POT ,-3
14304.0,BAKING SET SPACEBOY DESIGN,-3
12576.0,RECIPE BOX PANTRY YELLOW DESIGN,-3
17375.0,BLUE PADDED SOFT MOBILE,-3
17375.0,MOBILE VINTAGE HEARTS ,-3
17381.0,HEART CALCULATOR,-3
12578.0,LUNCH BOX WITH CUTLERY RETROSPOT ,-3
12753.0,SET OF 4 KNICK KNACK TINS LEAF,-3
13505.0,ROUND SNACK BOXES SET OF 4 FRUITS ,-3
12753.0,RECIPE BOX RETROSPOT ,-3
17841.0,BLUE CHENILLE SHAGGY CUSHION COVER ,-3
17828.0,SET/3 VANILLA SCENTED CANDLE IN BOX,-3
15296.0,SET OF 3 REGENCY CAKE TINS,-3
15296.0,WOOD 2 DRAWER CABINET WHITE FINISH,-3
13050.0,PEARL CRYSTAL PUMPKIN T-LIGHT HLDR,-3
13266.0,STORAGE TIN VINTAGE DOILY ,-3
13908.0,RETROSPOT LARGE MILK JUG,-3
13919.0,RED TOADSTOOL LED NIGHT LIGHT,-3
13924.0,BAKING SET 9 PIECE RETROSPOT ,-3
13924.0,CARD HOLDER GINGHAM HEART,-3
17346.0,LARGE MEDINA STAMPED METAL BOWL ,-3
17346.0,MOROCCAN BEATEN METAL DISH,-3
12584.0,PINK HANGING HEART T-LIGHT HOLDER,-3
12584.0,WHITE HANGING HEART T-LIGHT HOLDER,-3
16554.0,SET 6 PAPER TABLE LANTERN STARS ,-3
16558.0,BLACK WINE GLASS,-3
13520.0,POSTAGE,-3
16592.0,CLASSIC CAFE SUGAR DISPENSER,-3
16592.0,HANGING METAL HEART LANTERN,-3
16592.0,STRAWBERRY CERAMIC TRINKET BOX,-3
13884.0,SMALL GLASS HEART TRINKET POT,-3
13894.0,ANTIQUE GLASS PEDESTAL BOWL,-3
13908.0,BLUE POLKADOT CUP,-3
16558.0,MINI CAKE STAND T-LIGHT HOLDER,-3
16558.0,SET OF 3 REGENCY CAKE TINS,-3
14911.0,CAKE STAND VICTORIAN FILIGREE SMALL,-3
15777.0,RETROSPOT LAMP,-3
17841.0,ENAMEL BREAD BIN CREAM,-3
14056.0,SET 2 TEA TOWELS I LOVE LONDON ,-3
14056.0,SET OF 4 KNICK KNACK TINS LEAF,-3
14297.0,RETROSPOT HEART HOT WATER BOTTLE,-3
14299.0,ROUND STORAGE TIN VINTAGE LEAF,-3
17841.0,GUMBALL COAT RACK,-3
17841.0,GUMBALL MONOCHROME COAT RACK,-3
17841.0,HEART SHAPE WIRELESS DOORBELL,-3
15311.0,GLASS HEART T-LIGHT HOLDER ,-3
15311.0,HANGING HEART JAR T-LIGHT HOLDER,-3
15311.0,JUMBO BAG PINK VINTAGE PAISLEY,-3
13266.0,SET OF 3 CAKE TINS PANTRY DESIGN ,-3
13862.0,CLASSIC GLASS COOKIE JAR,-3
13870.0,SET OF 3 REGENCY CAKE TINS,-3
13882.0,ROCOCO WALL MIRROR WHITE,-3
14562.0,BLACK LOVE BIRD T-LIGHT HOLDER,-3
14562.0,Manual,-3
16598.0,GRAND CHOCOLATECANDLE,-3
16602.0,HANGING JAM JAR T-LIGHT HOLDERS,-3
12749.0,SET OF 4 KNICK KNACK TINS POPPIES,-3
16573.0,MINI CAKE STAND WITH HANGING CAKES,-3
14898.0,RECIPE BOX WITH METAL HEART,-3
17313.0,RETRO PLASTIC 70'S TRAY,-3
12607.0,BLUE HAPPY BIRTHDAY BUNTING,-3
12607.0,BAKING SET 9 PIECE RETROSPOT ,-3
13850.0,JAM CLOCK MAGNET,-3
14565.0,RETROSPOT TEA SET CERAMIC 11 PC ,-3
17314.0,ANGEL DECORATION 3 BUTTONS ,-3
12597.0,SMALL WHITE RETROSPOT MUG IN BOX ,-3
17340.0,WALL ART 70'S ALPHABET ,-3
17340.0,WOOD 2 DRAWER CABINET WHITE FINISH,-3
17323.0,LUNCH BAG PINK POLKADOT,-3
17337.0,SNOWSTORM PHOTO FRAME FRIDGE MAGNET,-3
13266.0,SMALL RED RETROSPOT WINDMILL,-3
13050.0,SMALL GLASS HEART TRINKET POT,-3
15755.0,SET/5 RED RETROSPOT LID GLASS BOWLS,-3
13255.0,LARGE WHITE HEART OF WICKER,-3
17841.0,Manual,-3
14292.0,ROSES REGENCY TEACUP AND SAUCER ,-3
17841.0,RED SPOT CERAMIC DRAWER KNOB,-3
15745.0,RECIPE BOX PANTRY YELLOW DESIGN,-3
15750.0,JUMBO BAG RED RETROSPOT,-3
13069.0,RIBBON REEL MAKING SNOWMEN ,-3
13832.0,FAIRY CAKE BIRTHDAY CANDLE SET,-3
13846.0,PINK SMALL GLASS CAKE STAND,-3
17204.0,SET/5 RED RETROSPOT LID GLASS BOWLS,-3
16656.0,BAG 250g SWIRLY MARBLES,-3
16656.0,VICTORIAN SEWING BOX SMALL ,-3
14868.0,PANTRY MAGNETIC  SHOPPING LIST,-3
16670.0,TEA TIME KITCHEN APRON,-3
12753.0,20 DOLLY PEGS RETROSPOT,-3
16584.0,RECIPE BOX BLUE SKETCHBOOK DESIGN,-3
16584.0,RECIPE BOX PANTRY YELLOW DESIGN,-3
15312.0,SWEETHEART CERAMIC TRINKET BOX,-3
15321.0,PLACE SETTING WHITE STAR,-3
15321.0,SET OF 4 KNICK KNACK TINS POPPIES,-3
17841.0,STAR DECORATION PAINTED ZINC ,-3
17841.0,WELCOME  WOODEN BLOCK LETTERS,-3
14284.0,3 HEARTS HANGING DECORATION RUSTIC,-3
13078.0,SAVOY ART DECO CLOCK,-3
15700.0,FILIGRIS HEART WITH BUTTERFLY,-3
17850.0,WOOD 2 DRAWER CABINET WHITE FINISH,-3
14842.0,JINGLE BELL HEART DECORATION,-3
16653.0,SET OF 3 CAKE TINS PANTRY DESIGN ,-3
14842.0,VINTAGE CHRISTMAS GIFT BAG LARGE ,-3
12749.0,PANTRY SCRUBBING BRUSH,-3
12749.0,RED RETROSPOT TEA CUP AND SAUCER ,-3
12607.0,PINK HAPPY BIRTHDAY BUNTING,-3
13816.0,STORAGE TIN VINTAGE DOILY ,-3
14102.0,WHITE SPOT BLUE CERAMIC DRAWER KNOB,-3
14264.0,ANTIQUE SILVER TEA GLASS ETCHED,-3
12417.0,VINTAGE CREAM CAT FOOD CONTAINER,-3
17865.0,SWEETHEART CERAMIC TRINKET BOX,-3
15674.0,LANTERN CREAM GAZEBO ,-3
15351.0,ASSTD DESIGN RACING CAR PEN,-3
15351.0,SWEETHEART 3 TIER CAKE STAND ,-3
16717.0,LANTERN CREAM GAZEBO ,-3
16717.0,LOVE BUILDING BLOCK WORD,-3
12607.0,RETROSPOT TEA SET CERAMIC 11 PC ,-3
12607.0,SET OF 3 CAKE TINS PANTRY DESIGN ,-3
16701.0,RED RETROSPOT TRADITIONAL TEAPOT ,-3
13599.0,BOX OF 6 MINI VINTAGE CRACKERS,-3
16705.0,MOROCCAN TEA GLASS,-3
12748.0,TOY TIDY PINK POLKADOT,-3
12427.0,COFFEE MUG DOG + BALL DESIGN,-3
14276.0,3 TIER CAKE TIN RED AND CREAM,-3
14239.0,REGENCY CAKESTAND 3 TIER,-3
15365.0,BAKING SET SPACEBOY DESIGN,-3
15365.0,BOX OF VINTAGE JIGSAW BLOCKS ,-3
15676.0,PICTURE FRAME WOOD TRIPLE PORTRAIT,-3
15365.0,RETROSPOT TEA SET CERAMIC 11 PC ,-3
12616.0,CHILDS BREAKFAST SET SPACEBOY ,-3
12613.0,ROUND SNACK BOXES SET OF4 WOODLAND ,-3
17095.0,YELLOW GIANT GARDEN THERMOMETER,-3
12720.0,RECIPE BOX RETROSPOT ,-3
14808.0, SPACEBOY BABY GIFT SET,-3
14793.0,SET OF TEA COFFEE SUGAR TINS PANTRY,-3
14796.0,CERAMIC PLATE STRAWBERRY DESIGN,-3
14796.0,STRAWBERRY CERAMIC TRINKET BOX,-3
14231.0,ENAMEL FLOWER JUG CREAM,-3
13081.0,SWEET HEART CAKE CARRIER,-3
13081.0,WHITE HANGING HEART T-LIGHT HOLDER,-3
17997.0,SET OF 3 REGENCY CAKE TINS,-3
18055.0,BIRDS MOBILE VINTAGE DESIGN,-3
18065.0,JAM MAKING SET WITH JARS,-3
14217.0,TRIPLE HOOK ANTIQUE IVORY ROSE,-3
13148.0,EUCALYPTUS & PINECONE  WREATH,-3
13089.0,ENAMEL FLOWER JUG CREAM,-3
17034.0,LARGE WHITE HEART OF WICKER,-3
17035.0,SET/3 DECOUPAGE STACKING TINS,-3
12616.0,PICNIC BOXES SET OF 3 RETROSPOT ,-3
12621.0,PINK REGENCY TEACUP AND SAUCER,-3
17037.0,CLASSIC GLASS COOKIE JAR,-3
17044.0,GLASS STAR FROSTED T-LIGHT HOLDER,-3
13815.0,CLASSIC GLASS COOKIE JAR,-3
16717.0,T-LIGHT HOLDER HANGING LOVE BIRD,-3
12709.0,WOODEN CROQUET GARDEN SET,-3
12712.0,BLUE PADDED SOFT MOBILE,-3
13611.0,ENAMEL MEASURING JUG CREAM,-3
13798.0,LAUNDRY 15C METAL SIGN,-3
13798.0,SCANDINAVIAN PAISLEY PICNIC BAG,-3
13798.0,TOILET METAL SIGN,-3
13798.0,YOU'RE CONFUSING ME METAL SIGN ,-3
17017.0,POPCORN HOLDER,-3
17017.0,QUEENS GUARD COFFEE MUG,-3
12709.0,MINT KITCHEN SCALES,-3
14739.0,ANTIQUE SILVER T-LIGHT GLASS,-3
13658.0,REGENCY CAKESTAND 3 TIER,-3
12709.0,TOADSTOOL MONEY BOX,-3
12709.0,POTTING SHED TWINE,-3
13630.0,ANTIQUE ALL GLASS CANDLESTICK,-3
15426.0,POPCORN HOLDER,-3
13145.0,IF YOU CAN'T STAND THE HEAT MUG,-3
13089.0,NATURAL SLATE CHALKBOARD LARGE ,-3
18109.0,PICNIC BASKET WICKER LARGE,-3
18075.0,WHITE HANGING HEART T-LIGHT HOLDER,-3
12413.0,POSTAGE,-3
13136.0,RED STAR CARD HOLDER,-3
13090.0,PAPERWEIGHT VINTAGE COLLAGE,-3
13798.0,COOK WITH WINE METAL SIGN ,-3
16996.0,PHOTO FRAME CORNICE,-3
17017.0,COCKTAIL SWORDS 50 PIECES,-3
16801.0,ENAMEL COLANDER CREAM,-3
16801.0,ENAMEL FLOWER JUG CREAM,-3
16791.0,ALARM CLOCK BAKELIKE PINK,-3
12626.0,BAKING SET SPACEBOY DESIGN,-3
13668.0,VINTAGE EMBOSSED HEART,-3
12703.0,ROUND SNACK BOXES SET OF 4 FRUITS ,-3
16984.0,GLASS JAR ENGLISH CONFECTIONERY,-3
14640.0,CITRONELLA CANDLE GARDEN POT,-3
14620.0,RETRO COFFEE MUGS ASSORTED,-3
14618.0,BAKING SET 9 PIECE RETROSPOT ,-3
16801.0,NATURAL SLATE CHALKBOARD LARGE ,-3
16801.0,SET OF 3 CAKE TINS PANTRY DESIGN ,-3
12708.0,SET OF 4 KNICK KNACK TINS DOILEY ,-3
12708.0,SET OF TEA COFFEE SUGAR TINS PANTRY,-3
12709.0,CABIN BAG VINTAGE RETROSPOT,-3
13668.0,DRAWER KNOB CERAMIC IVORY,-3
14205.0,RED RETROSPOT ROUND CAKE TINS,-3
14205.0,RETROSPOT LARGE MILK JUG,-3
14209.0,CITRONELLA CANDLE FLOWERPOT,-3
14112.0,RED RETROSPOT SMALL MILK JUG,-3
15606.0,LARGE WHITE HEART OF WICKER,-3
15615.0,JUMBO BAG PINK VINTAGE PAISLEY,-3
15615.0,LUNCH BAG  BLACK SKULL.,-3
13121.0,FRENCH LAVENDER SCENT HEART,-3
13131.0,CHILDS BREAKFAST SET CIRCUS PARADE,-3
13098.0,CHRISTMAS LIGHTS 10 REINDEER,-3
15597.0,LARGE WHITE HEART OF WICKER,-3
13693.0,MOBILE VINTAGE HEARTS ,-3
13694.0,Manual,-3
13704.0,JAM MAKING SET WITH JARS,-3
16933.0,EASTER TIN KEEPSAKE,-3
12633.0,CHARLOTTE BAG APPLES DESIGN,-3
14646.0,POSTAGE,-3
14659.0,ANTIQUE GLASS DRESSING TABLE POT,-3
12708.0,GUMBALL COAT RACK,-3
14701.0,VINTAGE UNION JACK PENNANT,-3
14690.0,3 HEARTS HANGING DECORATION RUSTIC,-3
14121.0,NATURAL SLATE CHALKBOARD LARGE ,-3
14198.0,SMALL GLASS SUNDAE DISH CLEAR,-3
18171.0,WOODEN UNION JACK BUNTING,-3
18172.0,3 TIER CAKE TIN RED AND CREAM,-3
15561.0,WHEELBARROW FOR CHILDREN ,-3
13118.0,CERAMIC PLATE STRAWBERRY DESIGN,-3
15489.0,GLASS JAR DAISY FRESH COTTON WOOL,-3
15489.0,GLASS JAR DIGESTIVE BISCUITS,-3
15489.0,GLASS JAR ENGLISH CONFECTIONERY,-3
15489.0,GLASS JAR MARMALADE ,-3
15489.0,GLASS JAR PEACOCK BATH SALTS,-3
13777.0,ROSE SCENT CANDLE IN JEWELLED BOX,-3
16923.0,ROSES REGENCY TEACUP AND SAUCER ,-3
16924.0,DOORMAT BLACK FLOCK ,-3
12697.0,STORAGE TIN VINTAGE LEAF,-3
12704.0,POSTAGE,-3
15498.0,BLUE POT PLANT CANDLE ,-3
18172.0,PLASTERS IN TIN CIRCUS PARADE ,-3
14194.0,RECIPE BOX PANTRY YELLOW DESIGN,-3
14188.0,LUNCH BAG VINTAGE DOILY ,-3
15544.0,BLUE POLKADOT CUP,-3
15555.0,HEART GARLAND RUSTIC PADDED,-3
15555.0,WOODEN PICTURE FRAME WHITE FINISH,-3
13113.0,JUMBO BAG STRAWBERRY,-3
12681.0,POSTAGE,-3
14680.0,SMALL POPCORN HOLDER,-3
16875.0,BISCUIT TIN 50'S CHRISTMAS,-3
16875.0,CHILDRENS CUTLERY POLKADOT GREEN ,-3
13767.0,ROSES REGENCY TEACUP AND SAUCER ,-3
13769.0,COLOUR GLASS. STAR T-LIGHT HOLDER,-3
12637.0,POSTAGE,-3
16923.0,AREA PATROLLED METAL SIGN,-3
13777.0,Manual,-3
14133.0,JAM JAR WITH PINK LID,-3
14133.0,JAM MAKING SET WITH JARS,-3
18223.0,LARGE POPCORN HOLDER ,-3
18193.0,15CM CHRISTMAS GLASS BALL 20 LIGHTS,-3
18198.0,DRAWER KNOB CRACKLE GLAZE GREEN,-3
15532.0, OVAL WALL MIRROR DIAMANTE ,-3
13113.0,CERAMIC BOWL WITH STRAWBERRY DESIGN,-3
15513.0,RECIPE BOX BLUE SKETCHBOOK DESIGN,-3
13767.0,ALARM CLOCK BAKELIKE GREEN,-3
12656.0,REGENCY CAKESTAND 3 TIER,-3
12668.0,STRAWBERRY CERAMIC TRINKET POT,-3
12668.0,STRAWBERRY FAIRY CAKE TEAPOT,-3
16873.0,JAM JAR WITH PINK LID,-3
13113.0,GINGERBREAD MAN COOKIE CUTTER,-3
15561.0,FELTCRAFT BOY JEAN-PAUL KIT,-3
15561.0,FELTCRAFT GIRL AMELIE KIT,-3
18198.0,DRAWER KNOB CRACKLE GLAZE IVORY,-3
12408.0,PICNIC BOXES SET OF 3 RETROSPOT ,-3
18223.0,SET OF 4 KNICK KNACK TINS DOILY ,-3
15513.0,ROCOCO WALL MIRROR WHITE,-3
12383.0,RED SPOTTY BISCUIT TIN,-3
12362.0,CHRISTMAS LIGHTS 10 VINTAGE BAUBLES,-3
14149.0,LOVE LARGE WOOD LETTERS ,-2
12359.0,3 TIER CAKE TIN GREEN AND CREAM,-2
12359.0,CHEST OF DRAWERS GINGHAM HEART ,-2
12359.0,RECIPE BOX PANTRY YELLOW DESIGN,-2
12359.0,SET OF 3 REGENCY CAKE TINS,-2
12362.0,CHRISTMAS LIGHTS 10 REINDEER,-2
13098.0,SET/5 RED RETROSPOT LID GLASS BOWLS,-2
13102.0,FAWN BLUE HOT WATER BOTTLE,-2
13098.0,LARGE CERAMIC TOP STORAGE JAR,-2
18268.0,SET OF 16 VINTAGE ROSE CUTLERY,-2
18272.0,DANISH ROSE DECORATIVE PLATE,-2
18272.0,HOMEMADE JAM SCENTED CANDLES,-2
14175.0,LARGE CAKE STAND HANGING HEARTS,-2
14156.0,COLOURED GLASS STAR T-LIGHT HOLDER,-2
14146.0,REGENCY CAKESTAND 3 TIER,-2
14146.0,VINTAGE CREAM CAT FOOD CONTAINER,-2
14146.0,VINTAGE CREAM DOG FOOD CONTAINER,-2
16897.0,BAKING SET 9 PIECE RETROSPOT ,-2
16897.0,BLUE CHARLIE+LOLA PERSONAL DOORSIGN,-2
16897.0,BOX OF VINTAGE ALPHABET BLOCKS,-2
13736.0,CHARLOTTE BAG PINK POLKADOT,-2
13742.0,PHOTO FRAME 3 CLASSIC HANGING,-2
13763.0,SWEETHEART CAKESTAND 3 TIER,-2
13767.0,ALARM CLOCK BAKELIKE IVORY,-2
12656.0,JAM MAKING SET WITH JARS,-2
12674.0,ROUND SNACK BOXES SET OF4 WOODLAND ,-2
12668.0,COFFEE MUG APPLES DESIGN,-2
16871.0,BREAD BIN DINER STYLE RED ,-2
16873.0,JUMBO BAG VINTAGE DOILY ,-2
16873.0,SET 2 TEA TOWELS I LOVE LONDON ,-2
16875.0,JAM JAR WITH PINK LID,-2
16875.0,TRAVEL CARD WALLET TRANSPORT,-2
16858.0,RED RETROSPOT TRADITIONAL TEAPOT ,-2
12681.0,COFFEE MUG APPLES DESIGN,-2
12681.0,COFFEE MUG DOG + BALL DESIGN,-2
14680.0,LUNCH BAG SUKI DESIGN ,-2
14680.0,PICNIC BOXES SET OF 3 RETROSPOT ,-2
14680.0,PINK DRAWER KNOB ACRYLIC EDWARDIAN,-2
13715.0,SET/3 RED GINGHAM ROSE STORAGE BOX,-2
13715.0,WOOD BLACK BOARD ANT WHITE FINISH,-2
16873.0,WHITE WOOD GARDEN PLANT LADDER,-2
16875.0,GARDENERS KNEELING PAD KEEP CALM ,-2
16897.0,RED CHARLIE+LOLA PERSONAL DOORSIGN,-2
16897.0,REGENCY CAKESTAND 3 TIER,-2
16897.0,SET/4 MODERN VINTAGE COTTON NAPKINS,-2
16909.0,HEART MIRROR ANTIQUE WHITE,-2
13767.0,ALARM CLOCK BAKELIKE ORANGE,-2
13767.0,EDWARDIAN PARASOL BLACK,-2
13767.0,PINK REGENCY TEACUP AND SAUCER,-2
14659.0,PHOTO FRAME 3 CLASSIC HANGING,-2
14659.0,PICNIC BASKET WICKER LARGE,-2
14665.0,BREAD BIN DINER STYLE IVORY,-2
12637.0,LA PALMIERA TILE HOOK,-2
16923.0,ANTIQUE SILVER TEA GLASS ETCHED,-2
16923.0,BATH BUILDING BLOCK WORD,-2
13777.0,BLACK RECORD COVER FRAME,-2
14644.0,REGENCY MILK JUG PINK ,-2
16928.0,3 TIER CAKE TIN GREEN AND CREAM,-2
13709.0,ENAMEL FIRE BUCKET CREAM,-2
13709.0,RED DINER WALL CLOCK,-2
14680.0,RED TOADSTOOL LED NIGHT LIGHT,-2
14680.0,SET/3 RED GINGHAM ROSE STORAGE BOX,-2
12679.0,OFFICE MUG WARMER CHOC+BLUE,-2
12679.0,OFFICE MUG WARMER POLKADOT,-2
12681.0,BIRDS MOBILE VINTAGE DESIGN,-2
16858.0,RED RETROSPOT STORAGE JAR,-2
12705.0,JUMBO BAG WOODLAND ANIMALS,-2
12705.0,RED GINGHAM ROSE JEWELLERY BOX,-2
12705.0,TREASURE TIN GYMKHANA DESIGN,-2
13694.0,Discount,-2
12683.0,BISCUIT TIN VINTAGE RED,-2
12683.0,BLACK KITCHEN SCALES,-2
12683.0,CLASSIC GLASS COOKIE JAR,-2
16839.0,RED RETROSPOT TRADITIONAL TEAPOT ,-2
12628.0,DELUXE SEWING KIT ,-2
12637.0,FLOWERS TILE HOOK,-2
16992.0,ANTIQUE SILVER TEA GLASS ETCHED,-2
16933.0,MINT KITCHEN SCALES,-2
16942.0,SWEETHEART CAKESTAND 3 TIER,-2
16942.0,TRIPLE HOOK ANTIQUE IVORY ROSE,-2
16966.0,S/6 WOODEN SKITTLES IN COTTON BAG,-2
12626.0,FAIRY CAKE BIRTHDAY CANDLE SET,-2
12626.0,PACK OF 20 NAPKINS RED APPLES,-2
12708.0,FRENCH ENAMEL CANDLEHOLDER,-2
12708.0,JAM JAR WITH GREEN LID,-2
16810.0,SILVER CHRISTMAS TREE BAUBLE STAND ,-2
16817.0,BEACH HUT SHELF W 3 DRAWERS,-2
16817.0,DANISH ROSE BEDSIDE CABINET,-2
14688.0,TOY TIDY PINK POLKADOT,-2
14690.0,WOOD STOCKING CHRISTMAS SCANDISPOT,-2
13668.0,SET/4 BLUE FLOWER CANDLES IN BOWL,-2
13668.0,SILVER HANGING T-LIGHT HOLDER,-2
16984.0,FRENCH BLUE METAL DOOR SIGN 8,-2
16984.0,VINTAGE UNION JACK CUSHION COVER,-2
16985.0,ASSORTED EASTER DECORATIONS  BELLS,-2
14621.0,PINK REGENCY TEACUP AND SAUCER,-2
14621.0,RIDGED BONNE JAM JAR T-LIGHT HOLDER,-2
14623.0,ROSE COTTAGE KEEPSAKE BOX ,-2
14625.0,BISCUIT TIN VINTAGE RED,-2
14625.0,BREAD BIN DINER STYLE IVORY,-2
14626.0,CITRONELLA CANDLE GARDEN POT,-2
13777.0,SET/3 POT PLANT CANDLES,-2
16801.0,IVORY DINER WALL CLOCK,-2
16801.0,IVORY KITCHEN SCALES,-2
16801.0,RED DINER WALL CLOCK,-2
16801.0,RED KITCHEN SCALES,-2
16801.0,ROUND CAKE TIN VINTAGE RED,-2
12708.0,RED RETROSPOT SMALL MILK JUG,-2
12708.0,ROUND SNACK BOXES SET OF 4 FRUITS ,-2
14732.0,COTTON APRON PANTRY DESIGN,-2
14733.0,HANGING HEART JAR T-LIGHT HOLDER,-2
14696.0,BLACK CHAMPAGNE GLASS,-2
16801.0,BLUE DINER WALL CLOCK,-2
16801.0,COTTON APRON PANTRY DESIGN,-2
16801.0,DOORMAT FANCY FONT HOME SWEET HOME,-2
16801.0,DOORMAT HEARTS,-2
16801.0,DOORMAT HOME SWEET HOME BLUE ,-2
16801.0,DOORMAT NEW ENGLAND,-2
16801.0,DOORMAT RESPECTABLE HOUSE,-2
16801.0,DOORMAT TOPIARY,-2
16801.0,DOORMAT UNION FLAG,-2
16801.0,DOORMAT WELCOME PUPPIES,-2
16801.0,DOORMAT WELCOME SUNRISE,-2
16801.0,DOORMAT WELCOME TO OUR HOME,-2
13668.0,FRENCH ENAMEL CANDLEHOLDER,-2
14709.0,NATURAL SLATE CHALKBOARD LARGE ,-2
13798.0,GIN + TONIC DIET METAL SIGN,-2
13798.0,HAND OVER THE CHOCOLATE   SIGN ,-2
13798.0,JUMBO  BAG BAROQUE BLACK WHITE,-2
13798.0,JUMBO BAG SCANDINAVIAN BLUE PAISLEY,-2
13798.0,JUMBO BAG SCANDINAVIAN PAISLEY,-2
16998.0,AIRLINE BAG VINTAGE TOKYO 78,-2
17010.0,TRADTIONAL ALPHABET STAMP SET,-2
17017.0,LARGE BONNE JAM JAR  T-LIGHT HOLDER,-2
12625.0,JAM JAR WITH PINK LID,-2
12625.0,PIGGY BANK RETROSPOT ,-2
14733.0,RED RETROSPOT TRADITIONAL TEAPOT ,-2
14733.0,SWEETHEART CAKESTAND 3 TIER,-2
14733.0,WOOD 2 DRAWER CABINET WHITE FINISH,-2
16794.0,AIRLINE BAG VINTAGE TOKYO 78,-2
16794.0,VINTAGE KEEPSAKE BOX PINK FLOWER,-2
16801.0,BISCUIT TIN VINTAGE RED,-2
16801.0,BLACK KITCHEN SCALES,-2
14606.0,WHITE GOOSE FEATHER TREE 60CM ,-2
17049.0,3 DRAWER ANTIQUE WHITE WOOD CABINET,-2
17049.0,CREAM SWEETHEART MINI CHEST,-2
17049.0,WOOD 2 DRAWER CABINET WHITE FINISH,-2
17054.0,STRAWBERRY CERAMIC TRINKET BOX,-2
16801.0,DOORMAT 3 SMILEY CATS,-2
16801.0,DOORMAT AIRMAIL ,-2
16801.0,DOORMAT ENGLISH ROSE ,-2
16801.0,DOORMAT FAIRY CAKE,-2
16779.0,SMALL POPCORN HOLDER,-2
16782.0,LARGE WHITE HEART OF WICKER,-2
16782.0,RED RETROSPOT PICNIC BAG,-2
14769.0,HOME SWEET HOME KEY HOLDER,-2
14769.0,SMALL GLASS HEART TRINKET POT,-2
14740.0,PINK REGENCY TEACUP AND SAUCER,-2
14740.0,ROSES REGENCY TEACUP AND SAUCER ,-2
14747.0,CHEST OF DRAWERS GINGHAM HEART ,-2
13658.0,SWEETHEART CERAMIC TRINKET BOX,-2
16742.0,REGENCY SUGAR BOWL GREEN,-2
12709.0,RED KITCHEN SCALES,-2
13630.0,ANTIQUE SILVER T-LIGHT GLASS,-2
13630.0,GLASS CLOCHE SMALL,-2
13630.0,WHITE LOVEBIRD LANTERN,-2
13650.0,REGENCY CAKESTAND 3 TIER,-2
13650.0,WOODEN PICTURE FRAME WHITE FINISH,-2
14766.0,3 TIER CAKE TIN GREEN AND CREAM,-2
16768.0,SET OF 4 KNICK KNACK TINS LEAF,-2
12709.0,JAM MAKING SET WITH JARS,-2
12619.0,SPACEBOY CHILDRENS BOWL,-2
17048.0,KINGS CHOICE BISCUIT TIN,-2
13814.0,RED KITCHEN SCALES,-2
13816.0,DOLLY GIRL CHILDRENS BOWL,-2
13816.0,FOLDING BUTTERFLY MIRROR HOT PINK ,-2
14606.0,REGENCY CAKESTAND 3 TIER,-2
14606.0,ROSES REGENCY TEACUP AND SAUCER ,-2
17062.0,GLITTER CHRISTMAS TREE WITH BELLS,-2
16717.0,RED RETROSPOT MUG,-2
16717.0,SET OF 2 WOODEN MARKET CRATES,-2
16717.0,SWEETHEART CAKESTAND 3 TIER,-2
16717.0,SWEETHEART WIRE MAGAZINE RACK,-2
12712.0,KEY CABINET MA CAMPAGNE,-2
12712.0,ORGANISER WOOD ANTIQUE WHITE ,-2
12712.0,WOODEN FRAME ANTIQUE WHITE ,-2
14796.0,NOVELTY BISCUITS CAKE STAND 3 TIER,-2
14777.0,RECIPE BOX PANTRY YELLOW DESIGN,-2
13627.0,SET OF 20 VINTAGE CHRISTMAS NAPKINS,-2
17069.0,HANGING HEART ZINC T-LIGHT HOLDER,-2
17069.0,HANGING JAM JAR T-LIGHT HOLDER,-2
17069.0,RECIPE BOX RETROSPOT ,-2
12613.0,SET OF 3 REGENCY CAKE TINS,-2
17071.0,MEMO BOARD COTTAGE DESIGN,-2
17071.0,PANTRY 3 HOOK ROLLING PIN HANGER,-2
17071.0,TEA TIME PARTY BUNTING,-2
17080.0,HANGING HEART JAR T-LIGHT HOLDER,-2
14606.0,PARTY BUNTING,-2
12720.0,RED RETROSPOT PICNIC BAG,-2
12721.0,CHILDS BREAKFAST SET SPACEBOY ,-2
12721.0,DOLLY GIRL LUNCH BOX,-2
14800.0,PARTY CONES CANDY ASSORTED,-2
14808.0,BINGO SET,-2
14794.0,BREAD BIN DINER STYLE MINT,-2
14794.0,CRACKED GLAZE NECKLACE IVORY,-2
14796.0,CHOC TRUFFLE GOLD TRINKET POT ,-2
14796.0,COOK WITH WINE METAL SIGN ,-2
16729.0,Manual,-2
16713.0,3 HOOK PHOTO SHELF ANTIQUE WHITE,-2
16713.0,EDWARDIAN PARASOL NATURAL,-2
16713.0,GROW YOUR OWN FLOWERS SET OF 3,-2
14808.0,PINK DOUGHNUT TRINKET POT ,-2
14808.0,SPACEBOY MINI BACKPACK,-2
14808.0,VINTAGE DONKEY TAIL GAME ,-2
16717.0,DOORMAT ENGLISH ROSE ,-2
16717.0,DOORMAT FANCY FONT HOME SWEET HOME,-2
16717.0,DOORMAT UNION FLAG,-2
16717.0,FAMILY PHOTO FRAME CORNICE,-2
16717.0,LARGE POPCORN HOLDER ,-2
17096.0,4 TRADITIONAL SPINNING TOPS,-2
17096.0,BLUE GLASS GEMS IN BAG,-2
17096.0,PHOTO FRAME 3 CLASSIC HANGING,-2
17109.0,SET OF 3 CAKE TINS PANTRY DESIGN ,-2
17114.0,WOODEN PICTURE FRAME WHITE FINISH,-2
17139.0,REGENCY CAKESTAND 3 TIER,-2
17157.0,SET OF 4 KNICK KNACK TINS LEAVES ,-2
14606.0,PINK REGENCY TEACUP AND SAUCER,-2
14606.0,RED RETROSPOT BUTTER DISH,-2
14606.0,GREEN REGENCY TEACUP AND SAUCER,-2
16714.0,VINTAGE RED KITCHEN CABINET,-2
16705.0,ENAMEL BREAD BIN CREAM,-2
12748.0,COLOUR GLASS. STAR T-LIGHT HOLDER,-2
12748.0,Manual,-2
13599.0,JUMBO BAG PINK POLKADOT,-2
13599.0,RABBIT NIGHT LIGHT,-2
14808.0,CHILDS BREAKFAST SET SPACEBOY ,-2
14808.0,DOLLY GIRL BABY GIFT SET,-2
12722.0,CREAM SWEETHEART MINI CHEST,-2
16705.0,NATURAL SLATE CHALKBOARD LARGE ,-2
16705.0,RED RETROSPOT SMALL MILK JUG,-2
16705.0,WOOD 2 DRAWER CABINET WHITE FINISH,-2
16670.0,KINGS CHOICE TEA CADDY ,-2
16678.0,POSTAGE,-2
16686.0,BAKING SET SPACEBOY DESIGN,-2
16686.0,LOLITA  DESIGN  COTTON TOTE BAG,-2
16700.0,ENAMEL BREAD BIN CREAM,-2
16700.0,SET OF 3 CAKE TINS PANTRY DESIGN ,-2
14854.0,BUNDLE OF 3 RETRO NOTE BOOKS,-2
14808.0,VINTAGE SEASIDE JIGSAW PUZZLES,-2
14829.0,SET OF 6 SPICE TINS PANTRY DESIGN,-2
14837.0,GARDENERS KNEELING PAD KEEP CALM ,-2
14842.0,BISCUIT TIN VINTAGE CHRISTMAS,-2
16713.0,TREASURE ISLAND BOOK BOX,-2
16676.0,BLACK DINER WALL CLOCK,-2
16676.0,GLASS  BEURRE DISH,-2
16653.0,SET OF 3 REGENCY CAKE TINS,-2
13576.0,GLITTER HANGING BUTTERFLY STRING,-2
13576.0,SWEETHEART CERAMIC TRINKET BOX,-2
14842.0,SET OF 3 CAKE TINS PANTRY DESIGN ,-2
14842.0,VINTAGE LEAF CHOPPING BOARD  ,-2
12749.0,LARGE CERAMIC TOP STORAGE JAR,-2
12749.0,PANTRY WASHING UP BRUSH,-2
12749.0,PIGGY BANK RETROSPOT ,-2
17166.0,DAIRY MAID LARGE MILK JUG,-2
17169.0,IVORY WICKER HEART LARGE,-2
17180.0,MINI CAKE STAND WITH HANGING CAKES,-2
14606.0,CERAMIC CHERRY CAKE MONEY BANK,-2
14606.0,DAIRY MAID STRIPE MUG,-2
14606.0,"FEATHER PEN,COAL BLACK",-2
14606.0,FRENCH ENAMEL POT W LID,-2
17193.0,SET OF 4 KNICK KNACK TINS DOILEY ,-2
17204.0,BISCUIT TIN VINTAGE GREEN,-2
17204.0,DECORATIVE PLANT POT WITH FRIEZE,-2
12607.0,DOORMAT FAIRY CAKE,-2
12607.0,DOORMAT SPOTTY HOME SWEET HOME,-2
12607.0,RED RETROSPOT MINI CASES,-2
14587.0,CERAMIC PIRATE CHEST MONEY BANK,-2
17204.0,RETROSPOT PARTY BAG + STICKER SET,-2
17213.0,DOORMAT MULTICOLOUR STRIPE,-2
16628.0,JUMBO BAG WOODLAND ANIMALS,-2
16656.0,RED KITCHEN SCALES,-2
16648.0,PLASTERS IN TIN CIRCUS PARADE ,-2
14854.0,TRAVEL CARD WALLET VINTAGE LEAF,-2
14859.0,MULTI COLOUR SILVER T-LIGHT HOLDER,-2
14860.0,PORCELAIN ROSE SMALL,-2
14868.0,FELTCRAFT CUSHION OWL,-2
14875.0,VINTAGE UNION JACK PENNANT,-2
13552.0,TOY TIDY PINK POLKADOT,-2
13564.0,Manual,-2
12749.0,STORAGE TIN VINTAGE LEAF,-2
12749.0,SWEETHEART CAKESTAND 3 TIER,-2
14910.0,SET OF 12 MINI LOAF BAKING CASES,-2
14910.0,SWEET HEART CAKE CARRIER,-2
14895.0,GLASS JAR KINGS CHOICE,-2
14895.0,SHOE SHINE BOX ,-2
14902.0,BULL DOG BOTTLE OPENER,-2
16609.0,SILVER HANGING T-LIGHT HOLDER,-2
16619.0,BAKING SET SPACEBOY DESIGN,-2
16619.0,PICNIC BASKET WICKER SMALL,-2
17213.0,RETROSPOT HEART HOT WATER BOTTLE,-2
17231.0,CHUNKY SILVER NECKLACE PASTEL FLOWE,-2
17243.0,BULL DOG BOTTLE OPENER,-2
12605.0,36 FOIL HEART CAKE CASES,-2
17306.0,QUEENS GUARD COFFEE MUG,-2
14562.0,WHITE WOOD GARDEN PLANT LADDER,-2
14567.0,FELTCRAFT DOLL MOLLY,-2
14573.0,CHARLIE AND LOLA FIGURES TINS,-2
13860.0,MAKE YOUR OWN MONSOON CARD KIT,-2
17315.0,PINK REGENCY TEACUP AND SAUCER,-2
13862.0,JAM MAKING SET WITH JARS,-2
13873.0,GLASS CLOCHE SMALL,-2
16592.0,WALL ART CLASSIC PUDDINGS ,-2
16571.0,POTTING SHED TEA MUG,-2
16571.0,SET OF 3 CAKE TINS PANTRY DESIGN ,-2
16571.0,SET OF 4 KNICK KNACK TINS DOILEY ,-2
14902.0,LOVEBIRD HANGING DECORATION WHITE ,-2
14903.0,LANTERN CREAM GAZEBO ,-2
14903.0,RED RETROSPOT CAKE STAND,-2
14907.0,BISCUIT TIN VINTAGE RED,-2
14907.0,HOT STUFF HOT WATER BOTTLE,-2
12749.0,ROUND STORAGE TIN VINTAGE LEAF,-2
12749.0,SMALL CERAMIC TOP STORAGE JAR ,-2
16572.0,SET OF TEA COFFEE SUGAR TINS PANTRY,-2
16570.0,3 TIER CAKE TIN RED AND CREAM,-2
16570.0,ALARM CLOCK BAKELIKE GREEN,-2
16571.0,ANTIQUE HEART SHELF UNIT,-2
16571.0,CARD HOLDER LOVE BIRD SMALL,-2
13534.0,LUNCH BAG WOODLAND,-2
13534.0,PARISIENNE KEY CABINET ,-2
13534.0,SET OF 3 CAKE TINS PANTRY DESIGN ,-2
13534.0,TEA TIME KITCHEN APRON,-2
13883.0,RED RETROSPOT SMALL MILK JUG,-2
13883.0,ROUND CAKE TIN VINTAGE RED,-2
13883.0,"SET 3 RETROSPOT TEA,COFFEE,SUGAR",-2
13883.0,SET OF 3 CAKE TINS PANTRY DESIGN ,-2
13890.0,HOME SWEET HOME BLACKBOARD,-2
13890.0,LADIES & GENTLEMEN METAL SIGN,-2
12586.0,SWEETHEART CARRY-ALL BASKET,-2
12590.0,CHARLOTTE BAG SUKI DESIGN,-2
12590.0,STRAWBERRY CHARLOTTE BAG,-2
12597.0,RED RETROSPOT CAKE STAND,-2
17338.0,WOODEN PICTURE FRAME WHITE FINISH,-2
17340.0,ALARM CLOCK BAKELIKE PINK,-2
17340.0,ALARM CLOCK BAKELIKE RED ,-2
14911.0,COTTON APRON PANTRY DESIGN,-2
14911.0,BROCANTE SHELF WITH HOOKS,-2
14911.0,CHALKBOARD KITCHEN ORGANISER,-2
14911.0,CHEST OF DRAWERS GINGHAM HEART ,-2
13534.0,JUMBO BAG PEARS,-2
13534.0,JUMBO BAG PINK VINTAGE PAISLEY,-2
13534.0,JUMBO BAG TOYS ,-2
13534.0,JUMBO SHOPPER VINTAGE RED PAISLEY,-2
13919.0,JAM MAKING SET PRINTED,-2
13919.0,RECIPE BOX PANTRY YELLOW DESIGN,-2
14546.0,HAPPY EASTER HANGING DECORATION,-2
12584.0,MINT KITCHEN SCALES,-2
12584.0,RECIPE BOX PANTRY YELLOW DESIGN,-2
16554.0,SET OF 10 LED DOLLY LIGHTS,-2
12753.0,CHARLOTTE BAG DOLLY GIRL DESIGN,-2
13534.0,IVORY SWEETHEART WIRE LETTER RACK ,-2
13534.0,JUMBO  BAG BAROQUE BLACK WHITE,-2
13534.0,JUMBO BAG ALPHABET,-2
14911.0,CHRISTMAS RETROSPOT ANGEL WOOD,-2
14911.0,CINAMMON & ORANGE WREATH,-2
14911.0,CINDERELLA CHANDELIER ,-2
14911.0,COLOUR GLASS. STAR T-LIGHT HOLDER,-2
16571.0,CERAMIC HEART FAIRY CAKE MONEY BANK,-2
16571.0,CLASSIC FRENCH STYLE BASKET NATURAL,-2
16554.0,SMALL IVORY HEART WALL ORGANISER,-2
16550.0,ROUND SNACK BOXES SET OF 4 FRUITS ,-2
16550.0,SMALL POPCORN HOLDER,-2
13510.0,CHILDRENS APRON SPACEBOY DESIGN,-2
13510.0,CLASSIC CAFE SUGAR DISPENSER,-2
14911.0,GARDENERS KNEELING PAD KEEP CALM ,-2
13523.0,CLASSIC GLASS COOKIE JAR,-2
13523.0,RED RETROSPOT TEA CUP AND SAUCER ,-2
16554.0,FLOWERS CHANDELIER T-LIGHT HOLDER,-2
16554.0,GLASS HEART T-LIGHT HOLDER ,-2
12585.0,GLASS CLOCHE LARGE,-2
12578.0,RED RETROSPOT PICNIC BAG,-2
14546.0,VICTORIAN GLASS HANGING T-LIGHT,-2
14543.0,FRYING PAN UNION FLAG,-2
14543.0,JAM MAKING SET WITH JARS,-2
14543.0,MINT KITCHEN SCALES,-2
17389.0,JAM MAKING SET WITH JARS,-2
17389.0,WOODEN ROUNDERS GARDEN SET ,-2
17405.0,BLACK BIRD GARDEN DESIGN MUG,-2
12753.0,RED TOADSTOOL LED NIGHT LIGHT,-2
12753.0,ROUND STORAGE TIN VINTAGE LEAF,-2
12753.0,SET OF 4 KNICK KNACK TINS LONDON ,-2
12754.0,Manual,-2
14911.0,NEW BAROQUE B'FLY NECKLACE RED,-2
14911.0,JADE DROP EARRINGS W FILIGREE,-2
14911.0,JAM MAKING SET WITH JARS,-2
12753.0,DELUXE SEWING KIT ,-2
16550.0,ASSORTED CIRCULAR MOBILE,-2
16550.0,LARGE CIRCULAR MIRROR MOBILE,-2
17405.0,GLASS JAR DIGESTIVE BISCUITS,-2
17405.0,SET OF 3 CAKE TINS PANTRY DESIGN ,-2
12567.0,RECYCLED ACAPULCO MAT RED,-2
12569.0,POSTAGE,-2
14534.0,WOODEN ADVENT CALENDAR RED,-2
14543.0,DAIRY MAID LARGE MILK JUG,-2
12560.0,PIGGY BANK RETROSPOT ,-2
12779.0,PANTRY 3 HOOK ROLLING PIN HANGER,-2
12779.0,RECIPE BOX PANTRY YELLOW DESIGN,-2
12779.0,SET OF 4 PANTRY JELLY MOULDS,-2
13499.0,SMALL GLASS HEART TRINKET POT,-2
13505.0,GLASS BON BON JAR,-2
14911.0,METAL SIGN NEIGHBOURHOOD WITCH ,-2
14911.0,Manual,-2
16533.0,EMERGENCY FIRST AID TIN ,-2
14534.0,GIRAFFE WOODEN RULER,-2
14534.0,LUNCH BAG ALPHABET DESIGN,-2
14534.0,LUNCH BAG SUKI DESIGN ,-2
14534.0,LUNCH BOX I LOVE LONDON,-2
13924.0,LARGE CERAMIC TOP STORAGE JAR,-2
13924.0,SET OF 2 TRAYS HOME SWEET HOME,-2
17422.0,S/4 GROOVY CAT MAGNETS,-2
17428.0,LIGHT GARLAND BUTTERFILES PINK,-2
12559.0,REGENCY CAKESTAND 3 TIER,-2
12560.0,ENGLISH ROSE HOT WATER BOTTLE,-2
12560.0,JAM JAR WITH GREEN LID,-2
13924.0,TALL ROCOCO CANDLE HOLDER,-2
17428.0,REGENCY MILK JUG PINK ,-2
17429.0,SAVOY ART DECO CLOCK,-2
12782.0,RECIPE BOX RETROSPOT ,-2
12783.0,Manual,-2
13488.0,3 TIER CAKE TIN RED AND CREAM,-2
14911.0,PARISIENNE JEWELLERY DRAWER ,-2
14911.0,PARISIENNE KEY CABINET ,-2
16523.0,ANTIQUE SILVER BAUBLE LAMP  ,-2
12779.0,JUMBO BAG PINK VINTAGE PAISLEY,-2
16474.0,NATURAL SLATE CHALKBOARD LARGE ,-2
13468.0,CERAMIC CAKE STAND + HANGING CAKES,-2
13468.0,LANTERN CREAM GAZEBO ,-2
14911.0,RECIPE BOX PANTRY YELLOW DESIGN,-2
14911.0,RED GINGHAM ROSE JEWELLERY BOX,-2
13477.0,GUMBALL COAT RACK,-2
16488.0,BUNDLE OF 3 ALPHABET EXERCISE BOOKS,-2
16488.0,PAINT YOUR OWN CANVAS SET,-2
16499.0,CREAM SWEETHEART MINI CHEST,-2
16499.0,WOODEN BOX ADVENT CALENDAR ,-2
17434.0,SPOTTY PINK DUCK DOORSTOP,-2
17438.0,RED RETROSPOT MUG,-2
17442.0,CHRISTMAS LIGHTS 10 REINDEER,-2
12520.0,REGENCY CAKESTAND 3 TIER,-2
14534.0,COTTON APRON PANTRY DESIGN,-2
14534.0,GARDENERS KNEELING PAD CUP OF TEA ,-2
14534.0,GINGERBREAD MAN COOKIE CUTTER,-2
14525.0,SILVER HANGING T-LIGHT HOLDER,-2
14527.0,FAMILY ALBUM WHITE PICTURE FRAME,-2
16422.0,PINK HAPPY BIRTHDAY BUNTING,-2
12826.0,LUNCH BAG PINK POLKADOT,-2
12839.0,PINK DOUGHNUT TRINKET POT ,-2
14911.0,SILVER ROCCOCO CHANDELIER,-2
13458.0,LANTERN CREAM GAZEBO ,-2
13458.0,SMALL POPCORN HOLDER,-2
12822.0,3 TIER CAKE TIN RED AND CREAM,-2
16449.0,COLOUR GLASS T-LIGHT HOLDER HANGING,-2
16449.0,FAMILY PHOTO FRAME CORNICE,-2
12501.0,CLOTHES PEGS RETROSPOT PACK 24 ,-2
17463.0,HEART OF WICKER LARGE,-2
13950.0,DOORMAT MERRY CHRISTMAS RED ,-2
13954.0,TRIPLE HOOK ANTIQUE IVORY ROSE,-2
13958.0,CREAM SWEETHEART MINI CHEST,-2
13958.0,RED RETROSPOT TRADITIONAL TEAPOT ,-2
14505.0,CHRISTMAS LIGHTS 10 REINDEER,-2
17511.0,FAMILY PHOTO FRAME CORNICE,-2
17504.0,BREAD BIN DINER STYLE IVORY,-2
16394.0,12 PENCILS TALL TUBE RED RETROSPOT,-2
16394.0,BUNNY WOODEN PAINTED WITH BIRD ,-2
16394.0,BUNNY WOODEN PAINTED WITH FLOWER ,-2
12841.0,SET OF 4 PANTRY JELLY MOULDS,-2
13447.0,RABBIT NIGHT LIGHT,-2
12841.0,FOOD COVER WITH BEADS SET 2 ,-2
12841.0,JAM MAKING SET WITH JARS,-2
16398.0,FAMILY PHOTO FRAME CORNICE,-2
16401.0,LARGE POPCORN HOLDER ,-2
16401.0,LUNCH BAG  BLACK SKULL.,-2
13430.0,TRAVEL SEWING KIT,-2
13447.0,HEART OF WICKER LARGE,-2
14911.0,SMALL POPCORN HOLDER,-2
14911.0,SPACEBOY CHILDRENS CUP,-2
14911.0,STRAWBERRY RAFFIA FOOD COVER,-2
14911.0,SWEETHEART CAKESTAND 3 TIER,-2
14911.0,TEA FOR ONE POLKADOT,-2
14911.0,THREE MINI HANGING FRAMES,-2
16403.0,LUNCH BAG SUKI  DESIGN ,-2
16393.0,SPACEBOY LUNCH BOX ,-2
16393.0,VINTAGE CHRISTMAS STOCKING ,-2
17504.0,DOORMAT ENGLISH ROSE ,-2
17504.0,DOORMAT SPOTTY HOME SWEET HOME,-2
17506.0,PHOTO FRAME LINEN AND LACE SMALL,-2
14505.0,CHRISTMAS LIGHTS 10 SANTAS ,-2
14505.0,"WHITE TEA,COFFEE,SUGAR JARS",-2
14483.0,AIRLINE BAG VINTAGE TOKYO 78,-2
14488.0,WOODEN BOX OF DOMINOES,-2
17511.0,HOME BUILDING BLOCK WORD,-2
17511.0,JUMBO BAG STRAWBERRY,-2
17509.0,DELUXE SEWING KIT ,-2
16362.0,RETROSPOT HEART HOT WATER BOTTLE,-2
12841.0,TRAVEL CARD WALLET KEEP CALM,-2
12841.0,TRAVEL CARD WALLET PANTRY,-2
12841.0,TRAVEL CARD WALLET UNION JACK,-2
12841.0,WICKER STAR ,-2
16393.0,JUMBO BAG SCANDINAVIAN BLUE PAISLEY,-2
13418.0,JAM JAR WITH PINK LID,-2
14911.0,WOODEN BOX ADVENT CALENDAR ,-2
13430.0,PLASTERS IN TIN VINTAGE PAISLEY ,-2
13430.0,SET OF 4 KNICK KNACK TINS DOILY ,-2
17509.0,PLAYING CARDS KEEP CALM & CARRY ON,-2
17511.0,BAKING SET SPACEBOY DESIGN,-2
17511.0,BLUE POLKADOT CUP,-2
12484.0,REGENCY CAKESTAND 3 TIER,-2
12484.0,STRAWBERRY CERAMIC TRINKET BOX,-2
12494.0,TOADSTOOL BEDSIDE LIGHT ,-2
12500.0,FLAG OF ST GEORGE CHAIR,-2
14462.0,Manual,-2
14462.0,SMALL WHITE/PINK ROSE ART FLOWER,-2
16360.0, SPACEBOY BABY GIFT SET,-2
16360.0,DOLLY GIRL BABY GIFT SET,-2
14952.0,ANTIQUE GLASS DRESSING TABLE POT,-2
14952.0,RECIPE BOX RETROSPOT ,-2
13408.0,REGENCY TEA PLATE ROSES ,-2
13410.0,CLASSIC GLASS COOKIE JAR,-2
16393.0,JUMBO BAG VINTAGE LEAF,-2
16393.0,LUNCH BAG CARS BLUE,-2
12852.0,PINK REGENCY TEACUP AND SAUCER,-2
16341.0,12 PENCILS TALL TUBE WOODLAND,-2
16341.0,KNICKERBOCKERGLORY MAGNET ASSORTED ,-2
16341.0,LUNCH BAG RED RETROSPOT,-2
14959.0,ANTIQUE SILVER TEA GLASS ENGRAVED,-2
14961.0,COTTON APRON PANTRY DESIGN,-2
16379.0,CREAM SWEETHEART MINI CHEST,-2
13971.0,MEDIUM PARLOUR PICTURE FRAME ,-2
13971.0,MINI JIGSAW DINOSAUR ,-2
13975.0,PINK DOUGHNUT TRINKET POT ,-2
14441.0,PARISIENNE SEWING BOX,-2
14442.0,FAMILY ALBUM WHITE PICTURE FRAME,-2
14442.0,PICTURE FRAME WOOD TRIPLE PORTRAIT,-2
17511.0,RED RETROSPOT CUP,-2
17511.0,RED RETROSPOT PUDDING BOWL,-2
17511.0,RED RETROSPOT SMALL MILK JUG,-2
17511.0,LUNCH BAG  BLACK SKULL.,-2
17511.0,LUNCH BAG PINK POLKADOT,-2
17511.0,LUNCH BAG SUKI DESIGN ,-2
16255.0,DRAWER KNOB VINTAGE GLASS STAR,-2
16262.0,DOORSTOP RETROSPOT HEART,-2
16262.0,NOVELTY BISCUITS CAKE STAND 3 TIER,-2
12863.0,CERAMIC CAKE STAND + HANGING CAKES,-2
16303.0,TOADSTOOL MONEY BOX,-2
16283.0,SCOTTIES DESIGN WASHBAG,-2
16292.0,CERAMIC CAKE STAND + HANGING CAKES,-2
15021.0,LUNCH BAG PINK POLKADOT,-2
17511.0,LUNCH BAG WOODLAND,-2
12479.0,SET OF 3 CAKE TINS PANTRY DESIGN ,-2
17511.0,PINK  HEART SHAPE LOVE BUCKET ,-2
17511.0,RECIPE BOX BLUE SKETCHBOOK DESIGN,-2
14443.0,SILVER FISHING GNOME ,-2
14443.0,T-LIGHT GLASS FLUTED ANTIQUE,-2
14428.0,HOME SWEET HOME CUSHION COVER ,-2
14431.0,REGENCY CAKESTAND 3 TIER,-2
14431.0,ROSES REGENCY TEACUP AND SAUCER ,-2
17526.0,15CM CHRISTMAS GLASS BALL 20 LIGHTS,-2
13983.0,CHERUB HEART DECORATION GOLD,-2
13985.0,ROUND SNACK BOXES SET OF 4 SKULLS,-2
13988.0,CARD HOLDER LOVE BIRD LARGE ,-2
12867.0,HOME SWEET HOME MUG,-2
12867.0,JIGSAW TREE WITH WATERING CAN,-2
16252.0,BLUE DINER WALL CLOCK,-2
16252.0,RED DINER WALL CLOCK,-2
13408.0,JAM MAKING SET WITH JARS,-2
13408.0,Manual,-2
15005.0,STRAWBERRY FAIRY CAKE TEAPOT,-2
15005.0,WOOD 2 DRAWER CABINET WHITE FINISH,-2
15005.0,WOODEN FRAME ANTIQUE WHITE ,-2
14426.0,15CM CHRISTMAS GLASS BALL 20 LIGHTS,-2
14426.0,ANTIQUE GLASS DRESSING TABLE POT,-2
14426.0,ANTIQUE TALL SWIRLGLASS TRINKET POT,-2
13993.0,ANTIQUE HEART SHELF UNIT,-2
17567.0,BIRD HOUSE HOT WATER BOTTLE,-2
12476.0,GUMBALL COAT RACK,-2
12476.0,METAL 4 HOOK HANGER FRENCH CHATEAU,-2
12476.0,RECTANGULAR SHAPED MIRROR,-2
12895.0,3 GARDENIA MORRIS BOXED CANDLES,-2
16212.0,CHOCOLATE THIS WAY METAL SIGN,-2
16217.0,PHARMACIE FIRST AID TIN,-2
16239.0,MULTI COLOUR SILVER T-LIGHT HOLDER,-2
16240.0,PACK OF 12 TRADITIONAL CRAYONS,-2
16245.0,CORDIAL GLASS JUG,-2
12867.0,COLOUR GLASS T-LIGHT HOLDER HANGING,-2
16180.0,ROSES REGENCY TEACUP AND SAUCER ,-2
16180.0,ROUND SNACK BOXES SET OF 4 FRUITS ,-2
16180.0,STRAWBERRY CERAMIC TRINKET BOX,-2
16180.0,STRAWBERRY FAIRY CAKE TEAPOT,-2
12909.0,RED RETROSPOT MUG,-2
16218.0,SINGLE ANTIQUE ROSE HOOK IVORY,-2
16218.0,STRAWBERRY CERAMIC TRINKET BOX,-2
16227.0,RECIPE BOX PANTRY YELLOW DESIGN,-2
16191.0,COLOUR GLASS. STAR T-LIGHT HOLDER,-2
16191.0,JAM MAKING SET WITH JARS,-2
15039.0,3 HOOK PHOTO SHELF ANTIQUE WHITE,-2
12476.0,ROUND SNACK BOXES SET OF 4 FRUITS ,-2
12476.0,SET OF 3 CAKE TINS PANTRY DESIGN ,-2
12474.0,TREASURE ISLAND BOOK BOX,-2
12474.0,WATERING CAN BLUE ELEPHANT,-2
12474.0,WATERING CAN GREEN DINOSAUR,-2
12476.0,BREAD BIN DINER STYLE IVORY,-2
12476.0,CHILDS BREAKFAST SET CIRCUS PARADE,-2
12476.0,GLASS  BEURRE DISH,-2
12476.0,GLASS JAR DIGESTIVE BISCUITS,-2
17567.0,RETROSPOT HEART HOT WATER BOTTLE,-2
17567.0,SET OF 3 CAKE TINS PANTRY DESIGN ,-2
12916.0,WOOD 2 DRAWER CABINET WHITE FINISH,-2
12919.0,VICTORIAN SEWING BOX MEDIUM,-2
15066.0,SET OF 3 CAKE TINS PANTRY DESIGN ,-2
15065.0,JAM JAR WITH PINK LID,-2
13370.0,FAMILY ALBUM WHITE PICTURE FRAME,-2
13370.0,JAM MAKING SET WITH JARS,-2
13381.0,SET OF 10 LED DOLLY LIGHTS,-2
16173.0,ANTIQUE GLASS DRESSING TABLE POT,-2
16180.0,GREEN REGENCY TEACUP AND SAUCER,-2
16180.0,LUNCH BAG APPLE DESIGN,-2
16180.0,PINK DOUGHNUT TRINKET POT ,-2
16160.0,JUMBO BAG VINTAGE DOILY ,-2
16161.0,12 PENCIL SMALL TUBE WOODLAND,-2
16161.0,JUMBO BAG VINTAGE DOILY ,-2
13365.0,LARGE CERAMIC TOP STORAGE JAR,-2
13369.0,JET BLACK LAS VEGAS NECKLACE 45CM,-2
15066.0,ENAMEL BREAD BIN CREAM,-2
15066.0,JAM MAKING SET WITH JARS,-2
15066.0,PARISIENNE KEY CABINET ,-2
17576.0,MA CAMPAGNE CUTLERY BOX,-2
17581.0,BLUE MONTE CARLO HANDBAG,-2
12474.0,TOADSTOOL BEDSIDE LIGHT ,-2
17593.0,MULTICOLOUR SPRING FLOWER MUG,-2
17602.0,NOVELTY BISCUITS CAKE STAND 3 TIER,-2
17609.0,CREAM CUPID HEARTS COAT HANGER,-2
14410.0,STRAWBERRY FAIRY CAKE TEAPOT,-2
14410.0,STRAWBERRY HONEYCOMB  GARLAND ,-2
14410.0,TREASURE ISLAND BOOK BOX,-2
14410.0,VINTAGE UNION JACK DOORSTOP,-2
12921.0,RED METAL BOX TOP SECRET,-2
12921.0,REGENCY CAKESTAND 3 TIER,-2
12921.0,REGENCY TEA PLATE ROSES ,-2
16150.0,SET OF TEA COFFEE SUGAR TINS PANTRY,-2
16150.0,SMALL GLASS HEART TRINKET POT,-2
16150.0,"WHITE TEA,COFFEE,SUGAR JARS",-2
13352.0,CHILDRENS DOLLY GIRL MUG,-2
13359.0,CLASSIC GLASS COOKIE JAR,-2
17636.0,HEART OF WICKER LARGE,-2
17644.0,CLOTHES PEGS RETROSPOT PACK 24 ,-2
17644.0,LARGE WHITE HEART OF WICKER,-2
17644.0,PARISIENNE KEY CABINET ,-2
17644.0,SINGLE ANTIQUE ROSE HOOK IVORY,-2
17612.0,POSTAGE,-2
14410.0,SET OF 36 DOLLY GIRL PAPER DOILIES,-2
14410.0,SMALL WHITE RETROSPOT MUG IN BOX ,-2
14019.0,NATURAL SLATE CHALKBOARD LARGE ,-2
17651.0,3 HOOK PHOTO SHELF ANTIQUE WHITE,-2
17652.0,ENAMEL BREAD BIN CREAM,-2
17652.0,ENAMEL FLOWER JUG CREAM,-2
16145.0,SET/6 PINK BIRD T-LIGHT CANDLES,-2
16150.0,FULL ENGLISH BREAKFAST PLATE,-2
15078.0,JUMBO STORAGE BAG SUKI,-2
15078.0,SET OF 3 REGENCY CAKE TINS,-2
13343.0,PARISIENNE KEY CABINET ,-2
12921.0,DELUXE SEWING KIT ,-2
17636.0,BOX OF 6 CHRISTMAS CAKE DECORATIONS,-2
14032.0,LIPSTICK PEN FUSCHIA,-2
14410.0,MULTICOLOUR HONEYCOMB FAN,-2
14410.0,PLASTERS IN TIN WOODLAND ANIMALS,-2
12474.0,FELTCRAFT GIRL AMELIE KIT,-2
12474.0,GUMBALL COAT RACK,-2
12474.0,JIGSAW RABBIT AND BIRDHOUSE,-2
12474.0,JIGSAW TREE WITH WATERING CAN,-2
14410.0,RETROSPOT CHILDRENS APRON,-2
14410.0,GARLAND WOODEN HAPPY EASTER,-2
14410.0,GYMKHANA TREASURE BOOK BOX,-2
12473.0,POSTAGE,-2
16133.0,VINTAGE RED TRIM ENAMEL BOWL ,-2
16140.0,BLUE DINER WALL CLOCK,-2
16143.0,RED RETROSPOT SUGAR JAM BOWL,-2
16145.0,BLUE POLKADOT BEAKER ,-2
16145.0,RED POLKADOT BEAKER ,-2
15110.0,GLASS JAR ENGLISH CONFECTIONERY,-2
15110.0,HOT WATER BOTTLE TEA AND SYMPATHY,-2
15093.0,GLASS  BEURRE DISH,-2
15101.0,CHERRY BLOSSOM  DECORATIVE FLASK,-2
16116.0,PHOTO FRAME 3 CLASSIC HANGING,-2
16124.0,HANGING HEART JAR T-LIGHT HOLDER,-2
13324.0,REGENCY TEAPOT ROSES ,-2
13338.0,ENAMEL FLOWER JUG CREAM,-2
15108.0,JAM MAKING SET WITH JARS,-2
15109.0,ANTIQUE GLASS DRESSING TABLE POT,-2
12930.0,PINK REGENCY TEACUP AND SAUCER,-2
16133.0,FRENCH ENAMEL POT W LID,-2
16133.0,JAM MAKING SET WITH JARS,-2
16133.0,SET OF 4 KNICK KNACK TINS DOILY ,-2
12474.0,CAKE STAND 3 TIER MAGIC GARDEN,-2
14410.0,MAKE YOUR OWN PLAYTIME CARD KIT,-2
14410.0,EDWARDIAN PARASOL PINK,-2
14410.0,EDWARDIAN PARASOL RED,-2
14410.0,ENGLISH ROSE SCENTED HANGING FLOWER,-2
17675.0,FAMILY PHOTO FRAME CORNICE,-2
17659.0,RABBIT NIGHT LIGHT,-2
12472.0,TRIPLE PHOTO FRAME CORNICE ,-2
12472.0,WHITE SPOT BLUE CERAMIC DRAWER KNOB,-2
12947.0,SCHOOL DESK AND CHAIR ,-2
12948.0,PINK FLORAL FELTCRAFT SHOULDER BAG,-2
15125.0,BREAD BIN DINER STYLE IVORY,-2
15125.0,BREAD BIN DINER STYLE RED ,-2
15125.0,ENAMEL MEASURING JUG CREAM,-2
15125.0,RETROSPOT TEA SET CERAMIC 11 PC ,-2
12940.0,REGENCY SUGAR BOWL GREEN,-2
12947.0,CHILDS BREAKFAST SET DOLLY GIRL ,-2
16101.0,SET OF 6 SNACK LOAF BAKING CASES,-2
12949.0,POTTING SHED TEA MUG,-2
12951.0,LARGE CAKE TOWEL PINK SPOTS,-2
12955.0,ROSES REGENCY TEACUP AND SAUCER ,-2
12957.0,CITRONELLA CANDLE FLOWERPOT,-2
16038.0,FAIRY CAKE BIRTHDAY CANDLE SET,-2
16042.0,15CM CHRISTMAS GLASS BALL 20 LIGHTS,-2
15128.0,RED GINGHAM ROSE JEWELLERY BOX,-2
15135.0,DELUXE SEWING KIT ,-2
15146.0,CHILDRENS DOLLY GIRL MUG,-2
16124.0,JAM MAKING SET WITH JARS,-2
16133.0,CHILDRENS TOY COOKING UTENSIL SET,-2
16092.0,TEA FOR ONE POLKADOT,-2
16101.0,PARISIENNE JEWELLERY DRAWER ,-2
12472.0,WHITE SPOT RED CERAMIC DRAWER KNOB,-2
14410.0,BALLOON PUMP WITH 10 BALLOONS,-2
14410.0,BUFFALO BILL TREASURE BOOK BOX,-2
14410.0,CHILDREN'S APRON DOLLY GIRL ,-2
14410.0,CHILDREN'S SPACEBOY MUG,-2
14038.0,SET/5 RED RETROSPOT LID GLASS BOWLS,-2
12472.0,RED TOADSTOOL LED NIGHT LIGHT,-2
12472.0,RETROSPOT PARTY BAG + STICKER SET,-2
12472.0,ROUND SNACK BOXES SET OF 4 FRUITS ,-2
17673.0,AFGHAN SLIPPER SOCK PAIR,-2
17675.0,ALARM CLOCK BAKELIKE IVORY,-2
12994.0,ENAMEL COLANDER CREAM,-2
16029.0,Manual,-2
16057.0,SET OF 2 TRAYS HOME SWEET HOME,-2
16033.0,ALARM CLOCK BAKELIKE RED ,-2
16033.0,DAIRY MAID LARGE MILK JUG,-2
16033.0,DRAWER KNOB CRACKLE GLAZE PINK,-2
13319.0,PARISIENNE CURIO CABINET,-2
13319.0,RED RETROSPOT BUTTER DISH,-2
13319.0,REGENCY CAKESTAND 3 TIER,-2
13319.0,WHITE BEADED GARLAND STRING 20LIGHT,-2
15152.0,3 TIER CAKE TIN GREEN AND CREAM,-2
15993.0,GREEN GOOSE FEATHER TREE 60CM,-2
15996.0,FRUIT TREE AND BIRDS WALL PLAQUE,-2
12994.0,RECIPE BOX PANTRY YELLOW DESIGN,-2
12994.0,VINTAGE RED ENAMEL TRIM JUG ,-2
15998.0,MIRROR MOSAIC T-LIGHT HOLDER ROUND,-2
15189.0,REGENCY SUGAR BOWL GREEN,-2
13319.0,JAM MAKING SET WITH JARS,-2
13319.0,LARGE CERAMIC TOP STORAGE JAR,-2
16015.0,GARLAND WITH HEARTS AND BELLS,-2
17675.0,ALARM CLOCK BAKELIKE ORANGE,-2
12472.0,RED RETROSPOT BOWL,-2
12472.0,RED SPOT CERAMIC DRAWER KNOB,-2
14395.0,WOOD BLACK BOARD ANT WHITE FINISH,-2
14397.0,ANTIQUE SILVER T-LIGHT GLASS,-2
14401.0,PARISIENNE KEY CABINET ,-2
17705.0,PARISIENNE CURIO CABINET,-2
17682.0,PARISIENNE CURIO CABINET,-2
17696.0,DAIRY MAID LARGE MILK JUG,-2
15898.0,SMALL GLASS HEART TRINKET POT,-2
15922.0,ANTIQUE GLASS DRESSING TABLE POT,-2
15950.0,DOLLY CABINET 2 DRAWERS ,-2
15950.0,ROUND CAKE TIN VINTAGE RED,-2
15953.0,IVORY HANGING DECORATION  HEART,-2
15953.0,WHITE JEWELLED HEART DECORATION,-2
12997.0,GLASS STAR FROSTED T-LIGHT HOLDER,-2
15194.0,SMALL GLASS HEART TRINKET POT,-2
15197.0,MULTI COLOUR SILVER T-LIGHT HOLDER,-2
15189.0,FRENCH BATHROOM SIGN BLUE METAL,-2
16014.0,CHRISTMAS CRAFT LITTLE FRIENDS,-2
17696.0,DAIRY MAID TRADITIONAL TEAPOT ,-2
17696.0,"SET 3 RETROSPOT TEA,COFFEE,SUGAR",-2
14389.0,LUNCH BAG SUKI DESIGN ,-2
14389.0,STRAWBERRY CHARLOTTE BAG,-2
14390.0,DISCO BALL ROTATOR BATTERY OPERATED,-2
12472.0,JUMBO BAG WOODLAND ANIMALS,-2
12472.0,ORGANISER WOOD ANTIQUE WHITE ,-2
12472.0,PACK OF 12 STICKY BUNNIES,-2
17696.0,VICTORIAN SEWING BOX LARGE,-2
17700.0,6 EGG HOUSE PAINTED WOOD,-2
17702.0,12 PENCIL SMALL TUBE WOODLAND,-2
13012.0,GREEN METAL BOX ARMY SUPPLIES,-2
13317.0,CREAM SWEETHEART MINI CHEST,-2
13317.0,SWEETHEART CAKESTAND 3 TIER,-2
13319.0,ALARM CLOCK BAKELIKE GREEN,-2
13001.0,HOME SMALL WOOD LETTERS,-2
13004.0,MINI PLAYING CARDS DOLLY GIRL ,-2
13005.0,CHILDS BREAKFAST SET DOLLY GIRL ,-2
13005.0,CHILDS BREAKFAST SET SPACEBOY ,-2
15208.0,36 PENCILS TUBE RED RETROSPOT,-2
15212.0,MINI CAKE STAND WITH HANGING CAKES,-2
15213.0,LUNCH BAG RED RETROSPOT,-2
15201.0,FRENCH BATHROOM SIGN BLUE METAL,-2
15201.0,MULTICOLOUR HONEYCOMB FAN,-2
15874.0,PORCELAIN ROSE SMALL,-2
15874.0,WOOD 2 DRAWER CABINET WHITE FINISH,-2
17702.0,ORGANISER WOOD ANTIQUE WHITE ,-2
17706.0,RED RETROSPOT TEA CUP AND SAUCER ,-2
17706.0,STRAWBERRY FAIRY CAKE TEAPOT,-2
17706.0,TEA TIME TEA SET IN GIFT BOX,-2
12472.0,BLUE POLKADOT PLATE ,-2
12472.0,BLUE STRIPE CERAMIC DRAWER KNOB,-2
12472.0,CHOCOLATE BOX RIBBONS ,-2
14388.0,ENAMEL MEASURING JUG CREAM,-2
14388.0,RETRO COFFEE MUGS ASSORTED,-2
14388.0,ROUND CAKE TIN VINTAGE RED,-2
14389.0,CHARLOTTE BAG APPLES DESIGN,-2
12471.0,SWEETHEART CERAMIC TRINKET BOX,-2
12471.0,WOODLAND DESIGN  COTTON TOTE BAG,-2
14356.0,CHILDRENS APRON SPACEBOY DESIGN,-2
14367.0,CLASSIC GLASS COOKIE JAR,-2
17724.0,WATERING CAN PINK BUNNY,-2
17725.0,MOBILE VINTAGE HEARTS ,-2
13012.0,RED RETROSPOT MINI CASES,-2
15864.0,GLASS CHALICE BLUE SMALL ,-2
15874.0,3 DRAWER ANTIQUE WHITE WOOD CABINET,-2
13314.0,RECIPE BOX PANTRY YELLOW DESIGN,-2
13314.0,RETROSPOT LAMP,-2
13314.0,SET OF 10 LED DOLLY LIGHTS,-2
15201.0,PINK  HONEYCOMB PAPER FAN,-2
15201.0,RED RETROSPOT OVEN GLOVE ,-2
15841.0,UNION STRIPE CUSHION COVER ,-2
15845.0,SET OF 3 CAKE TINS PANTRY DESIGN ,-2
15856.0,GREEN CHRISTMAS TREE CARD HOLDER,-2
15215.0,SET OF 3 REGENCY CAKE TINS,-2
15221.0,BROCANTE COAT RACK,-2
15221.0,CHEST 7 DRAWER MA CAMPAGNE,-2
15221.0,PINK GLASS CANDLEHOLDER,-2
13310.0,MULTI COLOUR SILVER T-LIGHT HOLDER,-2
13310.0,RED RETROSPOT PUDDING BOWL,-2
17725.0,SILVER ROCOCO CANDLE STICK,-2
17728.0,CHILDRENS APRON SPACEBOY DESIGN,-2
12471.0,SET OF 4 KNICK KNACK TINS LONDON ,-2
12471.0,STRAWBERRY CERAMIC TRINKET POT,-2
14049.0,LOLITA  DESIGN  COTTON TOTE BAG,-2
14049.0,STRAWBERRY LUNCH BOX WITH CUTLERY,-2
14051.0,GREEN REGENCY TEACUP AND SAUCER,-2
14329.0,ROCOCO WALL MIRROR WHITE,-2
17779.0,RETROSPOT CHILDRENS APRON,-2
17731.0,CIRCUS PARADE BABY GIFT SET,-2
17731.0,DOLLY GIRL BABY GIFT SET,-2
13014.0,MINI CAKE STAND  HANGING STRAWBERY,-2
13014.0,REGENCY CAKESTAND 3 TIER,-2
15827.0,REGENCY CAKESTAND 3 TIER,-2
15238.0,SET OF 10 LED DOLLY LIGHTS,-2
13279.0,TEA FOR ONE POLKADOT,-2
15839.0,BAKING SET 9 PIECE RETROSPOT ,-2
15840.0,SET OF 3 CAKE TINS PANTRY DESIGN ,-2
15841.0,RED/CREAM STRIPE CUSHION COVER ,-2
17731.0,FAMILY ALBUM WHITE PICTURE FRAME,-2
17731.0,FAMILY PHOTO FRAME CORNICE,-2
17731.0,SET OF 10 LED DOLLY LIGHTS,-2
17731.0,TOADSTOOL BEDSIDE LIGHT ,-2
17731.0,TRIPLE PHOTO FRAME CORNICE ,-2
14338.0,REGENCY TEA PLATE PINK,-2
14341.0,ROUND CAKE TIN VINTAGE GREEN,-2
12471.0,PLASTERS IN TIN WOODLAND ANIMALS,-2
12471.0,RED KITCHEN SCALES,-2
15811.0,RED RETROSPOT SMALL MILK JUG,-2
15830.0,KNITTED UNION FLAG HOT WATER BOTTLE,-2
15834.0,PICNIC BASKET WICKER LARGE,-2
15823.0,Manual,-2
15827.0,BISCUIT TIN VINTAGE GREEN,-2
15827.0,BISCUIT TIN VINTAGE RED,-2
15270.0,NATURAL SLATE HEART CHALKBOARD ,-2
15270.0,RED HANGING HEART T-LIGHT HOLDER,-2
15270.0,TWO DOOR CURIO CABINET,-2
15249.0,12 PENCILS TALL TUBE SKULLS,-2
15249.0,CHARLIE AND LOLA FIGURES TINS,-2
17746.0,FAIRY CAKE BIRTHDAY CANDLE SET,-2
14311.0,SWEETHEART WIRE WALL TIDY,-2
14320.0,CALENDAR PAPER CUT DESIGN,-2
14320.0,RED HANGING HEART T-LIGHT HOLDER,-2
14051.0,PINK REGENCY TEACUP AND SAUCER,-2
14051.0,REGENCY TEAPOT ROSES ,-2
17799.0,TRIPLE PHOTO FRAME CORNICE ,-2
15811.0,WHITE GOOSE FEATHER CHRISTMAS TREE ,-2
15810.0,TOY TIDY SPACEBOY  ,-2
13035.0,FELTCRAFT 6 FLOWER FRIENDS,-2
13269.0,PARTY CHARMS 50 PIECES,-2
15251.0,CHRISTMAS LIGHTS 10 REINDEER,-2
13032.0,CERAMIC STRAWBERRY CAKE MONEY BANK,-2
13032.0,CHILDRENS TOY COOKING UTENSIL SET,-2
13032.0,GARDENERS KNEELING PAD KEEP CALM ,-2
13032.0,LUNCH BAG APPLE DESIGN,-2
13047.0,HOMEMADE JAM SCENTED CANDLES,-2
13047.0,PARISIENNE CURIO CABINET,-2
13047.0,PARISIENNE KEY CABINET ,-2
15809.0,ASSORTED COLOUR MINI CASES,-2
15809.0,DOORMAT KEEP CALM AND COME IN,-2
15809.0,GUMBALL MAGAZINE RACK,-2
15810.0,CHARLOTTE BAG VINTAGE ALPHABET ,-2
15281.0,JAM MAKING SET WITH JARS,-2
15281.0,QUEENS GUARD COFFEE MUG,-2
15281.0,RED RETROSPOT TRADITIONAL TEAPOT ,-2
13267.0,ROSES REGENCY TEACUP AND SAUCER ,-2
15786.0,SET OF SALT AND PEPPER TOADSTOOLS,-2
15804.0,MULTI COLOUR SILVER T-LIGHT HOLDER,-2
15804.0,SANDALWOOD FAN,-2
15804.0,VINTAGE RED KITCHEN CABINET,-2
15805.0,CARD HOLDER LOVE BIRD SMALL,-2
15299.0,Manual,-2
15301.0,CHILDS BREAKFAST SET DOLLY GIRL ,-2
15301.0,DAIRY MAID STRIPE MUG,-2
15301.0,PARISIENNE CURIO CABINET,-2
15291.0,WOOD S/3 CABINET ANT WHITE FINISH,-2
13047.0,FELTCRAFT GIRL AMELIE KIT,-2
17811.0,CHILDS GARDEN SPADE PINK,-2
17828.0,GOLD MUG BONE CHINA TREE OF LIFE,-2
17828.0,POSTAGE,-2
17828.0,SET/3 ROSE CANDLE IN JEWELLED BOX,-2
17811.0,POLKA DOT RAFFIA FOOD COVER,-2
17811.0,POPCORN HOLDER,-2
17811.0,RED RETROSPOT BIG BOWL,-2
17811.0,WHITE LOVEBIRD LANTERN,-2
14056.0,Manual,-2
12471.0,GIFT BAG BIRTHDAY,-2
12471.0,JAM MAKING SET PRINTED,-2
12471.0,KNICKERBOCKERGLORY MAGNET ASSORTED ,-2
17828.0,3 ROSE MORRIS BOXED CANDLES,-2
14309.0,FROG CANDLE,-2
14299.0,SET OF 3 REGENCY CAKE TINS,-2
14301.0,CERAMIC CAKE DESIGN SPOTTED PLATE,-2
17841.0,BLUE SPOT CERAMIC DRAWER KNOB,-2
12471.0,3 PIECE SPACEBOY COOKIE CUTTER SET,-2
15781.0,EDWARDIAN PARASOL NATURAL,-2
15786.0,CHRISTMAS RETROSPOT TREE WOOD,-2
15311.0,CERAMIC STRAWBERRY CAKE MONEY BANK,-2
15311.0,CLASSIC CAFE SUGAR DISPENSER,-2
15311.0,COLOUR GLASS. STAR T-LIGHT HOLDER,-2
15311.0,CREAM SWEETHEART MAGAZINE RACK,-2
15311.0,DAIRY MAID TOASTRACK,-2
15296.0,WOOD S/3 CABINET ANT WHITE FINISH,-2
13050.0,LARGE ANTIQUE WHITE PHOTO FRAME,-2
13050.0,WOOD 2 DRAWER CABINET WHITE FINISH,-2
13050.0,WOODEN FRAME ANTIQUE WHITE ,-2
13055.0,SET OF 4 KNICK KNACK TINS DOILY ,-2
13267.0,CLASSIC CAFE SUGAR DISPENSER,-2
13267.0,DOLLY GIRL LUNCH BOX,-2
13267.0,ORGANISER WOOD ANTIQUE WHITE ,-2
15304.0,ROSES REGENCY TEACUP AND SAUCER ,-2
15311.0,CERAMIC CAKE STAND + HANGING CAKES,-2
15802.0,Manual,-2
15804.0,CLASSIC GLASS COOKIE JAR,-2
17841.0,CHARLOTTE BAG SUKI DESIGN,-2
17841.0,CLOTHES PEGS RETROSPOT PACK 24 ,-2
17841.0,AIRLINE BAG VINTAGE JET SET RED,-2
17841.0,BATHROOM METAL SIGN,-2
14056.0,VINTAGE LEAF MAGNETIC NOTEPAD,-2
17841.0,GLASS CAKE COVER AND PLATE,-2
17841.0,BROCANTE COAT RACK,-2
15311.0,GLASS BON BON JAR,-2
15311.0,GUMBALL COAT RACK,-2
15311.0,JUMBO  BAG BAROQUE BLACK WHITE,-2
15311.0,JUMBO BAG OWLS,-2
15311.0,JUMBO BAG WOODLAND ANIMALS,-2
15786.0,PHOTO FRAME 3 CLASSIC HANGING,-2
15786.0,ROUND SNACK BOXES SET OF 4 FRUITS ,-2
13050.0,POTTING SHED TWINE,-2
13050.0,TRIPLE PHOTO FRAME CORNICE ,-2
13066.0,ROCOCO WALL MIRROR WHITE,-2
15755.0,HENRIETTA HEN MUG ,-2
15763.0,SET OF 2 WOODEN MARKET CRATES,-2
15764.0,CLASSIC CAFE SUGAR DISPENSER,-2
15764.0,FRENCH ENAMEL CANDLEHOLDER,-2
15764.0,RETROSPOT LARGE MILK JUG,-2
13236.0,SMALL PARISIENNE HEART PHOTO FRAME ,-2
13238.0,FOOT STOOL HOME SWEET HOME ,-2
13266.0,BLUE POLKADOT BEAKER ,-2
13266.0,CHARLIE + LOLA BISCUITS TINS,-2
15311.0,LARGE CAKE STAND  HANGING STRAWBERY,-2
15311.0,SET OF 3 GOLD FLYING DUCKS,-2
17841.0,CAKE STAND LOVEBIRD 2 TIER WHITE,-2
12462.0,CERAMIC STRAWBERRY DESIGN MUG,-2
12463.0,GRAND CHOCOLATECANDLE,-2
12463.0,POSTAGE,-2
12463.0,ROTATING LEAVES T-LIGHT HOLDER,-2
17841.0,ENAMEL MEASURING JUG CREAM,-2
17841.0,IVORY ENCHANTED FOREST PLACEMAT,-2
12462.0,CERAMIC CAKE STAND + HANGING CAKES,-2
14292.0,POPCORN HOLDER,-2
14073.0,PARISIENNE KEY CABINET ,-2
17841.0,TRIANGULAR POUFFE VINTAGE ,-2
13078.0,ALARM CLOCK BAKELIKE ORANGE,-2
15754.0,FELTCRAFT BUTTERFLY HEARTS,-2
13069.0,PACK OF 12 SPACEBOY TISSUES,-2
13069.0,PINK VINTAGE SPOT BEAKER,-2
13069.0,SET OF 36 TEATIME PAPER DOILIES,-2
15322.0,PARISIENNE CURIO CABINET,-2
15322.0,PARISIENNE JEWELLERY DRAWER ,-2
15321.0,BREAD BIN DINER STYLE IVORY,-2
13236.0,RED RETROSPOT SMALL MILK JUG,-2
15344.0,NATURAL HANGING QUILTED HEARTS ,-2
15344.0,WALL MIRROR RECTANGLE DIAMANTE PINK,-2
15321.0,CHILDRENS CUTLERY SPACEBOY ,-2
15321.0,SET OF 4 KNICK KNACK TINS LEAF,-2
15728.0,HOT WATER BOTTLE I AM SO POORLY,-2
15730.0,ALARM CLOCK BAKELIKE CHOCOLATE,-2
15730.0,I CAN ONLY PLEASE ONE PERSON MUG,-2
15730.0,SAVE THE PLANET MUG,-2
15737.0,CHARLIE + LOLA RED HOT WATER BOTTLE,-2
15737.0,NATURAL HANGING QUILTED HEARTS ,-2
15737.0,PARISIENNE CURIO CABINET,-2
13069.0,SPOTTY BUNTING,-2
17841.0,SCOTTIES DESIGN WASHBAG,-2
17850.0,COLOUR GLASS. STAR T-LIGHT HOLDER,-2
17841.0,SUMMER FUN DESIGN SHOWER CAP,-2
12462.0,CERAMIC BOWL WITH STRAWBERRY DESIGN,-2
17841.0,WHITE SPOT RED CERAMIC DRAWER KNOB,-2
17841.0,WOODEN ADVENT CALENDAR RED,-2
17841.0,WOODLAND STORAGE BOX LARGE ,-2
17841.0,WOODLAND STORAGE BOX SMALL,-2
14276.0,LUNCH BAG CARS BLUE,-2
14276.0,ROUND CAKE TIN VINTAGE RED,-2
14276.0,SET OF 4 KNICK KNACK TINS DOILY ,-2
15676.0,DISCO BALL ROTATOR BATTERY OPERATED,-2
15706.0,TRIPLE PHOTO FRAME CORNICE ,-2
13078.0,TWO DOOR CURIO CABINET,-2
13081.0,ANTIQUE LILY FAIRY LIGHTS,-2
15722.0,HEART OF WICKER LARGE,-2
15722.0,LOVE LARGE WOOD LETTERS ,-2
15700.0,SET3 BOOK BOX GREEN GINGHAM FLOWER ,-2
13078.0,ALARM CLOCK BAKELIKE PINK,-2
13078.0,FULL ENGLISH BREAKFAST PLATE,-2
13213.0,ASSORTED COLOUR T-LIGHT HOLDER,-2
15329.0,PARISIENNE JEWELLERY DRAWER ,-2
15329.0,PARISIENNE KEY CABINET ,-2
12428.0,RED POLKADOT BEAKER ,-2
12431.0,TOADSTOOL BEDSIDE LIGHT ,-2
17850.0,GLASS STAR FROSTED T-LIGHT HOLDER,-2
17850.0,YOU'RE CONFUSING ME METAL SIGN ,-2
17865.0,PINK REGENCY TEACUP AND SAUCER,-2
12452.0,POSTAGE,-2
14092.0,SET/5 RED RETROSPOT LID GLASS BOWLS,-2
14092.0,TREASURE TIN GYMKHANA DESIGN,-2
14258.0,SWEETHEART CAKESTAND 3 TIER,-2
17865.0,ROSES REGENCY TEACUP AND SAUCER ,-2
17865.0,STRAWBERRY CERAMIC TRINKET BOX,-2
15358.0,CLOTHES PEGS RETROSPOT PACK 24 ,-2
15358.0,FELTCRAFT CUSHION OWL,-2
13081.0,PURPLE PAPER PARASOL,-2
15676.0,CANDY SPOT HAND BAG,-2
17888.0,AIRLINE BAG VINTAGE JET SET RED,-2
12427.0,CHILDS BREAKFAST SET CIRCUS PARADE,-2
17940.0,Discount,-2
17888.0,AIRLINE BAG VINTAGE TOKYO 78,-2
14239.0,SET OF 3 CAKE TINS PANTRY DESIGN ,-2
14243.0,PARISIENNE KEY CABINET ,-2
14243.0,SET OF 4 KNICK KNACK TINS DOILEY ,-2
14243.0,VINTAGE RED ENAMEL TRIM JUG ,-2
14245.0,SET OF 3 CAKE TINS PANTRY DESIGN ,-2
12415.0,SET OF 6 SNACK LOAF BAKING CASES,-2
13171.0,BOTANICAL GARDENS WALL CLOCK ,-2
13186.0,PIGGY BANK RETROSPOT ,-2
13186.0,SET/5 RED RETROSPOT LID GLASS BOWLS,-2
15365.0,BOX OF VINTAGE ALPHABET BLOCKS,-2
15676.0,DOLLY CABINET 3 DRAWERS ,-2
15676.0,MIRRORED DISCO BALL ,-2
15676.0,SWEETHEART WALL TIDY ,-2
15671.0,ORGANISER WOOD ANTIQUE WHITE ,-2
15658.0,GLASS CLOCHE SMALL,-2
15658.0,MINT KITCHEN SCALES,-2
15658.0,REGENCY CAKESTAND 3 TIER,-2
15658.0,ROSES REGENCY TEACUP AND SAUCER ,-2
13148.0,SINGLE ANTIQUE ROSE HOOK IVORY,-2
13148.0,SMALL GLASS HEART TRINKET POT,-2
13148.0,TWO DOOR CURIO CABINET,-2
13148.0,WHITE GOOSE FEATHER CHRISTMAS TREE ,-2
13151.0,SET/3 RED GINGHAM ROSE STORAGE BOX,-2
15365.0,IVORY KITCHEN SCALES,-2
15365.0,MINT KITCHEN SCALES,-2
15365.0,RED KITCHEN SCALES,-2
13162.0,3 ROSE MORRIS BOXED CANDLES,-2
13166.0,FRENCH BLUE METAL DOOR SIGN 9,-2
12415.0,SET OF 6 TEA TIME BAKING CASES,-2
17954.0,ROSE COTTAGE KEEPSAKE BOX ,-2
17979.0,CHILDS BREAKFAST SET SPACEBOY ,-2
17994.0,RED RETROSPOT APRON ,-2
17994.0,TEA TIME KITCHEN APRON,-2
12415.0,SET OF 12 FAIRY CAKE BAKING CASES,-2
12415.0,SET OF 12 MINI LOAF BAKING CASES,-2
14109.0,FRENCH CARRIAGE LANTERN,-2
14110.0,BABUSHKA LIGHTS STRING OF 10,-2
14112.0,FUNKY DIVA PEN,-2
12415.0,SET 40 HEART SHAPE PETIT FOUR CASES,-2
15398.0,RECIPE BOX PANTRY YELLOW DESIGN,-2
15406.0,PHOTO FRAME 3 CLASSIC HANGING,-2
15411.0,SHELF WITH 4 HOOKS HOME SWEET HOME,-2
15367.0,BAKING SET 9 PIECE RETROSPOT ,-2
15370.0,SET OF 16 VINTAGE ROSE CUTLERY,-2
15380.0,SAVOY ART DECO CLOCK,-2
13148.0,PARISIENNE KEY CABINET ,-2
13082.0,PLASTERS IN TIN STRONGMAN,-2
15655.0,WOOD 2 DRAWER CABINET WHITE FINISH,-2
18009.0,COFFEE MUG APPLES DESIGN,-2
18069.0,OVERNIGHT BAG VINTAGE ROSE PAISLEY,-2
18092.0,LARGE CIRCULAR MIRROR MOBILE,-2
18072.0,Manual,-2
14231.0,SET/4 WHITE RETRO STORAGE CUBES ,-2
14232.0,BOOZE & WOMEN GREETING CARD ,-2
14217.0,SWEETHEART WALL TIDY ,-2
14223.0,ROUND CAKE TIN VINTAGE GREEN,-2
15632.0,DOORMAT HOME SWEET HOME BLUE ,-2
13148.0,PARISIENNE CURIO CABINET,-2
15382.0,PAPER BUNTING RETROSPOT,-2
15384.0,SMALL POPCORN HOLDER,-2
15669.0,EMBOSSED GLASS TEALIGHT HOLDER,-2
15640.0,CHILDS BREAKFAST SET SPACEBOY ,-2
15655.0,CREAM SWEETHEART MINI CHEST,-2
13093.0,JAM JAR WITH PINK LID,-2
15426.0,MAGIC DRAWING SLATE SPACEBOY ,-2
15433.0,LUNCH BAG VINTAGE LEAF DESIGN,-2
15433.0,LUNCH BAG WOODLAND,-2
13148.0,6 EGG HOUSE PAINTED WOOD,-2
15625.0,LUNCH BAG RED RETROSPOT,-2
15628.0,BAG 250g SWIRLY MARBLES,-2
15632.0,CARDHOLDER GINGHAM CHRISTMAS TREE,-2
18110.0,FELTCRAFT PRINCESS OLIVIA DOLL,-2
18118.0,3 TIER CAKE TIN RED AND CREAM,-2
18075.0,TRIPLE HOOK ANTIQUE IVORY ROSE,-2
14226.0,ROSES REGENCY TEACUP AND SAUCER ,-2
14227.0,DOORMAT SPOTTY HOME SWEET HOME,-2
14227.0,LARGE RED RETROSPOT WINDMILL,-2
14211.0,TOY TIDY PINK POLKADOT,-2
14214.0,SAVE THE PLANET MUG,-2
12409.0,SPOTTY BUNTING,-2
18102.0,Manual,-2
13093.0,REGENCY CAKESTAND 3 TIER,-2
13093.0,SET/5 RED RETROSPOT LID GLASS BOWLS,-2
13097.0,BULL DOG BOTTLE TOP WALL CLOCK,-2
13097.0,GUMBALL MAGAZINE RACK,-2
15434.0,PARISIENNE JEWELLERY DRAWER ,-2
15434.0,PARISIENNE KEY CABINET ,-2
13091.0,SAVE THE PLANET MUG,-2
13093.0,CHRISTMAS LIGHTS 10 REINDEER,-2
15622.0,RED RETROSPOT MUG,-2
15622.0,WALL ART 70'S ALPHABET ,-2
18109.0,CHERRY BLOSSOM  DECORATIVE FLASK,-2
18109.0,CHERRY BLOSSOM DECORATIVE FLASK,-2
14217.0,LANTERN CREAM GAZEBO ,-2
14205.0,DOORMAT NEW ENGLAND,-2
14205.0,DOORMAT WELCOME PUPPIES,-2
14206.0,COOKING SET RETROSPOT,-2
14112.0,PICNIC BASKET WICKER LARGE,-2
18142.0,FELTCRAFT 6 FLOWER FRIENDS,-2
18155.0,ENAMEL FLOWER JUG CREAM,-2
15601.0,PARISIENNE KEY CABINET ,-2
15620.0,COLOUR GLASS. STAR T-LIGHT HOLDER,-2
15606.0,3 PIECE SPACEBOY COOKIE CUTTER SET,-2
13098.0,3 TIER CAKE TIN RED AND CREAM,-2
13098.0,ALARM CLOCK BAKELIKE GREEN,-2
13098.0,ALARM CLOCK BAKELIKE ORANGE,-2
15622.0,DOORMAT KEEP CALM AND COME IN,-2
15622.0,HEART FILIGREE DOVE  SMALL,-2
15609.0,PARISIENNE KEY CABINET ,-2
15611.0,RED RETROSPOT TRADITIONAL TEAPOT ,-2
13136.0,RECIPE BOX WITH METAL HEART,-2
13093.0,MULTICOLOUR HONEYCOMB FAN,-2
15498.0,Manual,-2
13134.0,3 GARDENIA MORRIS BOXED CANDLES,-2
13134.0,BLUE PARTY BAGS ,-2
13134.0,CLOTHES PEGS RETROSPOT PACK 24 ,-2
13136.0, 50'S CHRISTMAS GIFT BAG LARGE,-2
13098.0,ALARM CLOCK BAKELIKE RED ,-2
13098.0,BREAD BIN DINER STYLE RED ,-2
13098.0,CHRISTMAS LIGHTS 10 VINTAGE BAUBLES,-2
15596.0,PICNIC BASKET WICKER SMALL,-2
15596.0,RED RETROSPOT CAKE STAND,-2
15596.0,"WHITE TEA,COFFEE,SUGAR JARS",-2
18155.0,ENAMEL MEASURING JUG CREAM,-2
18161.0,RECIPE BOX PANTRY YELLOW DESIGN,-2
12409.0,LARGE CERAMIC TOP STORAGE JAR,-2
12409.0,MEDIUM CERAMIC TOP STORAGE JAR,-2
12409.0,SMALL CERAMIC TOP STORAGE JAR ,-2
18167.0,RED RETROSPOT BUTTER DISH,-2
14119.0,FAMILY PHOTO FRAME CORNICE,-2
14132.0,FELTCRAFT DOLL ROSIE,-2
14194.0,SET OF SALT AND PEPPER TOADSTOOLS,-2
15561.0,FELTCRAFT GIRL NICOLE KIT,-2
15563.0,SET OF 3 CAKE TINS PANTRY DESIGN ,-2
15570.0,CHRISTMAS LIGHTS 10 REINDEER,-2
15570.0,HOME SWEET HOME MUG,-2
15497.0,CLASSICAL ROSE SMALL VASE,-2
18172.0,ALARM CLOCK BAKELIKE RED ,-2
18172.0,HAND WARMER OWL DESIGN,-2
18172.0,JUMBO BAG VINTAGE DOILY ,-2
18176.0,BROCANTE SHELF WITH HOOKS,-2
18178.0,FELTCRAFT PRINCESS LOLA DOLL,-2
18178.0,LANTERN CREAM GAZEBO ,-2
14194.0,JAM JAR WITH PINK LID,-2
14194.0,NO SINGING METAL SIGN,-2
15535.0,SAVOY ART DECO CLOCK,-2
13113.0,JAM MAKING SET PRINTED,-2
13113.0,JAM MAKING SET WITH JARS,-2
13113.0,LARGE CAKE STAND  HANGING STRAWBERY,-2
15498.0,TWO DOOR CURIO CABINET,-2
15602.0,POSTAGE,-2
15602.0,REGENCY CAKESTAND 3 TIER,-2
14188.0,RED RETROSPOT CHARLOTTE BAG,-2
14189.0,ALARM CLOCK BAKELIKE PINK,-2
14189.0,HENRIETTA HEN MUG ,-2
14189.0,IVORY RETRO KITCHEN WALL CLOCK,-2
14189.0,MILK MAIDS MUG ,-2
14191.0,BLUE POLKADOT GARDEN PARASOL,-2
18221.0,CLASSIC GLASS COOKIE JAR,-2
18223.0,JUMBO STORAGE BAG SUKI,-2
18223.0,NOVELTY BISCUITS CAKE STAND 3 TIER,-2
18183.0,SET OF 3 CAKE TINS PANTRY DESIGN ,-2
18189.0,SET/5 RED RETROSPOT LID GLASS BOWLS,-2
15532.0,WOOD 2 DRAWER CABINET WHITE FINISH,-2
13098.0,GLASS APOTHECARY BOTTLE PERFUME,-2
13113.0,CERAMIC STRAWBERRY DESIGN MUG,-2
13113.0,CREAM SWEETHEART LETTER RACK,-2
13113.0,DAIRY MAID TOASTRACK,-2
15502.0,VINTAGE CREAM DOG FOOD CONTAINER,-2
18218.0,BAKING SET 9 PIECE RETROSPOT ,-2
18219.0,BOTANICAL GARDENS WALL CLOCK ,-2
18220.0,SWEETHEART CERAMIC TRINKET BOX,-2
14140.0,PARISIENNE JEWELLERY DRAWER ,-2
14141.0,SET OF 3 CAKE TINS PANTRY DESIGN ,-2
14176.0,CERAMIC HEART FAIRY CAKE MONEY BANK,-2
14180.0,KEY CABINET MA CAMPAGNE,-2
18223.0,RECIPE BOX PANTRY YELLOW DESIGN,-2
18223.0,SET OF 3 REGENCY CAKE TINS,-2
13098.0,LUNCH BAG CARS BLUE,-2
13098.0,REGENCY CAKESTAND 3 TIER,-2
13098.0,REGENCY SUGAR BOWL GREEN,-2
15521.0,ASSORTED COLOUR MINI CASES,-2
15521.0,BOX OF VINTAGE ALPHABET BLOCKS,-2
13113.0,BISCUIT TIN 50'S CHRISTMAS,-2
13113.0,BLUE POLKADOT GARDEN PARASOL,-2
15527.0,GREEN GIANT GARDEN THERMOMETER,-2
12384.0,CHERRY BLOSSOM  DECORATIVE FLASK,-2
12384.0,SET OF 12 MINI LOAF BAKING CASES,-2
18225.0,FRENCH ENAMEL CANDLEHOLDER,-2
18225.0,JAM MAKING SET WITH JARS,-2
18225.0,RETROSPOT LAMP,-2
18226.0,VINTAGE DOILY DELUXE SEWING KIT ,-2
14175.0,CAKE STAND LOVEBIRD 2 TIER WHITE,-2
12381.0,SET OF TEA COFFEE SUGAR TINS PANTRY,-2
18276.0,RUSTIC MIRROR WITH LACE HEART,-2
12362.0,CHRISTMAS LIGHTS 10 SANTAS ,-2
12362.0,DOLLY GIRL LUNCH BOX,-1
12362.0,FELTCRAFT DOLL MOLLY,-1
12362.0,SPACEBOY LUNCH BOX ,-1
12362.0,TEA FOR ONE POLKADOT,-1
12365.0,Manual,-1
12375.0,JUMBO  BAG BAROQUE BLACK WHITE,-1
12379.0,LUNCH BOX I LOVE LONDON,-1
12380.0,JAM MAKING SET WITH JARS,-1
12381.0,"WHITE TEA,COFFEE,SUGAR JARS",-1
18257.0,POSTAGE,-1
18260.0,FELTCRAFT 6 FLOWER FRIENDS,-1
18260.0,PARISIENNE JEWELLERY DRAWER ,-1
14156.0,COLOUR GLASS. STAR T-LIGHT HOLDER,-1
12359.0,LOVE SEAT ANTIQUE WHITE METAL,-1
12359.0,SET OF 3 CAKE TINS PANTRY DESIGN ,-1
18272.0,MILK PAN BLUE POLKADOT,-1
18272.0,PINK POT PLANT CANDLE,-1
18274.0,REGENCY CAKESTAND 3 TIER,-1
15521.0,Manual,-1
15514.0,DOCTOR'S BAG SOFT TOY,-1
15514.0,FOOD CONTAINER SET 3 LOVE HEART ,-1
15514.0,PAPER CHAIN KIT 50'S CHRISTMAS ,-1
15514.0,RED TOADSTOOL LED NIGHT LIGHT,-1
15514.0,SET OF 3 BUTTERFLY COOKIE CUTTERS,-1
15514.0,SWIRLY CIRCULAR RUBBERS IN BAG,-1
15518.0,FELTCRAFT CUSHION OWL,-1
15518.0,FELTCRAFT CUSHION RABBIT,-1
15518.0,LUNCH BAG ALPHABET DESIGN,-1
15518.0,Manual,-1
13098.0,ROSES REGENCY TEACUP AND SAUCER ,-1
13098.0,TOY TIDY SPACEBOY  ,-1
13098.0,LOVE HEART SOCK HANGER,-1
13098.0,LUNCH BAG RED RETROSPOT,-1
13098.0,LUNCH BAG SPACEBOY DESIGN ,-1
13098.0,LUNCH BAG SUKI  DESIGN ,-1
13098.0,LUNCH BAG SUKI DESIGN ,-1
13098.0,LUNCH BAG WOODLAND,-1
13098.0,RED HANGING HEART T-LIGHT HOLDER,-1
15518.0,SET/5 RED RETROSPOT LID GLASS BOWLS,-1
13107.0,RED RETROSPOT BUTTER DISH,-1
13109.0,RETROSPOT TEA SET CERAMIC 11 PC ,-1
15513.0,RECIPE BOX PANTRY YELLOW DESIGN,-1
15514.0,ALARM CLOCK BAKELIKE IVORY,-1
15514.0,ASSORTED TUTTI FRUTTI HEART BOX,-1
15514.0,ASSORTED TUTTI FRUTTI LARGE PURSE,-1
13113.0,BLUE OWL SOFT TOY,-1
15525.0,TOADSTOOL BEDSIDE LIGHT ,-1
15525.0,VINTAGE DOILY DELUXE SEWING KIT ,-1
15527.0,GLASS STAR FROSTED T-LIGHT HOLDER,-1
15527.0,Manual,-1
15529.0,VINTAGE CHRISTMAS STOCKING ,-1
15532.0,PHOTO FRAME 3 CLASSIC HANGING,-1
15532.0,S/4 PINK FLOWER CANDLES IN BOWL,-1
15532.0,TEA FOR ONE POLKADOT,-1
13098.0,DOORMAT VINTAGE LEAF,-1
13098.0,EGG CUP HENRIETTA HEN CREAM ,-1
13113.0,COOK WITH WINE METAL SIGN ,-1
13113.0,CREAM SWEETHEART TRAYS,-1
13113.0,FLOWER VINE RAFFIA FOOD COVER,-1
15502.0,"RUSTIC WOODEN CABINET, GLASS DOORS",-1
15502.0,TEA TIME PARTY BUNTING,-1
15513.0,NATURAL SLATE CHALKBOARD LARGE ,-1
13113.0,HEN HOUSE DECORATION,-1
15544.0,LUNCH BAG CARS BLUE,-1
15555.0,12 PENCILS TALL TUBE SKULLS,-1
15555.0,12 PENCILS TALL TUBE WOODLAND,-1
15555.0,ASSORTED COLOUR BIRD ORNAMENT,-1
15555.0,CHRISTMAS TREE HEART DECORATION,-1
15555.0,CLASSIC FRENCH STYLE BASKET NATURAL,-1
15555.0,COLOUR GLASS. STAR T-LIGHT HOLDER,-1
15555.0,EASTER TIN BUNNY BOUQUET,-1
15555.0,EASTER TIN KEEPSAKE,-1
15555.0,FOLKART ZINC HEART CHRISTMAS DEC,-1
15555.0,GIN AND TONIC MUG,-1
15555.0,HANGING WOOD AND FELT FLOWER,-1
15584.0,GARDENIA 1 WICK MORRIS BOXED CANDLE,-1
15584.0,ROSE 1 WICK MORRIS BOXED CANDLE,-1
15555.0,HAPPY STENCIL CRAFT,-1
15555.0,HEART IVORY TRELLIS LARGE,-1
15555.0,LUNCH BAG CARS BLUE,-1
15555.0,LUNCH BAG RED RETROSPOT,-1
15555.0,LUNCH BAG SPACEBOY DESIGN ,-1
15555.0,Manual,-1
15555.0,RECYCLED PENCIL WITH RABBIT ERASER,-1
15555.0,RED PAPER PARASOL,-1
15555.0,TRAVEL CARD WALLET SUKI,-1
15555.0,TRAVEL CARD WALLET UNION JACK,-1
15555.0,TRAVEL CARD WALLET VINTAGE LEAF,-1
15555.0,TRAVEL CARD WALLET VINTAGE TICKET,-1
15502.0,CHOCOLATE HOT WATER BOTTLE,-1
15502.0,PICNIC BASKET WICKER SMALL,-1
13113.0,STRAWBERRY RAFFIA FOOD COVER,-1
13113.0,SWEETHEART KEY CABINET,-1
13115.0,15CM CHRISTMAS GLASS BALL 20 LIGHTS,-1
13115.0,BAKING SET SPACEBOY DESIGN,-1
15601.0,PARISIENNE SEWING BOX,-1
15601.0,STRAWBERRY CERAMIC TRINKET BOX,-1
15563.0,VINTAGE RED ENAMEL TRIM MUG ,-1
15570.0,ALARM CLOCK BAKELIKE RED ,-1
15570.0,SET OF 3 COLOURED  FLYING DUCKS,-1
15570.0,SWEETHEART CAKESTAND 3 TIER,-1
15570.0,WHITE WOOD GARDEN PLANT LADDER,-1
15570.0,WOOD 2 DRAWER CABINET WHITE FINISH,-1
15581.0,Manual,-1
13115.0,BLACK PIRATE TREASURE CHEST,-1
13115.0,LUNCH BAG RED RETROSPOT,-1
13115.0,MINI PAINT SET VINTAGE ,-1
13115.0,PINK HORSE SOCK PUPPET KIT,-1
13115.0,RED RETROSPOT CHILDRENS UMBRELLA,-1
13115.0,RETROSPOT TEA SET CERAMIC 11 PC ,-1
13116.0,16 PIECE CUTLERY SET PANTRY DESIGN,-1
15493.0,"DIAMANTE HEART SHAPED WALL MIRROR, ",-1
15498.0,GLASS JAR DAISY FRESH COTTON WOOL,-1
13126.0,ROCOCO WALL MIRROR WHITE,-1
13131.0,CHILDS BREAKFAST SET SPACEBOY ,-1
13134.0,GARDENIA 3 WICK MORRIS BOXED CANDLE,-1
13134.0,GREEN REGENCY TEACUP AND SAUCER,-1
13134.0,ROSE SCENT CANDLE JEWELLED DRAWER,-1
13098.0,ASSORTED COLOUR BIRD ORNAMENT,-1
15589.0,FRENCH STYLE EMBOSSED HEART CABINET,-1
15590.0,Manual,-1
15594.0,JAM MAKING SET WITH JARS,-1
15596.0,RECIPE BOX PANTRY YELLOW DESIGN,-1
15601.0,HOME BUILDING BLOCK WORD,-1
15618.0,HOME SWEET HOME 2 DRAWER CABINET,-1
15618.0,HOME SWEET HOME BLACKBOARD,-1
15620.0,BLUE GIANT GARDEN THERMOMETER,-1
13097.0,Manual,-1
13097.0,PHARMACIE FIRST AID TIN,-1
13097.0,PINK GLASS CANDLEHOLDER,-1
13097.0,REGENCY CAKESTAND 3 TIER,-1
13097.0,SWEETHEART 3 TIER CAKE STAND ,-1
13097.0,TV DINNER TRAY DOLLY GIRL,-1
13097.0,"WHITE TEA,COFFEE,SUGAR JARS",-1
15622.0,BOTANICAL GARDENS WALL CLOCK ,-1
15622.0,CINDERELLA CHANDELIER ,-1
15622.0,FRENCH BLUE METAL DOOR SIGN 6,-1
15622.0,FRENCH BLUE METAL DOOR SIGN 9,-1
15622.0,JUMBO BAG VINTAGE CHRISTMAS ,-1
15609.0,CHEST OF DRAWERS GINGHAM HEART ,-1
15615.0,RED DINER WALL CLOCK,-1
15615.0,RED RETROSPOT OVEN GLOVE DOUBLE,-1
15615.0,TRIPLE PHOTO FRAME CORNICE ,-1
13136.0,ALARM CLOCK BAKELIKE CHOCOLATE,-1
15468.0,15CM CHRISTMAS GLASS BALL 20 LIGHTS,-1
15468.0,EMBOSSED GLASS TEALIGHT HOLDER,-1
15468.0,GARDENERS KNEELING PAD CUP OF TEA ,-1
15468.0,SWEET HEART CAKE CARRIER,-1
15468.0,TUSCAN VILLA DOVECOTE BIRD FEEDER,-1
15469.0,FAMILY PHOTO FRAME CORNICE,-1
15469.0,HEART SHAPED HOLLY WREATH,-1
15469.0,ROCOCO WALL MIRROR WHITE,-1
13136.0,BAKING SET 9 PIECE RETROSPOT ,-1
13136.0,BUNDLE OF 3 SCHOOL EXERCISE BOOKS  ,-1
13136.0,HAND WARMER OWL DESIGN,-1
13136.0,HAND WARMER UNION JACK,-1
13136.0,JUMBO BAG APPLES,-1
13136.0,LUNCH BAG APPLE DESIGN,-1
13093.0,LUNCH BAG RED RETROSPOT,-1
13093.0,LUNCH BAG SUKI DESIGN ,-1
13093.0,RECIPE BOX BLUE SKETCHBOOK DESIGN,-1
13097.0,ALARM CLOCK BAKELIKE PINK,-1
13097.0,GLASS  BEURRE DISH,-1
13097.0,GLASS JAR DIGESTIVE BISCUITS,-1
15620.0,EMBOSSED GLASS TEALIGHT HOLDER,-1
15622.0,12 PENCILS TALL TUBE RED RETROSPOT,-1
15622.0,12 PENCILS TALL TUBE SKULLS,-1
15622.0,ALARM CLOCK BAKELIKE GREEN,-1
15622.0,BISCUIT TIN VINTAGE RED,-1
13136.0,REGENCY CAKESTAND 3 TIER,-1
13136.0,WOOD 2 DRAWER CABINET WHITE FINISH,-1
13137.0,Discount,-1
13139.0,CHRISTMAS STAR WISH LIST CHALKBOARD,-1
13139.0,EGG CUP MILKMAID HELGA ,-1
13139.0,GARDENERS KNEELING PAD KEEP CALM ,-1
13141.0,GREEN REGENCY TEACUP AND SAUCER,-1
15434.0,PARISIENNE SEWING BOX,-1
15443.0,DOORMAT UNION FLAG,-1
15443.0,DOORMAT WELCOME PUPPIES,-1
15443.0,DOORMAT WELCOME SUNRISE,-1
13091.0,VINTAGE BILLBOARD LOVE/HATE MUG,-1
13093.0,BREAD BIN DINER STYLE RED ,-1
15622.0,PARISIENNE KEY CABINET ,-1
15622.0,RED DINER WALL CLOCK,-1
15622.0,ROUND CAKE TIN VINTAGE RED,-1
15622.0,SMALL IVORY HEART WALL ORGANISER,-1
15449.0,LUNCH BAG RED RETROSPOT,-1
15449.0,LUNCH BAG WOODLAND,-1
15426.0,LUNCH BAG CARS BLUE,-1
15426.0,LUNCH BAG DOLLY GIRL DESIGN,-1
15426.0,LUNCH BAG PINK POLKADOT,-1
15426.0,LUNCH BAG SUKI DESIGN ,-1
15426.0,RED RETROSPOT PEG BAG,-1
13148.0,BROCANTE SHELF WITH HOOKS,-1
13089.0,HOME SMALL WOOD LETTERS,-1
13089.0,REGENCY TEA PLATE GREEN ,-1
15630.0,GREEN GIANT GARDEN THERMOMETER,-1
15632.0,ALARM CLOCK BAKELIKE IVORY,-1
15632.0,BEACH HUT SHELF W 3 DRAWERS,-1
13148.0,DAIRY MAID TRADITIONAL TEAPOT ,-1
13148.0,FAMILY PHOTO FRAME CORNICE,-1
13148.0,GLASS  BEURRE DISH,-1
13148.0,IVORY DINER WALL CLOCK,-1
13148.0,LANTERN CREAM GAZEBO ,-1
13148.0,MINIATURE ANTIQUE ROSE HOOK IVORY,-1
13148.0,NATURAL SLATE HEART CHALKBOARD ,-1
13148.0,PARISIENNE JEWELLERY DRAWER ,-1
15382.0,PAPER BUNTING COLOURED LACE,-1
15382.0,WHEELBARROW FOR CHILDREN ,-1
15384.0,BAKING SET SPACEBOY DESIGN,-1
15660.0,JAM MAKING SET WITH JARS,-1
15669.0,CLASSIC GLASS COOKIE JAR,-1
15640.0,DOLLY GIRL BABY GIFT SET,-1
15640.0,FUNKY WASHING UP GLOVES ASSORTED,-1
15640.0,GARLAND WOODEN HAPPY EASTER,-1
15640.0,RED RETROSPOT CAKE STAND,-1
15640.0,REGENCY CAKESTAND 3 TIER,-1
15640.0,TOADSTOOL MONEY BOX,-1
15648.0,ALARM CLOCK BAKELIKE RED ,-1
15648.0,POSTAGE,-1
15406.0,15CM CHRISTMAS GLASS BALL 20 LIGHTS,-1
15416.0,FAMILY PHOTO FRAME CORNICE,-1
15426.0,ENAMEL WATERING CAN CREAM,-1
15369.0,Manual,-1
13148.0,RECIPE BOX PANTRY YELLOW DESIGN,-1
13081.0,S/4 PINK FLOWER CANDLES IN BOWL,-1
13081.0,STRAWBERRY CERAMIC TRINKET BOX,-1
13081.0,WOODEN ADVENT CALENDAR RED,-1
13081.0,WOODEN BOX ADVENT CALENDAR ,-1
15655.0,RETROSPOT LAMP,-1
15658.0,GREEN REGENCY TEACUP AND SAUCER,-1
15658.0,IVORY GIANT GARDEN THERMOMETER,-1
13148.0,RED KITCHEN SCALES,-1
13148.0,RETROSPOT LARGE MILK JUG,-1
13154.0,Manual,-1
13157.0,LUNCH BAG SPACEBOY DESIGN ,-1
15365.0,Manual,-1
13168.0,AREA PATROLLED METAL SIGN,-1
13168.0,WOOD 2 DRAWER CABINET WHITE FINISH,-1
13198.0,AIRLINE BAG VINTAGE TOKYO 78,-1
13198.0,CAROUSEL DESIGN WASHBAG,-1
13198.0,RED RETROSPOT CAKE STAND,-1
15676.0,HEART STRING MEMO HOLDER HANGING,-1
15676.0,PARTY METAL SIGN ,-1
15676.0,POPCORN HOLDER,-1
15676.0,SET 36 COLOURING PENCILS DOILY,-1
15674.0,Manual,-1
13081.0,REGENCY CAKESTAND 3 TIER,-1
15351.0,FOOT STOOL HOME SWEET HOME ,-1
15351.0,HOME SWEET HOME CUSHION COVER ,-1
15351.0,SET OF 16 VINTAGE PISTACHIO CUTLERY,-1
15358.0,GLASS CLOCHE LARGE,-1
15358.0,TEA TIME KITCHEN APRON,-1
15363.0,BLUE DRAGONFLY HELICOPTER,-1
13209.0,ALARM CLOCK BAKELIKE ORANGE,-1
13209.0,ALARM CLOCK BAKELIKE PINK,-1
13209.0,ALARM CLOCK BAKELIKE RED ,-1
13081.0,FRYING PAN BLUE POLKADOT,-1
13081.0,HAND WARMER BABUSHKA DESIGN,-1
13081.0,HAND WARMER RED RETROSPOT,-1
13081.0,LARGE POPCORN HOLDER ,-1
13081.0,LUNCH BOX WITH CUTLERY RETROSPOT ,-1
13081.0,MAGIC TREE -PAPER FLOWERS,-1
13081.0,PINK REGENCY TEACUP AND SAUCER,-1
13081.0,PINK/WHITE CHRISTMAS TREE 60CM,-1
13081.0,POSTAGE,-1
13081.0,RED PAPER PARASOL,-1
15676.0,CHRISTMAS GINGHAM TREE,-1
15676.0,TRIPLE HOOK ANTIQUE IVORY ROSE,-1
15676.0,VINTAGE JINGLE BELLS HEART,-1
15676.0,WOODEN STAR CHRISTMAS SCANDINAVIAN,-1
13078.0,IVORY DINER WALL CLOCK,-1
13078.0,PIZZA PLATE IN BOX,-1
13078.0,WOOLLY HAT SOCK GLOVE ADVENT STRING,-1
13081.0,BLUE POLKADOT GARDEN PARASOL,-1
13081.0,CAKE STAND 3 TIER MAGIC GARDEN,-1
13081.0,CHRISTMAS LIGHTS 10 SANTAS ,-1
13081.0,CLASSIC CAFE SUGAR DISPENSER,-1
13081.0,COTTON APRON PANTRY DESIGN,-1
13081.0,FLAMINGO LIGHTS,-1
15722.0,VINTAGE UNION JACK MEMOBOARD,-1
15724.0,WOODEN UNION JACK BUNTING,-1
15687.0,CAKE STAND LOVEBIRD 2 TIER WHITE,-1
15687.0,LARGE CERAMIC TOP STORAGE JAR,-1
15696.0,BOX OF 6 ASSORTED COLOUR TEASPOONS,-1
15696.0,DECORATIVE HANGING SHELVING UNIT,-1
15696.0,GREEN REGENCY TEACUP AND SAUCER,-1
15696.0,HOME SWEET HOME BLACKBOARD,-1
15696.0,PICNIC BASKET WICKER LARGE,-1
15696.0,WHITE WOOD GARDEN PLANT LADDER,-1
15706.0,HEART OF WICKER LARGE,-1
15706.0,MARIE ANTOINETTE TRINKET BOX GOLD,-1
13078.0,ALARM CLOCK BAKELIKE RED ,-1
13078.0,DISCO BALL ROTATOR BATTERY OPERATED,-1
13078.0,FRENCH BLUE METAL DOOR SIGN 3,-1
15708.0,ALARM CLOCK BAKELIKE CHOCOLATE,-1
15708.0,CACTI T-LIGHT CANDLES,-1
15708.0,CREAM SWEETHEART EGG HOLDER,-1
15708.0,FAMILY PHOTO FRAME CORNICE,-1
15708.0,FORKED CACTUS CANDLE,-1
15708.0,NATURAL SLATE CHALKBOARD LARGE ,-1
15708.0,NATURAL SLATE HEART CHALKBOARD ,-1
15708.0,PEARL CRYSTAL PUMPKIN T-LIGHT HLDR,-1
15708.0,WOODEN HAPPY BIRTHDAY GARLAND,-1
15713.0,SWEETHEART CAKESTAND 3 TIER,-1
15719.0,LUNCH BAG RED RETROSPOT,-1
13209.0,REVOLVER WOODEN RULER ,-1
13209.0,ROSES REGENCY TEACUP AND SAUCER ,-1
13209.0,T-LIGHT GLASS FLUTED ANTIQUE,-1
13209.0,"TRAY, BREAKFAST IN BED",-1
13212.0,PARISIENNE JEWELLERY DRAWER ,-1
13213.0,BASKET OF FLOWERS SEWING KIT,-1
15329.0,REGENCY CAKESTAND 3 TIER,-1
15329.0,ROSES REGENCY TEACUP AND SAUCER ,-1
15339.0,CARDHOLDER HOLLY WREATH METAL,-1
15339.0,REGENCY CAKESTAND 3 TIER,-1
15342.0,KNICKERBOCKERGLORY MAGNET ASSORTED ,-1
15344.0,LETTER HOLDER HOME SWEET HOME,-1
15344.0,RUSTIC MIRROR WITH LACE HEART,-1
15345.0,GREEN REGENCY TEACUP AND SAUCER,-1
15345.0,ROCOCO WALL MIRROR WHITE,-1
15345.0,ROSES REGENCY TEACUP AND SAUCER ,-1
15321.0,CHILDRENS CUTLERY DOLLY GIRL ,-1
15321.0,CREAM SWEETHEART MINI CHEST,-1
15321.0,HEART T-LIGHT HOLDER WILLIE WINKIE,-1
15321.0,PLACE SETTING WHITE HEART,-1
15321.0,STAR T-LIGHT HOLDER WILLIE WINKIE,-1
15737.0,BAKING SET 9 PIECE RETROSPOT ,-1
15737.0,HOME SWEET HOME CUSHION COVER ,-1
15737.0,LUNCH BAG RED RETROSPOT,-1
13069.0,WALL TIDY RETROSPOT ,-1
13078.0,ALARM CLOCK BAKELIKE GREEN,-1
15738.0,PAPER CHAIN KIT RETROSPOT,-1
15745.0,CARD HOLDER LOVE BIRD LARGE ,-1
15755.0,3 HOOK PHOTO SHELF ANTIQUE WHITE,-1
13069.0,HAND WARMER BIRD DESIGN,-1
13069.0,HAND WARMER RED RETROSPOT,-1
13069.0,HAND WARMER SCOTTY DOG DESIGN,-1
13069.0,POPPY'S PLAYHOUSE KITCHEN,-1
13069.0,SET OF 36 DINOSAUR PAPER DOILIES,-1
15322.0,RETRO MOD TRAY,-1
15311.0,SMALL POPCORN HOLDER,-1
15311.0,STRAWBERRY LUNCH BOX WITH CUTLERY,-1
15311.0,TRIPLE HOOK ANTIQUE IVORY ROSE,-1
15311.0,VINTAGE CREAM CAT FOOD CONTAINER,-1
15311.0,VINYL RECORD FRAME SILVER,-1
15311.0,WHITE BEADED GARLAND STRING 20LIGHT,-1
13235.0,Manual,-1
13236.0,PARISIENNE CURIO CABINET,-1
13055.0,SET OF 4 KNICK KNACK TINS POPPIES,-1
15755.0,CURIO CABINET LINEN AND LACE ,-1
15755.0,WHITE HANGING HEART T-LIGHT HOLDER,-1
15763.0,12 EGG HOUSE PAINTED WOOD,-1
15764.0,JAM MAKING SET WITH JARS,-1
15764.0,SET OF TEA COFFEE SUGAR TINS PANTRY,-1
15768.0,POSTAGE,-1
13266.0,CHARLIE AND LOLA FIGURES TINS,-1
15311.0,LARGE POPCORN HOLDER ,-1
15311.0,LUNCH BAG  BLACK SKULL.,-1
15311.0,LUNCH BAG APPLE DESIGN,-1
15311.0,LUNCH BAG CARS BLUE,-1
15311.0,LUNCH BAG PINK POLKADOT,-1
15311.0,POPCORN HOLDER,-1
15311.0,RED DRAWER KNOB ACRYLIC EDWARDIAN,-1
15311.0,RED RETROSPOT CHARLOTTE BAG,-1
15311.0,RED STRIPE CERAMIC DRAWER KNOB,-1
15311.0,ROCKING HORSE RED CHRISTMAS ,-1
15311.0,GARLAND WOODEN HAPPY EASTER,-1
15311.0,JUMBO BAG APPLES,-1
15311.0,JUMBO BAG CHARLIE AND LOLA TOYS,-1
15786.0,DOLLY CABINET 3 DRAWERS ,-1
15786.0,PIGGY BANK RETROSPOT ,-1
15786.0,RED SPOT CERAMIC DRAWER KNOB,-1
13050.0,RECIPE BOX PANTRY YELLOW DESIGN,-1
13050.0,SET OF 3 CAKE TINS PANTRY DESIGN ,-1
13050.0,SET OF 3 REGENCY CAKE TINS,-1
13050.0,STRAWBERRY   PICNIC BAG,-1
13050.0,WOOD BLACK BOARD ANT WHITE FINISH,-1
13267.0,CARDHOLDER GINGHAM CHRISTMAS TREE,-1
13267.0,GREEN REGENCY TEACUP AND SAUCER,-1
13267.0,HOME SWEET HOME BLACKBOARD,-1
15304.0,LANTERN CREAM GAZEBO ,-1
15304.0,REGENCY MILK JUG PINK ,-1
15308.0,MONEY BOX KINGS CHOICE DESIGN,-1
15308.0,WOOD 2 DRAWER CABINET WHITE FINISH,-1
15796.0,PINK REGENCY TEACUP AND SAUCER,-1
15801.0,LARGE CAKE STAND  HANGING STRAWBERY,-1
15801.0,SET OF TEA COFFEE SUGAR TINS PANTRY,-1
15801.0,WHITE METAL LANTERN,-1
15801.0,"WHITE TEA,COFFEE,SUGAR JARS",-1
15804.0,CHERRY BLOSSOM  DECORATIVE FLASK,-1
15782.0,BOTANICAL GARDENS WALL CLOCK ,-1
15785.0,KNICKERBOCKERGLORY MAGNET ASSORTED ,-1
15785.0,REGENCY CAKESTAND 3 TIER,-1
15786.0,DOLLY CABINET 2 DRAWERS ,-1
15311.0,FRENCH BLUE METAL DOOR SIGN 6,-1
15296.0,3 DRAWER ANTIQUE WHITE WOOD CABINET,-1
15297.0,GLASS APOTHECARY BOTTLE PERFUME,-1
15297.0,GLASS JAR PEACOCK BATH SALTS,-1
15299.0,Discount,-1
13047.0,SWEET HEART CAKE CARRIER,-1
13047.0,WHITE HANGING HEART T-LIGHT HOLDER,-1
13050.0,CARD HOLDER LOVE BIRD LARGE ,-1
13050.0,FAMILY PHOTO FRAME CORNICE,-1
13050.0,JAM MAKING SET WITH JARS,-1
13050.0,MIRROR CORNICE,-1
15786.0,ROUND SNACK BOXES SET OF4 WOODLAND ,-1
15786.0,STAR T-LIGHT HOLDER WILLIE WINKIE,-1
15786.0,TEA FOR ONE POLKADOT,-1
15791.0,SMALL DECO JEWELLERY STAND,-1
15793.0,ANTIQUE HEART SHELF UNIT,-1
15796.0,Discount,-1
15810.0,DOLLY GIRL LUNCH BOX,-1
15804.0,GLASS CLOCHE SMALL,-1
15804.0,KINGS CHOICE MUG,-1
15805.0,RED RETROSPOT BUTTER DISH,-1
15808.0,GUMBALL COAT RACK,-1
13047.0,PARISIENNE SEWING BOX,-1
13047.0,REGENCY CAKESTAND 3 TIER,-1
13047.0,SET OF 3 CAKE TINS PANTRY DESIGN ,-1
15299.0,SMALL TAHITI BEACH BAG,-1
15301.0,PARISIENNE KEY CABINET ,-1
15287.0,CERAMIC PIRATE CHEST MONEY BANK,-1
15290.0,BAKING SET 9 PIECE RETROSPOT ,-1
15290.0,CHILDREN'S CIRCUS PARADE MUG,-1
15290.0,FELT EGG COSY CHICKEN,-1
15290.0,HAND WARMER UNION JACK,-1
15291.0,LANTERN CREAM GAZEBO ,-1
15291.0,METAL 4 HOOK HANGER FRENCH CHATEAU,-1
15291.0,PICTURE FRAME WOOD TRIPLE PORTRAIT,-1
13047.0,FELTCRAFT DOLL EMILY,-1
13047.0,Manual,-1
13047.0,PARISIENNE JEWELLERY DRAWER ,-1
15808.0,GUMBALL MAGAZINE RACK,-1
15810.0, SPACEBOY BABY GIFT SET,-1
15810.0,CHILDRENS CUTLERY DOLLY GIRL ,-1
15270.0,WHITE HANGING HEART T-LIGHT HOLDER,-1
15275.0,VINTAGE DOILY DELUXE SEWING KIT ,-1
15279.0,SET/3 VANILLA SCENTED CANDLE IN BOX,-1
15281.0,CHILDREN'S CIRCUS PARADE MUG,-1
15281.0,FRUIT TREE AND BIRDS WALL PLAQUE,-1
15281.0,LANTERN CREAM GAZEBO ,-1
15281.0,RED RETROSPOT BUTTER DISH,-1
15281.0,RETROSPOT LARGE MILK JUG,-1
15281.0,SET OF 16 VINTAGE RED CUTLERY,-1
15810.0,JUMBO STORAGE BAG SUKI,-1
15810.0,LUNCH BAG WOODLAND,-1
15810.0,SET 10 CARDS HANGING BAUBLES 17080,-1
13047.0,BOX OF 6 ASSORTED COLOUR TEASPOONS,-1
13047.0,DOILEY STORAGE TIN,-1
13047.0,DRAWER KNOB CRACKLE GLAZE BLUE,-1
13047.0,DRAWER KNOB CRACKLE GLAZE GREEN,-1
13047.0,DRAWER KNOB CRACKLE GLAZE PINK,-1
13267.0,SMALL GLASS HEART TRINKET POT,-1
13268.0,CARDHOLDER GINGHAM CHRISTMAS TREE,-1
13268.0,HOME SWEET HOME BLACKBOARD,-1
13268.0,SET OF SALT AND PEPPER TOADSTOOLS,-1
13268.0,STRAWBERRY CERAMIC TRINKET BOX,-1
13268.0,TEA FOR ONE POLKADOT,-1
13269.0,PICNIC BASKET WICKER LARGE,-1
13269.0,PICNIC BASKET WICKER SMALL,-1
13269.0,TWO DOOR CURIO CABINET,-1
15251.0,IVORY DINER WALL CLOCK,-1
15251.0,SET OF 4 KNICK KNACK TINS DOILY ,-1
15253.0,LARGE CERAMIC TOP STORAGE JAR,-1
15253.0,MEDIUM CERAMIC TOP STORAGE JAR,-1
15257.0,RUSTIC  SEVENTEEN DRAWER SIDEBOARD,-1
13018.0,RED RETROSPOT BUTTER DISH,-1
13021.0,SET 10 LIGHTS NIGHT OWL,-1
13026.0,POSTAGE,-1
13028.0,CANDY HEART HANGING DECORATION,-1
13028.0,CHARLIE & LOLA WASTEPAPER BIN BLUE,-1
15811.0,RED RETROSPOT BUTTER DISH,-1
15811.0,RED RETROSPOT SUGAR JAM BOWL,-1
15811.0,RED RETROSPOT TRADITIONAL TEAPOT ,-1
15834.0,GLASS CLOCHE SMALL,-1
15834.0,VINTAGE BLUE KITCHEN CABINET,-1
15836.0,SWEET HEART CAKE CARRIER,-1
15836.0,WHITE WOOD GARDEN PLANT LADDER,-1
15838.0,Discount,-1
15826.0,LANTERN CREAM GAZEBO ,-1
15827.0,3 TIER CAKE TIN GREEN AND CREAM,-1
15827.0,3 TIER CAKE TIN RED AND CREAM,-1
13014.0,VICTORIAN SEWING BOX MEDIUM,-1
15240.0,3 HEARTS HANGING DECORATION RUSTIC,-1
15240.0,CHRISTMAS METAL POSTCARD WITH BELLS,-1
15240.0,RED SPOTTY BISCUIT TIN,-1
15240.0,SAVE THE PLANET MUG,-1
15249.0,BLUE GIANT GARDEN THERMOMETER,-1
15249.0,DRAWER KNOB CRACKLE GLAZE GREEN,-1
15249.0,DRAWER KNOB CRACKLE GLAZE PINK,-1
15249.0,RETRO COFFEE MUGS ASSORTED,-1
15251.0,BREAD BIN DINER STYLE IVORY,-1
13014.0,MINI CAKE STAND WITH HANGING CAKES,-1
13014.0,PINK DOUGHNUT TRINKET POT ,-1
13014.0,RED RETROSPOT CAKE STAND,-1
13014.0,RED RETROSPOT ROUND CAKE TINS,-1
13014.0,STRAWBERRY CERAMIC TRINKET POT,-1
13014.0,SWEETHEART CERAMIC TRINKET BOX,-1
15827.0,POSTAGE,-1
15827.0,RECIPE BOX RETROSPOT ,-1
15827.0,ROUND CAKE TIN VINTAGE RED,-1
15224.0,CERAMIC CAKE STAND + HANGING CAKES,-1
15224.0,MINI CAKE STAND  HANGING STRAWBERY,-1
15238.0,CANDY SPOT CUSHION COVER,-1
15239.0,HANGING HEART JAR T-LIGHT HOLDER,-1
15239.0,PARISIENNE CURIO CABINET,-1
15239.0,PARISIENNE JEWELLERY DRAWER ,-1
13279.0,PINK REGENCY TEACUP AND SAUCER,-1
13282.0,SKULL LUNCH BOX WITH CUTLERY ,-1
13295.0,COLOUR GLASS. STAR T-LIGHT HOLDER,-1
13300.0,PLASTERS IN TIN SPACEBOY,-1
13300.0,SET OF 3 CAKE TINS PANTRY DESIGN ,-1
13308.0,LARGE CERAMIC TOP STORAGE JAR,-1
15874.0,GLASS HEART T-LIGHT HOLDER ,-1
15874.0,GLASS JAR DAISY FRESH COTTON WOOL,-1
15856.0,BLACK HEART CARD HOLDER,-1
15856.0,RED RETROSPOT CAKE STAND,-1
15856.0,VINTAGE CREAM 3 BASKET CAKE STAND,-1
13013.0,GRAND CHOCOLATECANDLE,-1
13014.0,CAKE STAND 3 TIER MAGIC GARDEN,-1
13014.0,CERAMIC CAKE STAND + HANGING CAKES,-1
13308.0,PARISIENNE SEWING BOX,-1
13308.0,WHITE METAL LANTERN,-1
13310.0,CAKE STAND 3 TIER MAGIC GARDEN,-1
15215.0,FOOT STOOL HOME SWEET HOME ,-1
15215.0,REGENCY MILK JUG PINK ,-1
15221.0,CAKE STAND VICTORIAN FILIGREE LARGE,-1
13012.0,Manual,-1
15861.0,RUSTIC  SEVENTEEN DRAWER SIDEBOARD,-1
15864.0,GLASS CHALICE GREEN  SMALL ,-1
15864.0,JARDIN ETCHED GLASS FRUITBOWL,-1
15867.0,REGENCY CAKESTAND 3 TIER,-1
15867.0,SET/6 PINK  BUTTERFLY T-LIGHTS,-1
15874.0,ANTIQUE SILVER T-LIGHT GLASS,-1
15874.0,ASSORTED COLOUR T-LIGHT HOLDER,-1
15874.0,COLOUR GLASS T-LIGHT HOLDER HANGING,-1
15874.0,CREAM SWEETHEART MAGAZINE RACK,-1
13314.0,RED RETROSPOT ROUND CAKE TINS,-1
15201.0,SET OF 3 WOODEN TREE DECORATIONS,-1
15205.0,POSTAGE,-1
15212.0,CERAMIC CAKE STAND + HANGING CAKES,-1
15215.0,DOORMAT UNION FLAG,-1
15201.0,BATHROOM METAL SIGN,-1
15201.0,FRENCH TOILET SIGN BLUE METAL,-1
15201.0,HEN PARTY CORDON BARRIER TAPE,-1
15201.0,JUMBO STORAGE BAG SUKI,-1
13316.0,Discount,-1
15932.0,GLASS CLOCHE LARGE,-1
15940.0,Manual,-1
15874.0,SILVER PHOTO FRAME,-1
15874.0,SWEETHEART CERAMIC TRINKET BOX,-1
15874.0,WOODEN FRAME ANTIQUE WHITE ,-1
15881.0,STRAWBERRY FAIRY CAKE TEAPOT,-1
13012.0,ENAMEL BREAD BIN CREAM,-1
13317.0,HANGING HEART JAR T-LIGHT HOLDER,-1
13317.0,PARISIENNE SEWING BOX,-1
13317.0,RETROSPOT LAMP,-1
13317.0,ROSES REGENCY TEACUP AND SAUCER ,-1
13317.0,STRAWBERRY CHARLOTTE BAG,-1
13319.0,ASSORTED COLOUR BIRD ORNAMENT,-1
13319.0,CHRISTMAS LIGHTS 10 VINTAGE BAUBLES,-1
15194.0,GLASS APOTHECARY BOTTLE PERFUME,-1
13001.0,SALLE DE BAIN HOOK,-1
13005.0,BAKING SET SPACEBOY DESIGN,-1
15903.0,TRAVEL CARD WALLET I LOVE LONDON,-1
15916.0,BLACK PHOTO ALBUM ,-1
15916.0,CARNIVAL BRACELET,-1
15916.0,FRENCH CARRIAGE LANTERN,-1
15916.0,LANTERN CREAM GAZEBO ,-1
15916.0,PEACE WOODEN BLOCK LETTERS,-1
15950.0,HEART T-LIGHT HOLDER WILLIE WINKIE,-1
15950.0,REGENCY CAKESTAND 3 TIER,-1
15950.0,SET OF TEA COFFEE SUGAR TINS PANTRY,-1
15951.0,DOLLY CABINET 3 DRAWERS ,-1
15953.0,SWEETHEART CAKESTAND 3 TIER,-1
15953.0,WHITE HANGING HEART T-LIGHT HOLDER,-1
15953.0,WOODEN BOX ADVENT CALENDAR ,-1
15955.0,SWEETHEART CAKESTAND 3 TIER,-1
12997.0,GLASS  BEURRE DISH,-1
15194.0,REGENCY MILK JUG PINK ,-1
15194.0,SET OF 3 CAKE TINS PANTRY DESIGN ,-1
15194.0,SET OF 3 HANGING OWLS OLLIE BEAK,-1
15194.0,WHITE GOOSE FEATHER CHRISTMAS TREE ,-1
15197.0,ANTIQUE SILVER TEA GLASS ENGRAVED,-1
15197.0,RED SPOT PAPER GIFT BAG,-1
15179.0,RED WOOLLY HOTTIE WHITE HEART.,-1
15181.0,BAKING SET 9 PIECE RETROSPOT ,-1
15181.0,Manual,-1
15189.0,CAKE STAND VICTORIAN FILIGREE MED,-1
15189.0,PARISIENNE KEY CABINET ,-1
16014.0,CHRISTMAS CRAFT TREE TOP ANGEL,-1
15984.0,BISCUIT TIN VINTAGE RED,-1
15984.0,JAM MAKING SET WITH JARS,-1
15984.0,KINGS CHOICE TEA CADDY ,-1
15984.0,NATURAL SLATE RECTANGLE CHALKBOARD,-1
15993.0, TRELLIS COAT RACK,-1
15993.0,CHRISTMAS LIGHTS 10 REINDEER,-1
15993.0,GREEN REGENCY TEACUP AND SAUCER,-1
15993.0,POPCORN HOLDER,-1
15993.0,ROSES REGENCY TEACUP AND SAUCER ,-1
15993.0,VINTAGE CHRISTMAS GIFT SACK,-1
15993.0,VINTAGE CHRISTMAS TABLECLOTH,-1
12994.0,PANTRY WASHING UP BRUSH,-1
12994.0,VICTORIAN SEWING KIT,-1
12997.0,FOUR HOOK  WHITE LOVEBIRDS,-1
15998.0,HANGING METAL STAR LANTERN,-1
15998.0,MULTI COLOUR SILVER T-LIGHT HOLDER,-1
16013.0,CHILLI LIGHTS,-1
16013.0,MEMO BOARD RETROSPOT  DESIGN,-1
16013.0,Manual,-1
16013.0,REGENCY CAKESTAND 3 TIER,-1
15189.0,PARTY BUNTING,-1
15189.0,PINK REGENCY TEACUP AND SAUCER,-1
15157.0,RELAX LARGE WOOD LETTERS,-1
15159.0,"BLACK TEA,COFFEE,SUGAR JARS",-1
15159.0,GREEN CHRISTMAS TREE CARD HOLDER,-1
15159.0,PINK REGENCY TEACUP AND SAUCER,-1
15159.0,RED STAR CARD HOLDER,-1
15159.0,"WHITE TEA,COFFEE,SUGAR JARS",-1
13319.0,LUNCH BAG VINTAGE DOILY ,-1
13319.0,MINI JIGSAW CIRCUS PARADE ,-1
12982.0,LARGE RED BABUSHKA NOTEBOOK ,-1
12982.0,SET OF SALT AND PEPPER TOADSTOOLS,-1
12982.0,"WHITE TEA,COFFEE,SUGAR JARS",-1
12987.0,PARISIENNE KEY CABINET ,-1
16014.0,LARGE WHITE HEART OF WICKER,-1
16015.0,GARLAND WITH STARS AND BELLS,-1
16016.0,MINT KITCHEN SCALES,-1
16016.0,WOODEN ADVENT CALENDAR CREAM,-1
16027.0,Manual,-1
12987.0,SWEETHEART WIRE MAGAZINE RACK,-1
12994.0,3 TRADITIONAl BISCUIT CUTTERS  SET,-1
12994.0,ENAMEL BREAD BIN CREAM,-1
12994.0,ENAMEL FLOWER JUG CREAM,-1
16033.0,LUNCH BAG PINK POLKADOT,-1
16033.0,PIGGY BANK RETROSPOT ,-1
16033.0,RECIPE BOX PANTRY YELLOW DESIGN,-1
16033.0,RECIPE BOX RETROSPOT ,-1
16033.0,WHITE 3 FRAME BIRDS AND TREE ,-1
16029.0,POSTAGE,-1
12957.0,SILVER HANGING T-LIGHT HOLDER,-1
12967.0,CABIN BAG VINTAGE RETROSPOT,-1
12971.0,POSTAGE,-1
12980.0,VINYL RECORD FRAME SILVER,-1
12982.0,GLASS CHALICE BLUE SMALL ,-1
12982.0,HOME SWEET HOME MUG,-1
16057.0,RED RETROSPOT BUTTER DISH,-1
16057.0,RED RETROSPOT SUGAR JAM BOWL,-1
16057.0,RED RETROSPOT TEA CUP AND SAUCER ,-1
16057.0,RED SPOTTY BISCUIT TIN,-1
16057.0,ROUND CAKE TIN VINTAGE GREEN,-1
16057.0,SET OF 3 CAKE TINS PANTRY DESIGN ,-1
16033.0,CLEAR DRAWER KNOB ACRYLIC EDWARDIAN,-1
16033.0,FRENCH WC SIGN BLUE METAL,-1
16033.0,GIN AND TONIC MUG,-1
16033.0,GLASS  BEURRE DISH,-1
16033.0,GROW YOUR OWN HERBS SET OF 3,-1
16033.0,HOT BATHS SOAP HOLDER,-1
13319.0,RED RETROSPOT TRADITIONAL TEAPOT ,-1
13319.0,RETROSPOT LARGE MILK JUG,-1
13319.0,ROUND CAKE TIN VINTAGE GREEN,-1
13319.0,ROUND CAKE TIN VINTAGE RED,-1
13319.0,SET OF 3 CAKE TINS PANTRY DESIGN ,-1
13319.0,SET OF 3 REGENCY CAKE TINS,-1
15152.0,ANTIQUE SILVER T-LIGHT GLASS,-1
15152.0,BISCUIT TIN VINTAGE RED,-1
15152.0,DOLLY GIRL CHILDRENS EGG CUP,-1
15152.0,ENAMEL COLANDER CREAM,-1
12949.0,GREEN REGENCY TEACUP AND SAUCER,-1
12951.0,CHRISTMAS LIGHTS 10 REINDEER,-1
12952.0,SET OF 3 CAKE TINS PANTRY DESIGN ,-1
12957.0,CREAM SWEETHEART MINI CHEST,-1
16038.0,LARGE CAKE STAND  HANGING STRAWBERY,-1
16048.0,BLACK BAROQUE WALL CLOCK ,-1
16057.0,CREAM SWEETHEART MINI CHEST,-1
16057.0,LARGE CAKE STAND  HANGING STRAWBERY,-1
15152.0,VINTAGE CREAM DOG FOOD CONTAINER,-1
15154.0,5 STRAND GLASS NECKLACE CRYSTAL,-1
15154.0,ANT SILVER LIME GREEN BOUDICCA RING,-1
15154.0,LONG SILVER NECKLACE PASTEL FLOWER,-1
15154.0,SILVER BRACELET W PASTEL FLOWER,-1
15157.0,JIGSAW RABBIT AND BIRDHOUSE,-1
15157.0,POSTAGE,-1
15128.0,RECIPE BOX PANTRY YELLOW DESIGN,-1
15128.0,RED KITCHEN SCALES,-1
15128.0,SET OF 4 KNICK KNACK TINS LONDON ,-1
15128.0,STRAWBERRY CERAMIC TRINKET BOX,-1
15128.0,VINYL RECORD FRAME SILVER,-1
15136.0,JAM MAKING SET WITH JARS,-1
16057.0,SET OF TEA COFFEE SUGAR TINS PANTRY,-1
16057.0,SWEETHEART CAKESTAND 3 TIER,-1
16061.0,CABIN BAG VINTAGE RETROSPOT,-1
16086.0,JUMBO BAG RED RETROSPOT,-1
16094.0,RED RETROSPOT MINI CASES,-1
16101.0,HOMEMADE JAM SCENTED CANDLES,-1
16101.0,LUNCH BAG  BLACK SKULL.,-1
16101.0,PARISIENNE SEWING BOX,-1
12948.0,RED FLORAL FELTCRAFT SHOULDER BAG,-1
15125.0,IVORY WIRE KITCHEN ORGANISER,-1
15125.0,LARGE CERAMIC TOP STORAGE JAR,-1
15125.0,RETROSPOT LARGE MILK JUG,-1
15125.0,SET OF 4 KNICK KNACK TINS DOILEY ,-1
15128.0,POSTAGE,-1
12940.0,MIRROR CORNICE,-1
12940.0,REGENCY CAKESTAND 3 TIER,-1
12943.0,FELTCRAFT CUSHION BUTTERFLY,-1
12947.0,3 TIER CAKE TIN GREEN AND CREAM,-1
12947.0,BREAD BIN DINER STYLE RED ,-1
12947.0,CHILDS BREAKFAST SET SPACEBOY ,-1
12947.0,NATURAL SLATE CHALKBOARD LARGE ,-1
16124.0,BREAD BIN DINER STYLE IVORY,-1
16124.0,BREAD BIN DINER STYLE MINT,-1
16124.0,BREAD BIN DINER STYLE PINK,-1
13338.0,Next Day Carriage,-1
13338.0,REGENCY CAKESTAND 3 TIER,-1
13338.0,VINTAGE SEASIDE JIGSAW PUZZLES,-1
13343.0,LE GRAND TRAY CHIC SET,-1
15107.0,ORGANISER WOOD ANTIQUE WHITE ,-1
15107.0,POSTAGE,-1
15109.0,PIGGY BANK RETROSPOT ,-1
15109.0,REGENCY CAKESTAND 3 TIER,-1
15110.0,BLUE DINER WALL CLOCK,-1
16133.0,ENAMEL MEASURING JUG CREAM,-1
16133.0,GLASS  SONGBIRD STORAGE JAR,-1
16133.0,NATURAL SLATE HEART CHALKBOARD ,-1
16133.0,RED KITCHEN SCALES,-1
16133.0,ROSES REGENCY TEACUP AND SAUCER ,-1
16133.0,SET 6 SCHOOL MILK BOTTLES IN CRATE,-1
12933.0,SET OF 3 BIRD LIGHT PINK FEATHER ,-1
12935.0,JAM MAKING SET WITH JARS,-1
12940.0, DOLLY GIRL BEAKER,-1
16150.0,SET OF 3 CAKE TINS PANTRY DESIGN ,-1
16133.0,VINTAGE RED ENAMEL TRIM PLATE,-1
16134.0,POTTERING MUG,-1
16134.0,RECIPE BOX RETROSPOT ,-1
16138.0,ROUND CAKE TIN VINTAGE RED,-1
16140.0,POSTAGE,-1
16145.0,MRS ROBOT SOFT TOY,-1
12924.0,ANTIQUE GLASS PEDESTAL BOWL,-1
12929.0,WOODEN CROQUET GARDEN SET,-1
15117.0,LUNCH BAG CARS BLUE,-1
15122.0,SMALL GLASS HEART TRINKET POT,-1
15088.0,GLASS APOTHECARY BOTTLE TONIC,-1
15088.0,LARGE ANTIQUE WHITE PHOTO FRAME,-1
15095.0,PINK REGENCY TEACUP AND SAUCER,-1
15095.0,ROSES REGENCY TEACUP AND SAUCER ,-1
15098.0,Manual,-1
15104.0,BREAD BIN DINER STYLE IVORY,-1
15104.0,ROUND CAKE TIN VINTAGE RED,-1
16156.0,POSTAGE,-1
16156.0,SET 7 BABUSHKA NESTING BOXES,-1
16156.0,SET OF 10 LED DOLLY LIGHTS,-1
16156.0,SET OF 3 CAKE TINS PANTRY DESIGN ,-1
16145.0,SET/5 RED RETROSPOT LID GLASS BOWLS,-1
16150.0,CREAM WALL PLANTER HEART SHAPED,-1
16150.0,GINGHAM RECIPE BOOK BOX,-1
16150.0,HOME SWEET HOME CUSHION COVER ,-1
16150.0,LANTERN CREAM GAZEBO ,-1
15106.0,15CM CHRISTMAS GLASS BALL 20 LIGHTS,-1
15078.0,KINGS CHOICE BISCUIT TIN,-1
15078.0,REGENCY CAKESTAND 3 TIER,-1
15078.0,TEA TIME CAKE STAND IN GIFT BOX,-1
15079.0,PINK FAIRY CAKE CHILDRENS APRON,-1
15081.0,PARISIENNE CURIO CABINET,-1
15081.0,WHITE WOOD GARDEN PLANT LADDER,-1
15088.0,15CM CHRISTMAS GLASS BALL 20 LIGHTS,-1
12921.0,HANGING HEART JAR T-LIGHT HOLDER,-1
12921.0,JUMBO BAG RED RETROSPOT,-1
12921.0,SET 10 LIGHTS NIGHT OWL,-1
16150.0,SET OF 3 REGENCY CAKE TINS,-1
16150.0,STRAWBERRY CHARLOTTE BAG,-1
16156.0,GUMBALL COAT RACK,-1
16156.0,NOVELTY BISCUITS CAKE STAND 3 TIER,-1
13345.0,CHILDS BREAKFAST SET SPACEBOY ,-1
13345.0,JUMBO STORAGE BAG SUKI,-1
13350.0,3 HOOK PHOTO SHELF ANTIQUE WHITE,-1
13350.0,CINDERELLA CHANDELIER ,-1
13350.0,FOOT STOOL HOME SWEET HOME ,-1
13352.0,CHILDREN'S SPACEBOY MUG,-1
13362.0,CLOTHES PEGS RETROSPOT PACK 24 ,-1
13362.0,FAIRY CAKES NOTEBOOK A6 SIZE,-1
13362.0,FELTCRAFT DOLL MOLLY,-1
16164.0,ROCOCO WALL MIRROR WHITE,-1
16161.0,CARD HOLDER LOVE BIRD LARGE ,-1
16161.0,CHRISTMAS CRAFT TREE TOP ANGEL,-1
16161.0,HAND WARMER SCOTTY DOG DESIGN,-1
16161.0,JUMBO BAG OWLS,-1
16161.0,JUMBO SHOPPER VINTAGE RED PAISLEY,-1
16161.0,LUNCH BAG RED RETROSPOT,-1
16161.0,LUNCH BAG SPACEBOY DESIGN ,-1
16161.0,PARISIENNE SEWING BOX,-1
13364.0,PACKING CHARGE,-1
13365.0,CLASSIC GLASS COOKIE JAR,-1
15066.0,RECIPE BOX PANTRY YELLOW DESIGN,-1
15066.0,RED METAL BOX TOP SECRET,-1
15066.0,REGENCY CAKESTAND 3 TIER,-1
12909.0,REGENCY CAKESTAND 3 TIER,-1
16161.0,PINK  HEART SHAPE LOVE BUCKET ,-1
16161.0,RED METAL BEACH SPADE ,-1
16161.0,RED RETROSPOT CHILDRENS UMBRELLA,-1
16161.0,RED RETROSPOT UMBRELLA,-1
16161.0,ROSE COTTAGE KEEPSAKE BOX ,-1
16161.0,S/4 BLACK MINI ROSE CANDLE IN BOWL,-1
16161.0,S/4 CACTI CANDLES,-1
16161.0,VICTORIAN SEWING BOX LARGE,-1
16161.0,VICTORIAN SEWING BOX MEDIUM,-1
16161.0,VICTORIAN SEWING BOX SMALL ,-1
16161.0,WHITE WOOD GARDEN PLANT LADDER,-1
16161.0,WOODEN ADVENT CALENDAR CREAM,-1
15044.0,WOOD BLACK BOARD ANT WHITE FINISH,-1
15059.0,CREAM SWEETHEART EGG HOLDER,-1
15059.0,DAIRY MAID TRADITIONAL TEAPOT ,-1
15065.0,CHILDS BREAKFAST SET SPACEBOY ,-1
13370.0,FELTCRAFT CHRISTMAS FAIRY,-1
13370.0,GREEN REGENCY TEACUP AND SAUCER,-1
13370.0,MOROCCAN TEA GLASS,-1
13375.0,PARISIENNE KEY CABINET ,-1
16201.0,ROSES REGENCY TEACUP AND SAUCER ,-1
16170.0,RABBIT NIGHT LIGHT,-1
16173.0,ANTIQUE TALL SWIRLGLASS TRINKET POT,-1
16173.0,SMALL GLASS HEART TRINKET POT,-1
16184.0,COLOUR GLASS. STAR T-LIGHT HOLDER,-1
12909.0,CERAMIC CAKE DESIGN SPOTTED MUG,-1
16218.0,WOOD S/3 CABINET ANT WHITE FINISH,-1
16191.0,EGG CUP HENRIETTA HEN PINK,-1
16191.0,HAND WARMER OWL DESIGN,-1
16191.0,HANGING METAL HEART LANTERN,-1
16191.0,POSTAGE,-1
16191.0,SET OF 3 CAKE TINS PANTRY DESIGN ,-1
16191.0,VICTORIAN GLASS HANGING T-LIGHT,-1
13384.0,BISCUIT TIN VINTAGE GREEN,-1
13384.0,SET OF 4 KNICK KNACK TINS LEAVES ,-1
13388.0,CINDERELLA CHANDELIER ,-1
13394.0,POSTAGE,-1
15034.0,RED HANGING HEART T-LIGHT HOLDER,-1
15039.0,CHEST OF DRAWERS GINGHAM HEART ,-1
15039.0,EDWARDIAN PARASOL NATURAL,-1
15039.0,ENAMEL BREAD BIN CREAM,-1
15039.0,SET OF 6 SPICE TINS PANTRY DESIGN,-1
15044.0,ANTIQUE GLASS PEDESTAL BOWL,-1
15044.0,GREEN REGENCY TEACUP AND SAUCER,-1
15044.0,PHOTO FRAME 3 CLASSIC HANGING,-1
15044.0,POPPY'S PLAYHOUSE BEDROOM ,-1
15044.0,WOOD 2 DRAWER CABINET WHITE FINISH,-1
12885.0,BREAD BIN DINER STYLE IVORY,-1
12886.0,IVORY SWEETHEART SOAP DISH,-1
12886.0,PHOTO FRAME 3 CLASSIC HANGING,-1
16203.0,ALARM CLOCK BAKELIKE CHOCOLATE,-1
16211.0,JAM MAKING SET WITH JARS,-1
16212.0,NATURAL SLATE CHALKBOARD LARGE ,-1
16217.0,POSTAGE,-1
16218.0,CERAMIC STRAWBERRY CAKE MONEY BANK,-1
16218.0,GLASS BON BON JAR,-1
16235.0,SET OF 3 CAKE TINS PANTRY DESIGN ,-1
16235.0,SET OF 6 SPICE TINS PANTRY DESIGN,-1
16240.0,BAKING SET 9 PIECE RETROSPOT ,-1
16240.0,CHRISTMAS LIGHTS 10 SANTAS ,-1
16240.0,PANTRY CHOPPING BOARD,-1
16240.0,PARISIENNE KEY CABINET ,-1
16240.0,VINTAGE SNAP CARDS,-1
16242.0,SET OF 3 CAKE TINS PANTRY DESIGN ,-1
16245.0,3 TIER SWEETHEART GARDEN SHELF,-1
12870.0,LANTERN CREAM GAZEBO ,-1
12879.0,PINK REGENCY TEACUP AND SAUCER,-1
15021.0,ROCOCO WALL MIRROR WHITE,-1
15021.0,SKULL LUNCH BOX WITH CUTLERY ,-1
15021.0,TRIPLE HOOK ANTIQUE IVORY ROSE,-1
15027.0,CERAMIC CHERRY CAKE MONEY BANK,-1
15027.0,WOODEN CROQUET GARDEN SET,-1
15033.0,PEACE SMALL WOOD LETTERS,-1
15033.0,RELAX LARGE WOOD LETTERS,-1
15033.0,TEA TIME TEAPOT IN GIFT BOX,-1
15034.0,ALARM CLOCK BAKELIKE ORANGE,-1
15034.0,ALARM CLOCK BAKELIKE RED ,-1
13396.0,DRAWER KNOB CRACKLE GLAZE PINK,-1
13396.0,REGENCY CAKESTAND 3 TIER,-1
13397.0,SET OF TEA COFFEE SUGAR TINS PANTRY,-1
12867.0,3 HOOK HANGER MAGIC GARDEN,-1
12867.0,CHILDREN'S SPACEBOY MUG,-1
12867.0,CHILDRENS DOLLY GIRL MUG,-1
12867.0,Manual,-1
12867.0,RED RETROSPOT CHARLOTTE BAG,-1
12867.0,RETRO PLASTIC POLKA TRAY,-1
12867.0,WOODEN FRAME ANTIQUE WHITE ,-1
12870.0,CAKE STAND LOVEBIRD 2 TIER WHITE,-1
15005.0,SET/6 PINK  BUTTERFLY T-LIGHTS,-1
15005.0,STRAWBERRY CHARLOTTE BAG,-1
15005.0,TRAVEL CARD WALLET UNION JACK,-1
15005.0,WHITE HANGING HEART T-LIGHT HOLDER,-1
15005.0,WOOD S/3 CABINET ANT WHITE FINISH,-1
15005.0,WOODEN PICTURE FRAME WHITE FINISH,-1
15018.0,DANISH ROSE BEDSIDE CABINET,-1
16293.0,IVORY DINER WALL CLOCK,-1
16297.0,BLACK ENAMEL FLOWER RING,-1
16297.0,POSTAGE,-1
16252.0,RETROSPOT LAMP,-1
16255.0,PINK DRAWER KNOB ACRYLIC EDWARDIAN,-1
16255.0,SINGLE ANTIQUE ROSE HOOK IVORY,-1
16262.0,OCEAN SCENT CANDLE IN JEWELLED BOX,-1
12856.0,WASH BAG VINTAGE ROSE PAISLEY,-1
16309.0,CHILDS BREAKFAST SET DOLLY GIRL ,-1
16309.0,CHILDS BREAKFAST SET SPACEBOY ,-1
16316.0,GLASS STAR FROSTED T-LIGHT HOLDER,-1
16316.0,VINTAGE RED KITCHEN CABINET,-1
16271.0,EDWARDIAN PARASOL PINK,-1
16278.0,REGENCY CAKESTAND 3 TIER,-1
16279.0,BAKING SET SPACEBOY DESIGN,-1
16279.0,RED RETROSPOT TRADITIONAL TEAPOT ,-1
16292.0,MINI CAKE STAND WITH HANGING CAKES,-1
15021.0,COLOUR GLASS. STAR T-LIGHT HOLDER,-1
15021.0,HEART DECORATION WITH PEARLS ,-1
15005.0,CERAMIC CAKE DESIGN SPOTTED PLATE,-1
15005.0,EAU DE NILE HEART SHAPE PHOTO FRAME,-1
15005.0,EAU DE NILE JEWELLED PHOTOFRAME,-1
15005.0,JUMBO STORAGE BAG SKULLS,-1
15005.0,LOVE HEART TRINKET POT,-1
15005.0,LUNCH BAG CARS BLUE,-1
15005.0,NOVELTY BISCUITS CAKE STAND 3 TIER,-1
15005.0,PINK 3 PIECE POLKADOT CUTLERY SET,-1
15005.0,PINK DOUGHNUT TRINKET POT ,-1
15005.0,PINK HEART SHAPE PHOTO FRAME,-1
15005.0,PINK LARGE JEWELED PHOTOFRAME,-1
15005.0,PINK POLKADOT CHILDRENS UMBRELLA,-1
15005.0,PINK SMALL JEWELLED PHOTOFRAME,-1
12852.0,SET/5 RED RETROSPOT LID GLASS BOWLS,-1
12853.0,BLUE GIANT GARDEN THERMOMETER,-1
12853.0,IVORY GIANT GARDEN THERMOMETER,-1
12853.0,TRAVEL SEWING KIT,-1
12854.0,3 HOOK HANGER MAGIC GARDEN,-1
12854.0,ANT WHITE WIRE HEART SPIRAL,-1
12854.0,CREAM HEART CARD HOLDER,-1
12854.0,REGENCY CAKESTAND 3 TIER,-1
12854.0,SAVOY ART DECO CLOCK,-1
12856.0,CREAM SWEETHEART MINI CHEST,-1
12856.0,ROUND STORAGE TIN VINTAGE LEAF,-1
16303.0,SPACEBOY CHILDRENS CUP,-1
16360.0,TRADITIONAL KNITTING NANCY,-1
16360.0,YELLOW GIANT GARDEN THERMOMETER,-1
16330.0,BLACK VINTAGE  CRYSTAL EARRINGS,-1
16330.0,RED RETROSPOT APRON ,-1
16341.0,ANGEL DECORATION 3 BUTTONS ,-1
16341.0,CHRISTMAS STAR WISH LIST CHALKBOARD,-1
16341.0,JUMBO BAG 50'S CHRISTMAS ,-1
16341.0,JUMBO BAG RED RETROSPOT,-1
16350.0,SMALL GLASS HEART TRINKET POT,-1
16350.0,WOOD 2 DRAWER CABINET WHITE FINISH,-1
16350.0,WOOD S/3 CABINET ANT WHITE FINISH,-1
12852.0,GREEN REGENCY TEACUP AND SAUCER,-1
15005.0,POPCORN HOLDER,-1
15005.0,RED RETROSPOT CHARLOTTE BAG,-1
15005.0,SET OF 3 CAKE TINS PANTRY DESIGN ,-1
14959.0,15CM CHRISTMAS GLASS BALL 20 LIGHTS,-1
14961.0,LUNCH BAG PINK POLKADOT,-1
14961.0,SWEETHEART RECIPE BOOK STAND,-1
15005.0, OVAL WALL MIRROR DIAMANTE ,-1
15005.0,BEACH HUT DESIGN BLACKBOARD,-1
15005.0,BIRDS MOBILE VINTAGE DESIGN,-1
15005.0,BLUE PADDED SOFT MOBILE,-1
15005.0,CAMOUFLAGE DESIGN TEDDY,-1
16376.0,GLITTER CHRISTMAS TREE WITH BELLS,-1
16393.0,AIRLINE BAG VINTAGE TOKYO 78,-1
16393.0,CHILDRENS APRON SPACEBOY DESIGN,-1
16356.0,LAUNDRY 15C METAL SIGN,-1
16358.0,STRAWBERRY LUNCH BOX WITH CUTLERY,-1
16359.0,VINTAGE BLUE KITCHEN CABINET,-1
16359.0,VINTAGE RED KITCHEN CABINET,-1
16360.0,CIRCUS PARADE BABY GIFT SET,-1
16360.0,LARGE CERAMIC TOP STORAGE JAR,-1
16360.0,MONEY BOX BISCUITS DESIGN,-1
16360.0,POPCORN HOLDER,-1
14931.0,Manual,-1
14934.0,SMALL GLASS HEART TRINKET POT,-1
14936.0,ANTIQUE HEART SHELF UNIT,-1
14936.0,SET/5 RED RETROSPOT LID GLASS BOWLS,-1
14937.0,"SET 3 RETROSPOT TEA,COFFEE,SUGAR",-1
14950.0,FAMILY PHOTO FRAME CORNICE,-1
14952.0,GLASS  SONGBIRD STORAGE JAR,-1
16393.0,JUMBO STORAGE BAG SUKI,-1
16393.0,LUNCH BAG APPLE DESIGN,-1
16393.0,LUNCH BAG WOODLAND,-1
16393.0,LUNCH BOX I LOVE LONDON,-1
16393.0,SET OF 4 PANTRY JELLY MOULDS,-1
16362.0,BELLE JARDINIERE CUSHION COVER,-1
16362.0,MISTLETOE HEART WREATH CREAM,-1
16362.0,SCOTTIE DOG HOT WATER BOTTLE,-1
16376.0,GLASS STAR FROSTED T-LIGHT HOLDER,-1
12841.0,SPOTTY BUNTING,-1
12841.0,TRAVEL CARD WALLET RETROSPOT,-1
12843.0,CLASSIC FRENCH STYLE BASKET GREEN ,-1
16393.0,DOLLY GIRL CHILDRENS BOWL,-1
16393.0,HAND WARMER OWL DESIGN,-1
16393.0,JUMBO BAG 50'S CHRISTMAS ,-1
16393.0,JUMBO BAG APPLES,-1
16393.0,JUMBO BAG RED RETROSPOT,-1
13418.0,ALARM CLOCK BAKELIKE ORANGE,-1
13418.0,ALARM CLOCK BAKELIKE RED ,-1
14911.0,WHITE WIRE EGG HOLDER,-1
14911.0,WHITE WOOD GARDEN PLANT LADDER,-1
14911.0,WOODEN ROUNDERS GARDEN SET ,-1
14911.0,YOU'RE CONFUSING ME METAL SIGN ,-1
14912.0,Discount,-1
14916.0,LARGE CERAMIC TOP STORAGE JAR,-1
13420.0,SMALL GLASS HEART TRINKET POT,-1
13421.0,RECYCLING BAG RETROSPOT ,-1
13426.0,POSTAGE,-1
13430.0,POSTAGE,-1
13435.0,PARLOUR CERAMIC WALL HOOK,-1
14911.0,STOOL HOME SWEET HOME ,-1
14911.0,TRIPLE PHOTO FRAME CORNICE ,-1
16403.0,PLASTERS IN TIN SPACEBOY,-1
16403.0,SPACEBOY LUNCH BOX ,-1
16393.0,SOLDIERS EGG CUP ,-1
16393.0,TREASURE TIN GYMKHANA DESIGN,-1
16394.0,TRAVEL CARD WALLET RETROSPOT,-1
16398.0,DANISH ROSE BEDSIDE CABINET,-1
13448.0,GREEN REGENCY TEACUP AND SAUCER,-1
13455.0,ANTIQUE TALL SWIRLGLASS TRINKET POT,-1
13455.0,CERAMIC STRAWBERRY DESIGN MUG,-1
13455.0,RED RETROSPOT BUTTER DISH,-1
13455.0,REGENCY CAKESTAND 3 TIER,-1
13455.0,SET/3 ROSE CANDLE IN JEWELLED BOX,-1
13455.0,WOOD S/3 CABINET ANT WHITE FINISH,-1
13456.0,CHILDS BREAKFAST SET CIRCUS PARADE,-1
14911.0,SET OF 3 CAKE TINS PANTRY DESIGN ,-1
14911.0,SET OF 3 REGENCY CAKE TINS,-1
14911.0,SET OF TEA COFFEE SUGAR TINS PANTRY,-1
14911.0,SET/3 RED GINGHAM ROSE STORAGE BOX,-1
12840.0,JAM MAKING SET WITH JARS,-1
12841.0,3 PIECE SPACEBOY COOKIE CUTTER SET,-1
12841.0,HEART OF WICKER LARGE,-1
12841.0,SET OF 12 MINI LOAF BAKING CASES,-1
16401.0,LUNCH BAG SUKI DESIGN ,-1
16401.0,Manual,-1
16401.0,ROUND SNACK BOXES SET OF4 WOODLAND ,-1
16416.0,POSTAGE,-1
16419.0,REGENCY CAKESTAND 3 TIER,-1
16428.0,ROSES REGENCY TEACUP AND SAUCER ,-1
16444.0,Manual,-1
16444.0,WOODEN BOX ADVENT CALENDAR ,-1
12826.0,LUNCH BAG WOODLAND,-1
12829.0,DANISH ROSE BEDSIDE CABINET,-1
12830.0,Discount,-1
12839.0,POSTAGE,-1
14911.0,SET/3 VANILLA SCENTED CANDLE IN BOX,-1
14911.0,SILVER BLACK ORBIT DROP EARRINGS,-1
14911.0,SILVER M.O.P ORBIT DROP EARRINGS,-1
14911.0,RED SPOTTY BISCUIT TIN,-1
14911.0,RETROSPOT SMALL TUBE MATCHES,-1
14911.0,ROUND CAKE TIN VINTAGE RED,-1
13458.0,BLUE  TILE HOOK,-1
13458.0,HOME BUILDING BLOCK WORD,-1
13458.0,PARISIENNE JEWELLERY DRAWER ,-1
13458.0,PHOTO FRAME CORNICE,-1
13458.0,RED RETROSPOT MUG,-1
13462.0,BULL DOG BOTTLE TOP WALL CLOCK,-1
12809.0,SET OF 3 REGENCY CAKE TINS,-1
12818.0,GREEN REGENCY TEACUP AND SAUCER,-1
12826.0,LUNCH BAG  BLACK SKULL.,-1
16454.0,Manual,-1
16463.0,BAKING SET SPACEBOY DESIGN,-1
16470.0,OVERNIGHT BAG VINTAGE ROSE PAISLEY,-1
16473.0,T-LIGHT GLASS FLUTED ANTIQUE,-1
16474.0,BISCUIT TIN VINTAGE CHRISTMAS,-1
16474.0,CHRISTMAS PUDDING TRINKET POT ,-1
16474.0,NATURAL SLATE HEART CHALKBOARD ,-1
13466.0,CAKE STAND LOVEBIRD 2 TIER WHITE,-1
13468.0,LARGE CAKE STAND  HANGING STRAWBERY,-1
14911.0,RED KITCHEN SCALES,-1
14911.0,RED RETROSPOT CHARLOTTE BAG,-1
13476.0,ENAMEL BREAD BIN CREAM,-1
13476.0,ROUND CAKE TIN VINTAGE GREEN,-1
13476.0,VINTAGE BLUE KITCHEN CABINET,-1
13477.0,GROW YOUR OWN FLOWERS SET OF 3,-1
12781.0,POSTAGE,-1
16474.0,SKETCHBOOK MAGNETIC SHOPPING LIST,-1
16499.0,FELTCRAFT DOLL MARIA,-1
16503.0,RED DRAGONFLY HELICOPTER,-1
16503.0,STRAWBERRY LUNCH BOX WITH CUTLERY,-1
12782.0,RECIPE BOX PANTRY YELLOW DESIGN,-1
12782.0,SET/3 RED GINGHAM ROSE STORAGE BOX,-1
13479.0,SWEETHEART CAKESTAND 3 TIER,-1
13488.0,3 TIER CAKE TIN GREEN AND CREAM,-1
13488.0,BOX OF VINTAGE JIGSAW BLOCKS ,-1
13488.0,PINK REGENCY TEACUP AND SAUCER,-1
13488.0,SET OF TEA COFFEE SUGAR TINS PANTRY,-1
13495.0,ANTIQUE GLASS HEART DECORATION ,-1
14911.0,PARISIENNE CURIO CABINET,-1
14911.0,PARISIENNE SEWING BOX,-1
16518.0,3 STRIPEY MICE FELTCRAFT,-1
16518.0,FELTCRAFT BUTTERFLY HEARTS,-1
16520.0,PICNIC BASKET WICKER LARGE,-1
16523.0,LARGE CAKE STAND  HANGING STRAWBERY,-1
12778.0,POSTAGE,-1
12779.0,CERAMIC CAKE BOWL + HANGING CAKES,-1
12779.0,LARGE CAKE STAND  HANGING STRAWBERY,-1
13499.0,HEART OF WICKER LARGE,-1
13505.0,GREEN REGENCY TEACUP AND SAUCER,-1
13505.0,PICNIC BOXES SET OF 3 RETROSPOT ,-1
14911.0,LARGE POPCORN HOLDER ,-1
14911.0,MEASURING TAPE BABUSHKA PINK,-1
14911.0,MINT KITCHEN SCALES,-1
14911.0,MONTANA DIAMOND CLUSTER EARRINGS,-1
16554.0,ANTIQUE TALL SWIRLGLASS TRINKET POT,-1
16536.0,TRIPLE PHOTO FRAME CORNICE ,-1
12753.0,RED RETROSPOT CHARLOTTE BAG,-1
12753.0,RED RETROSPOT PEG BAG,-1
12753.0,SET OF 4 KNICK KNACK TINS POPPIES,-1
12753.0,TRADITIONAL KNITTING NANCY,-1
12753.0,VINTAGE DONKEY TAIL GAME ,-1
12755.0,Manual,-1
14911.0,PACKING CHARGE,-1
14911.0,GEORGIAN TRINKET BOX,-1
14911.0,GIN + TONIC DIET METAL SIGN,-1
14911.0,GLASS  BEURRE DISH,-1
14911.0,GUMBALL COAT RACK,-1
14911.0,I'M ON HOLIDAY METAL SIGN,-1
14911.0,JAM CLOCK MAGNET,-1
13505.0,REGENCY CAKESTAND 3 TIER,-1
13505.0,ROUND SNACK BOXES SET OF4 WOODLAND ,-1
13505.0,SET OF 3 REGENCY CAKE TINS,-1
13505.0,SWEETHEART CAKESTAND 3 TIER,-1
12753.0,DECORATIVE CATS BATHROOM BOTTLE,-1
12753.0,GLASS JAR DAISY FRESH COTTON WOOL,-1
12753.0,LUNCH BAG DOLLY GIRL DESIGN,-1
12753.0,LUNCH BAG RED RETROSPOT,-1
16550.0,AIRLINE BAG VINTAGE TOKYO 78,-1
16550.0,CAROUSEL DESIGN WASHBAG,-1
16550.0,VINTAGE UNION JACK CUSHION COVER,-1
16553.0,KINGS CHOICE BISCUIT TIN,-1
13506.0,ANTIQUE GLASS DRESSING TABLE POT,-1
13506.0,HANGING HEART MIRROR DECORATION ,-1
13506.0,SMALL GLASS HEART TRINKET POT,-1
13517.0,WHITE STITCHED WALL CLOCK,-1
13519.0,BOX OF VINTAGE ALPHABET BLOCKS,-1
14911.0,Discount,-1
14911.0,FAMILY ALBUM WHITE PICTURE FRAME,-1
13523.0,16 PIECE CUTLERY SET PANTRY DESIGN,-1
16554.0,CREAM SWEETHEART EGG HOLDER,-1
16554.0,CREAM WALL PLANTER HEART SHAPED,-1
16554.0,HANGING METAL HEART LANTERN,-1
16554.0,PARTY CONE CHRISTMAS DECORATION ,-1
16554.0,RETROSPOT LAMP,-1
12753.0,3 HOOK HANGER MAGIC GARDEN,-1
13523.0,RUSTIC  SEVENTEEN DRAWER SIDEBOARD,-1
13523.0,"TRAY, BREAKFAST IN BED",-1
13534.0,CHARLOTTE BAG APPLES DESIGN,-1
13534.0,CHARLOTTE BAG PINK POLKADOT,-1
13534.0,CHARLOTTE BAG SUKI DESIGN,-1
13534.0,CHARLOTTE BAG VINTAGE ALPHABET ,-1
13534.0,DOORMAT WELCOME TO OUR HOME,-1
13534.0,IVORY WIRE KITCHEN ORGANISER,-1
14911.0,COFFEE MUG CAT + BIRD DESIGN,-1
16554.0,SWEETHEART CAKESTAND 3 TIER,-1
16554.0,WOODEN PICTURE FRAME WHITE FINISH,-1
16558.0,BLACK MEDIUM GLASS CAKE STAND,-1
16558.0,BLACK SMALL GLASS CAKE STAND,-1
16558.0,CHRISTMAS LIGHTS 10 SANTAS ,-1
16558.0,HANGING METAL HEART LANTERN,-1
16558.0,STRAWBERRY FAIRY CAKE TEAPOT,-1
14911.0,CARDHOLDER HOLLY WREATH METAL,-1
14911.0,CARRIAGE,-1
13534.0,JUMBO BAG DOILEY PATTERNS,-1
13534.0,JUMBO BAG STRAWBERRY,-1
13534.0,JUMBO STORAGE BAG SKULLS,-1
13534.0,KINGS CHOICE BISCUIT TIN,-1
16571.0,SET OF 4 KNICK KNACK TINS DOILY ,-1
16573.0,RECIPE BOX PANTRY YELLOW DESIGN,-1
16573.0,ROSES REGENCY TEACUP AND SAUCER ,-1
16573.0,SET OF 3 CAKE TINS PANTRY DESIGN ,-1
16566.0,AGED GLASS SILVER T-LIGHT HOLDER,-1
16570.0,CHRISTMAS LIGHTS 10 REINDEER,-1
16570.0,SET 10 LIGHTS NIGHT OWL,-1
16571.0,ASSORTED TUTTI FRUTTI PEN,-1
16571.0,CAMOUFLAGE LED TORCH,-1
13534.0,LIGHT GARLAND BUTTERFILES PINK,-1
13534.0,LUNCH BAG DOILEY PATTERN ,-1
13534.0,LUNCH BAG PINK POLKADOT,-1
14911.0,BAKING SET 9 PIECE RETROSPOT ,-1
14911.0,BISCUIT TIN 50'S CHRISTMAS,-1
14911.0,BISCUIT TIN VINTAGE GREEN,-1
14911.0,BISCUIT TIN VINTAGE RED,-1
13534.0,RED RETROSPOT PEG BAG,-1
13534.0,T-LIGHT HOLDER SWEETHEART HANGING,-1
16592.0,IVORY DINER WALL CLOCK,-1
16592.0,RECIPE BOX RETROSPOT ,-1
16571.0,HEART MINI PORTRAIT FRAME,-1
16571.0,PINK MONTE CARLO HANDBAG,-1
16571.0,RED  HARMONICA IN BOX ,-1
16571.0,SET OF 4 ENGLISH ROSE COASTERS,-1
13549.0,JUMBO BAG RED RETROSPOT,-1
13552.0,ENGLISH ROSE HOT WATER BOTTLE,-1
13552.0,FAMILY PHOTO FRAME CORNICE,-1
13552.0,LARGE ANTIQUE WHITE PHOTO FRAME,-1
13552.0,LE GRAND TRAY CHIC SET,-1
13552.0,PARISIENNE JEWELLERY DRAWER ,-1
13552.0,PARISIENNE KEY CABINET ,-1
14902.0,VINTAGE DOILY TRAVEL SEWING KIT,-1
14903.0,HOME BUILDING BLOCK WORD,-1
14907.0,POTTERING MUG,-1
12749.0,REGENCY TEA PLATE ROSES ,-1
12749.0,SET OF 3 REGENCY CAKE TINS,-1
12749.0,SET OF TEA COFFEE SUGAR TINS PANTRY,-1
12749.0,SET/5 RED RETROSPOT LID GLASS BOWLS,-1
12749.0,STORAGE TIN VINTAGE DOILY ,-1
12749.0,TRIPLE PHOTO FRAME CORNICE ,-1
12749.0,TWO DOOR CURIO CABINET,-1
12749.0,WOOD S/3 CABINET ANT WHITE FINISH,-1
14910.0,NATURAL SLATE HEART CHALKBOARD ,-1
14883.0,LANTERN CREAM GAZEBO ,-1
14895.0,BOTANICAL GARDENS WALL CLOCK ,-1
14895.0,GLASS JAR MARMALADE ,-1
14895.0,RED RETROSPOT TRADITIONAL TEAPOT ,-1
14898.0,RED RETROSPOT TEA CUP AND SAUCER ,-1
14901.0,ALARM CLOCK BAKELIKE IVORY,-1
14901.0,COFFEE MUG CAT + BIRD DESIGN,-1
16653.0,DAIRY MAID LARGE MILK JUG,-1
16653.0,ROSES REGENCY TEACUP AND SAUCER ,-1
16607.0,VINTAGE RED KITCHEN CABINET,-1
16609.0,LETTER HOLDER HOME SWEET HOME,-1
16609.0,PARISIENNE KEY CABINET ,-1
16611.0,IVORY DINER WALL CLOCK,-1
16618.0,BREAD BIN DINER STYLE IVORY,-1
16626.0,COCKLE SHELL DISH,-1
16628.0,CHARLOTTE BAG PINK POLKADOT,-1
16633.0,BAKING SET 9 PIECE RETROSPOT ,-1
12749.0,REGENCY CAKESTAND 3 TIER,-1
12749.0,REGENCY SUGAR BOWL GREEN,-1
16654.0,COFFEE MUG PINK PAISLEY DESIGN,-1
16654.0,SMALL WHITE RETROSPOT MUG IN BOX ,-1
16656.0,ALARM CLOCK BAKELIKE CHOCOLATE,-1
16670.0,COLOUR GLASS. STAR T-LIGHT HOLDER,-1
16670.0,GREEN REGENCY TEACUP AND SAUCER,-1
16638.0,TEA FOR ONE POLKADOT,-1
16639.0,KNICKERBOCKERGLORY MAGNET ASSORTED ,-1
16642.0,WHITE WOOD GARDEN PLANT LADDER,-1
16652.0,SMALL RED RETROSPOT MUG IN BOX ,-1
16652.0,TRADITIONAL MODELLING CLAY,-1
16653.0,ANTIQUE SILVER T-LIGHT GLASS,-1
14866.0,RED DINER WALL CLOCK,-1
14867.0,WOODEN BOX ADVENT CALENDAR ,-1
14868.0,HAND WARMER UNION JACK,-1
14869.0,WALL ART ANIMALS AND NATURE ,-1
14875.0,Manual,-1
14875.0,VINTAGE DONKEY TAIL GAME ,-1
13552.0,SMALL PARISIENNE HEART PHOTO FRAME ,-1
13576.0,BLACK RECORD COVER FRAME,-1
16670.0,RED RETROSPOT CAKE STAND,-1
16670.0,WHITE HANGING HEART T-LIGHT HOLDER,-1
16672.0,CHILDS BREAKFAST SET SPACEBOY ,-1
16672.0,GUMBALL MAGAZINE RACK,-1
16676.0,IVORY DINER WALL CLOCK,-1
16678.0,BOUDOIR SQUARE TISSUE BOX,-1
16678.0,HANGING HEART JAR T-LIGHT HOLDER,-1
16678.0,JAM MAKING SET WITH JARS,-1
16653.0,STORAGE TIN VINTAGE DOILY ,-1
16653.0,TOADSTOOL BEDSIDE LIGHT ,-1
13576.0,SET OF 4 DIAMOND NAPKIN RINGS,-1
13588.0,PACK OF 12 SUKI TISSUES ,-1
14842.0,POPPY FIELDS CHOPPING BOARD,-1
14842.0,RED DINER WALL CLOCK,-1
14842.0,STORAGE TIN VINTAGE LEAF,-1
14842.0,VINTAGE RED KITCHEN CABINET,-1
14849.0,CHERRY CROCHET FOOD COVER,-1
14849.0,ROSES REGENCY TEACUP AND SAUCER ,-1
14853.0,REGENCY CAKESTAND 3 TIER,-1
12749.0,CORDIAL GLASS JUG,-1
12749.0,GLASS  SONGBIRD STORAGE JAR,-1
12749.0,GREEN REGENCY TEACUP AND SAUCER,-1
12749.0,MEDIUM CERAMIC TOP STORAGE JAR,-1
12749.0,NATURAL SLATE CHALKBOARD LARGE ,-1
12749.0,PARISIENNE KEY CABINET ,-1
12749.0,PARISIENNE SEWING BOX,-1
12749.0,RED RETROSPOT CAKE STAND,-1
12749.0,RED RETROSPOT SMALL MILK JUG,-1
16670.0,LANTERN CREAM GAZEBO ,-1
12748.0,POSTAGE,-1
16684.0,Discount,-1
16686.0,BAKING SET 9 PIECE RETROSPOT ,-1
16690.0,BREAD BIN DINER STYLE IVORY,-1
16700.0,PIGGY BANK RETROSPOT ,-1
12748.0,ROUND CAKE TIN VINTAGE RED,-1
12748.0,SET OF 6 HERB TINS SKETCHBOOK,-1
12749.0,APOTHECARY MEASURING JAR,-1
12749.0,CLASSIC GLASS COOKIE JAR,-1
14854.0,PAINT YOUR OWN CANVAS SET,-1
14834.0,HOME BUILDING BLOCK WORD,-1
14834.0,IVORY DINER WALL CLOCK,-1
14834.0,PARISIENNE CURIO CABINET,-1
14842.0,50'S CHRISTMAS PAPER GIFT BAG,-1
14842.0,ENAMEL BREAD BIN CREAM,-1
14842.0,PANTRY CHOPPING BOARD,-1
14842.0,PANTRY ROLLING PIN,-1
13588.0,POSTAGE,-1
16713.0,REGENCY CAKESTAND 3 TIER,-1
16701.0,CLASSIC CAFE SUGAR DISPENSER,-1
16705.0,ALARM CLOCK BAKELIKE CHOCOLATE,-1
16705.0,ANTIQUE GLASS PEDESTAL BOWL,-1
16705.0,BREAD BIN DINER STYLE IVORY,-1
16705.0,GUMBALL COAT RACK,-1
16705.0,JAM JAR WITH PINK LID,-1
12731.0,POSTAGE,-1
12748.0,CHILDS BREAKFAST SET CIRCUS PARADE,-1
12748.0,DOORMAT RED RETROSPOT,-1
13588.0,TRADITIONAL WOODEN CATCH CUP GAME ,-1
13590.0,CHILDRENS CUTLERY POLKADOT BLUE,-1
13590.0,LUNCH BAG RED RETROSPOT,-1
13598.0,CREAM SWEETHEART MINI CHEST,-1
13599.0,ANTIQUE GLASS DRESSING TABLE POT,-1
13599.0,ANTIQUE GLASS PEDESTAL BOWL,-1
13599.0,HAND OPEN SHAPE DECO.WHITE,-1
13599.0,POSTAGE,-1
14808.0,BREAD BIN DINER STYLE RED ,-1
14808.0,CHILDS BREAKFAST SET DOLLY GIRL ,-1
14808.0,DOLLY GIRL MINI BACKPACK,-1
12721.0,SILK PURSE BABUSHKA BLUE,-1
12727.0,POSTAGE,-1
16705.0,SET/5 RED RETROSPOT LID GLASS BOWLS,-1
16705.0,VINTAGE RED ENAMEL TRIM JUG ,-1
16713.0,CREAM SWEETHEART SHELF + HOOKS,-1
16713.0,FAMILY PHOTO FRAME CORNICE,-1
16713.0,PHOTO FRAME CORNICE,-1
14808.0,Manual,-1
14808.0,SCHOOL DESK AND CHAIR ,-1
14808.0,VINTAGE RED KITCHEN CABINET,-1
14796.0,REGENCY CAKESTAND 3 TIER,-1
14796.0,SET OF 3 CAKE TINS PANTRY DESIGN ,-1
14796.0,SET OF TEA COFFEE SUGAR TINS PANTRY,-1
14796.0,SWEETHEART CERAMIC TRINKET BOX,-1
14796.0,TEA FOR ONE POLKADOT,-1
14796.0,WAKE UP COCKEREL TILE HOOK,-1
14800.0,BLUE FLYING SINGING CANARY,-1
14800.0,HAND WARMER BABUSHKA DESIGN,-1
16717.0,15CM CHRISTMAS GLASS BALL 20 LIGHTS,-1
16717.0,ANTIQUE SILVER T-LIGHT GLASS,-1
12719.0,GRAND CHOCOLATECANDLE,-1
12720.0,POSTAGE,-1
14800.0,LUNCH BAG DOLLY GIRL DESIGN,-1
14800.0,SET OF 10 LANTERNS FAIRY LIGHT STAR,-1
14792.0,AIRLINE BAG VINTAGE TOKYO 78,-1
14792.0,CAROUSEL DESIGN WASHBAG,-1
14796.0,CAKE STAND 3 TIER MAGIC GARDEN,-1
14796.0,CERAMIC BOWL WITH STRAWBERRY DESIGN,-1
16722.0,CHRISTMAS CRAFT WHITE FAIRY ,-1
16722.0,SKULLS PARTY BAG + STICKER SET,-1
16725.0,MIRRORED DISCO BALL ,-1
16729.0,ALARM CLOCK BAKELIKE PINK,-1
16729.0,ALARM CLOCK BAKELIKE RED ,-1
16729.0,IVORY DINER WALL CLOCK,-1
16729.0,PINK BUTTERFLY CUSHION COVER,-1
16717.0,SET/4 WHITE RETRO STORAGE CUBES ,-1
12709.0,VICTORIAN SEWING BOX LARGE,-1
12709.0,WOODEN SKITTLES GARDEN SET,-1
12709.0,WOODLAND PARTY BAG + STICKER SET,-1
12710.0,CHILDS BREAKFAST SET CIRCUS PARADE,-1
12710.0,CHILDS BREAKFAST SET SPACEBOY ,-1
12712.0,BLUE COAT RACK PARIS FASHION,-1
12712.0,BOTANICAL GARDENS WALL CLOCK ,-1
12712.0,POSTAGE,-1
12717.0,POSTAGE,-1
16719.0,ALARM CLOCK BAKELIKE PINK,-1
16719.0,SAVOY ART DECO CLOCK,-1
14796.0,FRENCH STYLE STORAGE JAR JAM,-1
13599.0,SWEET HEART CAKE CARRIER,-1
13599.0,TOY TIDY DOLLY GIRL DESIGN,-1
13610.0,IVORY DINER WALL CLOCK,-1
13610.0,ROUND CAKE TIN VINTAGE GREEN,-1
13611.0,FUNKY DIVA PEN,-1
13623.0,ASSTD DESIGN RACING CAR PEN,-1
13623.0,CERAMIC CAKE STAND + HANGING CAKES,-1
13623.0,LARGE CAKE STAND  HANGING STRAWBERY,-1
13623.0,LARGE CAKE STAND HANGING HEARTS,-1
13627.0,REGENCY CAKESTAND 3 TIER,-1
16755.0,NUMBER TILE VINTAGE FONT 4,-1
16755.0,NUMBER TILE VINTAGE FONT 6 ,-1
16755.0,POPCORN HOLDER,-1
16755.0,WHITE HANGING HEART T-LIGHT HOLDER,-1
16759.0,WOODEN ADVENT CALENDAR CREAM,-1
16763.0,BREAD BIN DINER STYLE IVORY,-1
16764.0,CHILDRENS APRON SPACEBOY DESIGN,-1
16764.0,IVORY DINER WALL CLOCK,-1
16764.0,JUMBO  BAG BAROQUE BLACK WHITE,-1
16729.0,VINTAGE BLUE KITCHEN CABINET,-1
16729.0,"WHITE TEA,COFFEE,SUGAR JARS",-1
16739.0,LANTERN CREAM GAZEBO ,-1
16739.0,RED RETROSPOT MUG,-1
16739.0,RED RETROSPOT SMALL MILK JUG,-1
12709.0,MONEY BOX POCKET MONEY DESIGN,-1
12709.0,Manual,-1
12709.0,PANTRY SCRUBBING BRUSH,-1
12709.0,PARISIENNE SEWING BOX,-1
12709.0,RECIPE BOX PANTRY YELLOW DESIGN,-1
12709.0,RED RETROSPOT CUP,-1
12709.0,RETROSPOT PARTY BAG + STICKER SET,-1
12709.0,SET/5 RED RETROSPOT LID GLASS BOWLS,-1
16746.0,CHARLOTTE BAG VINTAGE ALPHABET ,-1
16746.0,LUNCH BAG RED RETROSPOT,-1
16746.0,WOODLAND CHARLOTTE BAG,-1
16747.0,JAM JAR WITH GREEN LID,-1
16755.0,GUMBALL COAT RACK,-1
16755.0,NUMBER TILE VINTAGE FONT 3,-1
13630.0,GLASS CLOCHE LARGE,-1
13632.0,SET3 BOOK BOX GREEN GINGHAM FLOWER ,-1
13644.0,BOTANICAL GARDENS WALL CLOCK ,-1
13647.0,LARGE ANTIQUE WHITE PHOTO FRAME,-1
14748.0,POSTAGE,-1
14755.0,DANISH ROSE BEDSIDE CABINET,-1
14755.0,MEMO BOARD RETROSPOT  DESIGN,-1
16764.0,MINIATURE ANTIQUE ROSE HOOK IVORY,-1
16764.0,RECIPE BOX PANTRY YELLOW DESIGN,-1
16764.0,RED RETROSPOT CHILDRENS UMBRELLA,-1
16764.0,ROUND SNACK BOXES SET OF 4 SKULLS,-1
16764.0,SET OF 3 REGENCY CAKE TINS,-1
16764.0,SET/5 RED RETROSPOT LID GLASS BOWLS,-1
16764.0,VINTAGE DOILY DELUXE SEWING KIT ,-1
16764.0,WHITE HANGING HEART T-LIGHT HOLDER,-1
16764.0,ZINC FOLKART SLEIGH BELLS,-1
16768.0,GROW YOUR OWN FLOWERS SET OF 3,-1
16768.0,RED RETROSPOT SUGAR JAM BOWL,-1
16768.0,STRAWBERRY CERAMIC TRINKET BOX,-1
16779.0,COLOUR GLASS. STAR T-LIGHT HOLDER,-1
16779.0,GARDENERS KNEELING PAD CUP OF TEA ,-1
16779.0,RED RETROSPOT OVEN GLOVE DOUBLE,-1
16781.0,BLACK CHAMPAGNE GLASS,-1
16781.0,MA CAMPAGNE CUTLERY BOX,-1
16782.0,LOVE BUILDING BLOCK WORD,-1
16782.0,LUNCH BAG  BLACK SKULL.,-1
16782.0,REGENCY CAKESTAND 3 TIER,-1
16782.0,SKULL LUNCH BOX WITH CUTLERY ,-1
14769.0,WOOD 2 DRAWER CABINET WHITE FINISH,-1
14738.0,ROCOCO WALL MIRROR WHITE,-1
14740.0,REGENCY MILK JUG PINK ,-1
14740.0,REGENCY TEAPOT ROSES ,-1
14744.0,CAKE STAND WHITE TWO TIER LACE,-1
14744.0,FIVE HEART HANGING DECORATION,-1
13658.0,LARGE CAKE STAND  HANGING STRAWBERY,-1
13659.0,SET/6 BLACK BIRD T-LIGHT CANDLES,-1
13659.0,SMALL GLASS HEART TRINKET POT,-1
13659.0,WOOD BLACK BOARD ANT WHITE FINISH,-1
13662.0,ALARM CLOCK BAKELIKE CHOCOLATE,-1
13662.0,JUMBO BAG ALPHABET,-1
13662.0,LUNCH BAG DOILEY PATTERN ,-1
13662.0,PARTY BUNTING,-1
13662.0,SET OF 10 LED DOLLY LIGHTS,-1
14733.0,RED RETROSPOT BUTTER DISH,-1
14733.0,RED RETROSPOT MUG,-1
14733.0,WHITE HANGING HEART T-LIGHT HOLDER,-1
13668.0,BREAD BIN DINER STYLE IVORY,-1
16782.0,WHITE HANGING HEART T-LIGHT HOLDER,-1
16791.0,ROSE SCENT CANDLE IN JEWELLED BOX,-1
16801.0,BREAD BIN DINER STYLE RED ,-1
12709.0,CARDHOLDER GINGHAM CHRISTMAS TREE,-1
12709.0,CHRISTMAS STAR WISH LIST CHALKBOARD,-1
12709.0,CLASSIC CAFE SUGAR DISPENSER,-1
12709.0,CLASSIC GLASS COOKIE JAR,-1
12709.0,DOORMAT RED RETROSPOT,-1
13668.0,CAKE STAND VICTORIAN FILIGREE LARGE,-1
13668.0,CERAMIC HEART FAIRY CAKE MONEY BANK,-1
13668.0,CHERRY CROCHET FOOD COVER,-1
13668.0,ENAMEL FLOWER JUG CREAM,-1
13668.0,HANGING HEART ZINC T-LIGHT HOLDER,-1
13668.0,HOT BATHS METAL SIGN,-1
13668.0,KINGS CHOICE GIANT TUBE MATCHES,-1
13668.0,LETTER HOLDER HOME SWEET HOME,-1
13668.0,LUNCH BOX WITH CUTLERY RETROSPOT ,-1
13668.0,PLEASE ONE PERSON METAL SIGN,-1
14713.0,CHARLOTTE BAG SUKI DESIGN,-1
14713.0,SALLE DE BAIN HOOK,-1
14719.0,TRIPLE PHOTO FRAME CORNICE ,-1
16818.0,NATURAL SLATE RECTANGLE CHALKBOARD,-1
16818.0,SILVER ROCCOCO CHANDELIER,-1
12708.0,RED RETROSPOT SUGAR JAM BOWL,-1
12708.0,SET OF 3 REGENCY CAKE TINS,-1
12709.0,CABIN BAG VINTAGE PAISLEY,-1
14732.0,CARD HOLDER LOVE BIRD LARGE ,-1
14733.0,COLOURED GLASS STAR T-LIGHT HOLDER,-1
14733.0,FAMILY ALBUM WHITE PICTURE FRAME,-1
14733.0,NOVELTY BISCUITS CAKE STAND 3 TIER,-1
14733.0,RED HANGING HEART T-LIGHT HOLDER,-1
14696.0,FLAG OF ST GEORGE CHAIR,-1
14696.0,GROW YOUR OWN PLANT IN A CAN ,-1
14701.0,ABC TREASURE BOOK BOX ,-1
14701.0,BEADED PEARL HEART WHITE ON STICK,-1
14701.0,BUFFALO BILL TREASURE BOOK BOX,-1
14701.0,EASTER DECORATION SITTING BUNNY,-1
14701.0,GARDENIA 3 WICK MORRIS BOXED CANDLE,-1
12705.0,WOODLAND STORAGE BOX SMALL,-1
12708.0,DOILEY STORAGE TIN,-1
12708.0,HOT WATER BOTTLE KEEP CALM,-1
16801.0,"TRAY, BREAKFAST IN BED",-1
16809.0,JUMBO STORAGE BAG SUKI,-1
16814.0,BLUE DINER WALL CLOCK,-1
16817.0,VICTORIAN GLASS HANGING T-LIGHT,-1
14701.0,GUMBALL MAGAZINE RACK,-1
14701.0,PACK OF 6 SANDCASTLE FLAGS ASSORTED,-1
14701.0,PHOTO FRAME CORNICE,-1
14701.0,PINK DOG CANNISTER,-1
14701.0,PLASTERS IN TIN SKULLS,-1
14701.0,SMALL POPCORN HOLDER,-1
14688.0,RED METAL BOX TOP SECRET,-1
14690.0,ASSORTED COLOUR BIRD ORNAMENT,-1
14690.0,CHRISTMAS RETROSPOT ANGEL WOOD,-1
12705.0,CHARLOTTE BAG SUKI DESIGN,-1
12705.0,LUNCH BAG SUKI DESIGN ,-1
16837.0,REGENCY MILK JUG PINK ,-1
16838.0,IVORY GIANT GARDEN THERMOMETER,-1
16839.0,CLASSIC METAL BIRDCAGE PLANT HOLDER,-1
12705.0,RED RETROSPOT CUP,-1
12705.0,ROUND SNACK BOXES SET OF 4 FRUITS ,-1
12705.0,STORAGE TIN VINTAGE DOILY ,-1
12705.0,WOODLAND CHARLOTTE BAG,-1
12705.0,WOODLAND STORAGE BOX LARGE ,-1
13668.0,WATERING CAN GREEN DINOSAUR,-1
13672.0,Manual,-1
14688.0,PACK OF 60 PINK PAISLEY CAKE CASES,-1
13684.0,CAKE STAND VICTORIAN FILIGREE MED,-1
13692.0,3 TIER CAKE TIN GREEN AND CREAM,-1
13692.0,POSTAGE,-1
13693.0,DANISH ROSE ROUND SEWING BOX,-1
13693.0,PHOTO FRAME CORNICE,-1
13693.0,SWEETHEART CAKESTAND 3 TIER,-1
13709.0,BLUE DINER WALL CLOCK,-1
12683.0,CIRCUS PARADE CHILDRENS EGG CUP ,-1
12683.0,LUNCH BOX WITH CUTLERY RETROSPOT ,-1
16839.0,POSTAGE,-1
12683.0,RED RETROSPOT CAKE STAND,-1
12693.0,RED REFECTORY CLOCK ,-1
13709.0,CLASSIC DIAMANTE NECKLACE JET,-1
13709.0,DIAMANTE NECKLACE PURPLE,-1
13709.0,HOME SWEET HOME MUG,-1
13709.0,NATURAL SLATE RECTANGLE CHALKBOARD,-1
13709.0,RECIPE BOX PANTRY YELLOW DESIGN,-1
13709.0,STORAGE TIN VINTAGE LEAF,-1
14680.0,RECIPE BOX RETROSPOT ,-1
14680.0,RETROSPOT PADDED SEAT CUSHION,-1
14680.0,SKULL LUNCH BOX WITH CUTLERY ,-1
14680.0,SKULLS STORAGE BOX SMALL,-1
12674.0,SET OF 4 KNICK KNACK TINS LEAF,-1
12679.0,CHILDS BREAKFAST SET SPACEBOY ,-1
16842.0,ALARM CLOCK BAKELIKE PINK,-1
16859.0,CINDERELLA CHANDELIER ,-1
12681.0,RED RETROSPOT CHILDRENS UMBRELLA,-1
12681.0,REGENCY CAKESTAND 3 TIER,-1
14680.0,JUMBO STORAGE BAG SKULLS,-1
14680.0,LARGE POPCORN HOLDER ,-1
14680.0,LUNCH BAG  BLACK SKULL.,-1
14680.0,LUNCH BAG PINK POLKADOT,-1
14680.0,LUNCH BAG SUKI  DESIGN ,-1
13717.0,REGENCY CAKESTAND 3 TIER,-1
13722.0,SET OF 10 LED DOLLY LIGHTS,-1
13725.0,ALARM CLOCK BAKELIKE IVORY,-1
13725.0,ASSORTED COLOUR MINI CASES,-1
13725.0,BLUE OWL SOFT TOY,-1
16873.0,WOODEN PICTURE FRAME WHITE FINISH,-1
16875.0,3 HOOK PHOTO SHELF ANTIQUE WHITE,-1
16861.0,POSTAGE,-1
16863.0,CERAMIC CHERRY CAKE MONEY BANK,-1
12670.0,PLASTERS IN TIN SPACEBOY,-1
12674.0,ALARM CLOCK BAKELIKE GREEN,-1
12674.0,CHILDRENS CUTLERY DOLLY GIRL ,-1
12674.0,PACK OF 12 SPACEBOY TISSUES,-1
12665.0,SWEETHEART CERAMIC TRINKET BOX,-1
12668.0,CERAMIC CAKE BOWL + HANGING CAKES,-1
12669.0,Manual,-1
16871.0,BREAD BIN DINER STYLE IVORY,-1
16873.0,CREAM SWEETHEART MINI CHEST,-1
16873.0,LUNCH BAG PINK POLKADOT,-1
16873.0,NATURAL SLATE HEART CHALKBOARD ,-1
16873.0,SEWING SUSAN 21 NEEDLE SET,-1
16873.0,VINTAGE CREAM CAT FOOD CONTAINER,-1
13725.0,BREAD BIN DINER STYLE MINT,-1
13725.0,LUNCH BAG RED RETROSPOT,-1
13725.0,LUNCH BAG WOODLAND,-1
14676.0,HEART CALCULATOR,-1
14679.0,CLASSICAL ROSE SMALL VASE,-1
14680.0,CHILDRENS CUTLERY POLKADOT GREEN ,-1
14680.0,JUMBO BAG ALPHABET,-1
13735.0,BEACH HUT SHELF W 3 DRAWERS,-1
13735.0,CHILDS BREAKFAST SET DOLLY GIRL ,-1
13735.0,FAIRY SOAP SOAP HOLDER,-1
13735.0,ROSE COTTAGE KEEPSAKE BOX ,-1
13735.0,"SET 3 RETROSPOT TEA,COFFEE,SUGAR",-1
13735.0,WOODEN SKITTLES GARDEN SET,-1
16918.0,CHILDRENS TOY COOKING UTENSIL SET,-1
16875.0,RETROSPOT TEA SET CERAMIC 11 PC ,-1
16875.0,SET OF 3 CAKE TINS PANTRY DESIGN ,-1
16875.0,SWEETHEART CAKESTAND 3 TIER,-1
16875.0,TRIPLE PHOTO FRAME CORNICE ,-1
16878.0,PACK OF 6 BIRDY GIFT TAGS,-1
16878.0,PACK OF 6 HANDBAG GIFT BOXES,-1
16892.0,WOODEN SKITTLES GARDEN SET,-1
12664.0,POSTAGE,-1
13736.0,GIN AND TONIC MUG,-1
14667.0,BLUE GIANT GARDEN THERMOMETER,-1
14667.0,HAND WARMER RED RETROSPOT,-1
14667.0,JUMBO BAG RED RETROSPOT,-1
14676.0,FELTCRAFT CUSHION BUTTERFLY,-1
13736.0,"SET 3 RETROSPOT TEA,COFFEE,SUGAR",-1
13741.0,SMALL GLASS HEART TRINKET POT,-1
13743.0,TRADITIONAL WOODEN SKIPPING ROPE,-1
13763.0,NOVELTY BISCUITS CAKE STAND 3 TIER,-1
12652.0,SET/5 RED RETROSPOT LID GLASS BOWLS,-1
16900.0,Manual,-1
16900.0,POSTAGE,-1
16905.0,BREAD BIN DINER STYLE RED ,-1
16912.0,ALARM CLOCK BAKELIKE PINK,-1
16912.0,LANDMARK FRAME COVENT GARDEN ,-1
16912.0,POSTAGE,-1
13767.0,GLASS HEART T-LIGHT HOLDER ,-1
13767.0,GREEN REGENCY TEACUP AND SAUCER,-1
13767.0,MINT DINER WALL CLOCK,-1
14665.0,BREAD BIN DINER STYLE RED ,-1
14665.0,JAM JAR WITH GREEN LID,-1
13769.0,MAN FLU METAL SIGN,-1
12647.0,BREAD BIN DINER STYLE IVORY,-1
12647.0,MILK PAN PINK POLKADOT,-1
12647.0,MILK PAN RED RETROSPOT,-1
12647.0,RED TOADSTOOL LED NIGHT LIGHT,-1
16923.0,COOK WITH WINE METAL SIGN ,-1
16923.0,EMERGENCY FIRST AID TIN ,-1
12652.0,HOME SWEET HOME MUG,-1
12652.0,KINGS CHOICE MUG,-1
13769.0,PAINTED METAL PEARS ASSORTED,-1
13769.0,WOODEN FRAME ANTIQUE WHITE ,-1
13769.0,ZINC HERB GARDEN CONTAINER,-1
13771.0,COLOUR GLASS. STAR T-LIGHT HOLDER,-1
13777.0,EDWARDIAN PARASOL NATURAL,-1
13777.0,EDWARDIAN PARASOL PINK,-1
13777.0,EDWARDIAN PARASOL RED,-1
13777.0,S/4 CACTI CANDLES,-1
14640.0,WHITE WOOD GARDEN PLANT LADDER,-1
14646.0,Discount,-1
16923.0,SILVER HANGING T-LIGHT HOLDER,-1
16923.0,VICTORIAN SEWING BOX LARGE,-1
16924.0,DOORMAT FANCY FONT HOME SWEET HOME,-1
16924.0,DOORMAT HOME SWEET HOME BLUE ,-1
16924.0,DOORMAT MULTICOLOUR STRIPE,-1
16924.0,DOORMAT TOPIARY,-1
16928.0,3 TIER CAKE TIN RED AND CREAM,-1
16928.0,BLUE DRAWER KNOB ACRYLIC EDWARDIAN,-1
12628.0,SET OF 3 REGENCY CAKE TINS,-1
16992.0,FAMILY PHOTO FRAME CORNICE,-1
16995.0,ANTIQUE SILVER TEA GLASS ENGRAVED,-1
16933.0,RED RETROSPOT CHILDRENS UMBRELLA,-1
16933.0,WOOD BLACK BOARD ANT WHITE FINISH,-1
16949.0,VINTAGE BLUE KITCHEN CABINET,-1
16956.0,20 DOLLY PEGS RETROSPOT,-1
16956.0,CUPBOARD 3 DRAWER MA CAMPAGNE,-1
16966.0,Manual,-1
16971.0,Manual,-1
16979.0,WHITE WOOD GARDEN PLANT LADDER,-1
14655.0,JUMBO BAG STRAWBERRY,-1
14657.0,CAKE STAND LOVEBIRD 2 TIER WHITE,-1
14659.0,MEMO BOARD COTTAGE DESIGN,-1
14626.0,REGENCY CAKESTAND 3 TIER,-1
14627.0,ALARM CLOCK BAKELIKE IVORY,-1
14627.0,MEMO BOARD COTTAGE DESIGN,-1
14627.0,TEA FOR ONE POLKADOT,-1
14627.0,VICTORIAN SEWING BOX SMALL ,-1
14627.0,WHITE HANGING HEART T-LIGHT HOLDER,-1
14639.0,BREAD BIN DINER STYLE RED ,-1
14639.0,JAM MAKING SET WITH JARS,-1
14639.0,RED RETROSPOT CAKE STAND,-1
12626.0,COFFEE MUG APPLES DESIGN,-1
12626.0,JAM MAKING SET WITH JARS,-1
16984.0,BISCUIT TIN VINTAGE GREEN,-1
16984.0,CHEST OF DRAWERS GINGHAM HEART ,-1
16984.0,ENAMEL BREAD BIN CREAM,-1
16984.0,ENAMEL WATERING CAN CREAM,-1
16984.0,MINIATURE ANTIQUE ROSE HOOK IVORY,-1
16984.0,PHARMACIE FIRST AID TIN,-1
16984.0,REGENCY CAKESTAND 3 TIER,-1
16984.0,WHITE SOAP RACK WITH 2 BOTTLES,-1
14640.0,GREEN REGENCY TEACUP AND SAUCER,-1
14619.0,FAMILY PHOTO FRAME CORNICE,-1
14620.0,BLUE CHECK BAG W HANDLE 34X20CM,-1
14621.0,COLOUR GLASS T-LIGHT HOLDER HANGING,-1
14621.0,REGENCY CAKESTAND 3 TIER,-1
14625.0,SET/3 RED GINGHAM ROSE STORAGE BOX,-1
14626.0,COLOURED GLASS STAR T-LIGHT HOLDER,-1
13777.0,SET OF 3 BLACK FLYING DUCKS,-1
13777.0,VANILLA SCENT CANDLE JEWELLED BOX,-1
13798.0,BOTTLE BAG RETROSPOT ,-1
13798.0,CHOC TRUFFLE GOLD TRINKET POT ,-1
13798.0,DO NOT TOUCH MY STUFF DOOR HANGER ,-1
13798.0,LADIES & GENTLEMEN METAL SIGN,-1
17037.0,CHILDRENS DOLLY GIRL MUG,-1
16996.0,NATURAL SLATE HEART CHALKBOARD ,-1
16998.0,Manual,-1
17002.0,DELUXE SEWING KIT ,-1
17017.0, SET 2 TEA TOWELS I LOVE LONDON ,-1
12625.0,POSTAGE,-1
14606.0,WHITE SKULL HOT WATER BOTTLE ,-1
14606.0,WOODLAND STORAGE BOX LARGE ,-1
13798.0,SET/5 RED RETROSPOT LID GLASS BOWLS,-1
13798.0,WHITE HANGING HEART T-LIGHT HOLDER,-1
13802.0,RED RETROSPOT TRADITIONAL TEAPOT ,-1
13810.0,Manual,-1
13811.0,Manual,-1
17049.0,LARGE ANTIQUE WHITE PHOTO FRAME,-1
17053.0,PIGGY BANK RETROSPOT ,-1
17017.0,PAPER CHAIN KIT LONDON,-1
17017.0,PARTY CHARMS 50 PIECES,-1
17017.0,SET 6 SCHOOL MILK BOTTLES IN CRATE,-1
17027.0,DOORMAT NEIGHBOURHOOD WITCH ,-1
17034.0,WHITE WICKER STAR ,-1
17035.0,TRIPLE PHOTO FRAME CORNICE ,-1
12616.0,RED RETROSPOT MINI CASES,-1
12619.0,Manual,-1
12619.0,SPACEBOY CHILDRENS CUP,-1
12621.0,REGENCY TEA PLATE PINK,-1
12621.0,REGENCY TEAPOT ROSES ,-1
17044.0,SILVER CHRISTMAS TREE BAUBLE STAND ,-1
17048.0,JAM MAKING SET WITH JARS,-1
17048.0,SET/4 WHITE RETRO STORAGE CUBES ,-1
17048.0,TOILET SIGN OCCUPIED OR VACANT,-1
13813.0,FAMILY ALBUM WHITE PICTURE FRAME,-1
13813.0,RETROSPOT TEA SET CERAMIC 11 PC ,-1
13816.0,CHARLIE & LOLA WASTEPAPER BIN BLUE,-1
14606.0,RED WOOLLY HOTTIE WHITE HEART.,-1
14606.0,RETROSPOT HEART HOT WATER BOTTLE,-1
14606.0,RETROSPOT RED WASHING UP GLOVES,-1
14606.0,ROSE FOLKART HEART DECORATIONS,-1
14606.0,ROUND SNACK BOXES SET OF 4 SKULLS,-1
14606.0,SET OF 3 BUTTERFLY COOKIE CUTTERS,-1
14606.0,SET/4 DAISY MIRROR MAGNETS,-1
17085.0,MINI CAKE STAND  HANGING STRAWBERY,-1
17090.0,COFFEE MUG APPLES DESIGN,-1
17091.0,GROW YOUR OWN FLOWERS SET OF 3,-1
17091.0,JAM MAKING SET WITH JARS,-1
17091.0,SET OF 2 WOODEN MARKET CRATES,-1
17063.0,SWEETHEART CAKESTAND 3 TIER,-1
17063.0,TRADITIONAL KNITTING NANCY,-1
17063.0,WHITE HANGING HEART T-LIGHT HOLDER,-1
17065.0,Manual,-1
17069.0,TUMBLER BAROQUE,-1
12613.0,SET OF 3 CAKE TINS PANTRY DESIGN ,-1
12613.0,SET OF TEA COFFEE SUGAR TINS PANTRY,-1
17071.0,CHOCOLATE HOT WATER BOTTLE,-1
17071.0,GUMBALL COAT RACK,-1
17075.0,DAIRY MAID TRADITIONAL TEAPOT ,-1
17075.0,RED RETROSPOT TRADITIONAL TEAPOT ,-1
17075.0,WHITE HANGING BEADS CANDLE HOLDER,-1
17085.0,CERAMIC CAKE STAND + HANGING CAKES,-1
14606.0,SILVER CHRISTMAS TREE BAUBLE STAND ,-1
14606.0,SKULLS PARTY BAG + STICKER SET,-1
14606.0,SKULLS STORAGE BOX SMALL,-1
14606.0,SOLDIERS EGG CUP ,-1
14606.0,VINTAGE RED TEATIME MUG,-1
14606.0,LUNCH BAG RED RETROSPOT,-1
14606.0,LUNCH BOX I LOVE LONDON,-1
14606.0,MEMO BOARD COTTAGE DESIGN,-1
14606.0,MEMO BOARD RETROSPOT  DESIGN,-1
14606.0,MINI  ZINC GARDEN DECORATIONS ,-1
14606.0,MIRRORED DISCO BALL ,-1
14606.0,Manual,-1
14606.0,OFFICE MUG WARMER BLACK+SILVER ,-1
14606.0,PINK FLORAL FELTCRAFT SHOULDER BAG,-1
14606.0,PINK POLKADOT CHILDRENS UMBRELLA,-1
17095.0,Manual,-1
17095.0,RED RETROSPOT ROUND CAKE TINS,-1
17096.0,LANTERN CREAM GAZEBO ,-1
17097.0,ALARM CLOCK BAKELIKE GREEN,-1
17097.0,CLASSIC METAL BIRDCAGE PLANT HOLDER,-1
17114.0,3 HOOK PHOTO SHELF ANTIQUE WHITE,-1
12610.0,PACK OF 6 PANNETONE GIFT BOXES,-1
12610.0,RED STAR CARD HOLDER,-1
12613.0,LUNCH BOX WITH CUTLERY RETROSPOT ,-1
17114.0,GROW YOUR OWN FLOWERS SET OF 3,-1
17114.0,GROW YOUR OWN HERBS SET OF 3,-1
17114.0,PHOTO FRAME 3 CLASSIC HANGING,-1
17114.0,PICTURE FRAME WOOD TRIPLE PORTRAIT,-1
17114.0,WOOD S/3 CABINET ANT WHITE FINISH,-1
17114.0,ZINC HERB GARDEN CONTAINER,-1
17115.0,ENAMEL WATERING CAN CREAM,-1
17115.0,REGENCY CAKESTAND 3 TIER,-1
17115.0,ROSES REGENCY TEACUP AND SAUCER ,-1
17115.0,SWEETHEART CAKESTAND 3 TIER,-1
17119.0,HEART OF WICKER LARGE,-1
17119.0,WHITE WICKER STAR ,-1
17126.0,CAKE STAND LOVEBIRD 2 TIER WHITE,-1
17126.0,SET/5 RED RETROSPOT LID GLASS BOWLS,-1
12610.0,FELTCRAFT CUSHION OWL,-1
17139.0,BLUE VINTAGE SPOT BEAKER,-1
17139.0,ENAMEL MEASURING JUG CREAM,-1
17139.0,LUNCH BAG VINTAGE DOILY ,-1
17139.0,RED RETROSPOT CAKE STAND,-1
17139.0,SWEETHEART 3 TIER CAKE STAND ,-1
17147.0,CAKE STAND LOVEBIRD 2 TIER PINK,-1
17147.0,CAKE STAND WHITE TWO TIER LACE,-1
17147.0,CHERRY BLOSSOM DECORATIVE FLASK,-1
17147.0,REGENCY CAKESTAND 3 TIER,-1
17157.0,SET OF 4 KNICK KNACK TINS POPPIES,-1
14606.0,PLACE SETTING WHITE HEART,-1
14606.0,RED RETROSPOT PEG BAG,-1
14606.0,RED RETROSPOT SUGAR JAM BOWL,-1
14606.0,GLASS  BEURRE DISH,-1
14606.0,HANGING HEART MIRROR DECORATION ,-1
14606.0,HANGING SPRING FLOWER EGG SMALL,-1
14606.0,HOME SWEET HOME BOTTLE ,-1
14606.0,JUMBO BAG ALPHABET,-1
14606.0,JUMBO BAG SPACEBOY DESIGN,-1
14606.0,JUMBO BAG STRAWBERRY,-1
14606.0,JUMBO STORAGE BAG SUKI,-1
14606.0,KIDS RAIN MAC BLUE,-1
17159.0,SET OF 4 KNICK KNACK TINS DOILY ,-1
17162.0,RED METAL BOX TOP SECRET,-1
17164.0,ZINC T-LIGHT HOLDER STAR LARGE,-1
17166.0,DAIRY MAID TRADITIONAL TEAPOT ,-1
17169.0,HANGING  BUTTERFLY T-LIGHT HOLDER,-1
17169.0,HANGING METAL HEART LANTERN,-1
17169.0,JINGLE BELL HEART DECORATION,-1
17169.0,WHITE WICKER STAR ,-1
17169.0,WOOD S/3 CABINET ANT WHITE FINISH,-1
17172.0,POSTAGE,-1
17173.0,CREAM SWEETHEART MINI CHEST,-1
17175.0,TWO DOOR CURIO CABINET,-1
17180.0,CAKE STAND 3 TIER MAGIC GARDEN,-1
14606.0,KIDS RAIN MAC PINK,-1
14606.0,KNITTED UNION FLAG HOT WATER BOTTLE,-1
14606.0,LARGE POPCORN HOLDER ,-1
14606.0,LUNCH BAG  BLACK SKULL.,-1
14606.0,CERAMIC CAKE STAND + HANGING CAKES,-1
14606.0,CLASSIC GLASS COOKIE JAR,-1
14606.0,DOCTOR'S BAG SOFT TOY,-1
14606.0,EMERGENCY FIRST AID TIN ,-1
14606.0,FAWN BLUE HOT WATER BOTTLE,-1
14606.0,FLOOR CUSHION ELEPHANT CARNIVAL,-1
14606.0,FOLDING UMBRELLA CREAM POLKADOT,-1
17214.0,LOVE SEAT ANTIQUE WHITE METAL,-1
17183.0,BREAD BIN DINER STYLE RED ,-1
17183.0,YELLOW GIANT GARDEN THERMOMETER,-1
17188.0,GREEN REGENCY TEACUP AND SAUCER,-1
17190.0,LOVE SEAT ANTIQUE WHITE METAL,-1
14606.0,GARDEN PATH JOURNAL,-1
14573.0,RED RETROSPOT APRON ,-1
14606.0,12 IVORY ROSE PEG PLACE SETTINGS,-1
14606.0,3 PIECE SPACEBOY COOKIE CUTTER SET,-1
14606.0,3 TRADITIONAl BISCUIT CUTTERS  SET,-1
13816.0,RED RETROSPOT SUGAR JAM BOWL,-1
13826.0,POSTAGE,-1
13826.0,VINTAGE CREAM 3 BASKET CAKE STAND,-1
13846.0,CHILDS BREAKFAST SET SPACEBOY ,-1
13846.0,RETROSPOT PARTY BAG + STICKER SET,-1
12607.0,BREAD BIN DINER STYLE PINK,-1
17204.0,MA CAMPAGNE CUTLERY BOX,-1
17211.0,BLUE CIRCLES DESIGN MONKEY DOLL,-1
17213.0,ANTIQUE GLASS PEDESTAL BOWL,-1
17213.0,GUMBALL COAT RACK,-1
17213.0,HANGING JAM JAR T-LIGHT HOLDER,-1
17213.0,SET/3 VANILLA SCENTED CANDLE IN BOX,-1
17213.0,WHITE HANGING HEART T-LIGHT HOLDER,-1
17230.0,WHITE HANGING HEART T-LIGHT HOLDER,-1
17230.0,WOOD 2 DRAWER CABINET WHITE FINISH,-1
17231.0,PHOTO FRAME CORNICE,-1
17231.0,SAVOY ART DECO CLOCK,-1
17231.0,TOADSTOOL MONEY BOX,-1
17231.0,WALL MIRROR RECTANGLE DIAMANTE PINK,-1
17239.0,WHITE HANGING HEART T-LIGHT HOLDER,-1
17243.0,CERAMIC CAKE STAND + HANGING CAKES,-1
17243.0,LARGE ANTIQUE WHITE PHOTO FRAME,-1
17243.0,PINK HEART SHAPE EGG FRYING PAN,-1
17243.0,ROSE SCENT CANDLE JEWELLED DRAWER,-1
17243.0,WOOD 2 DRAWER CABINET WHITE FINISH,-1
12600.0,POSTAGE,-1
12601.0,PARISIENNE CURIO CABINET,-1
12605.0,RETROSPOT PARTY BAG + STICKER SET,-1
12605.0,WOODLAND PARTY BAG + STICKER SET,-1
17243.0,WOOD S/3 CABINET ANT WHITE FINISH,-1
17272.0,S/6 WOODEN SKITTLES IN COTTON BAG,-1
17272.0,SMALL POPCORN HOLDER,-1
17284.0,NATURAL SLATE CHALKBOARD LARGE ,-1
17284.0,RED RETROSPOT APRON ,-1
17289.0,LARGE IVORY HEART WALL ORGANISER,-1
17302.0,CAKE STAND 3 TIER MAGIC GARDEN,-1
17302.0,KINGS CHOICE TEA CADDY ,-1
17313.0,GIANT 50'S CHRISTMAS CRACKER,-1
14562.0,ROUND CAKE TIN VINTAGE RED,-1
14562.0,SET/3 RED GINGHAM ROSE STORAGE BOX,-1
14572.0,3 TIER CAKE TIN RED AND CREAM,-1
14572.0,PANTRY MAGNETIC  SHOPPING LIST,-1
14572.0,REGENCY CAKESTAND 3 TIER,-1
14573.0,CUPBOARD 3 DRAWER MA CAMPAGNE,-1
14573.0,KEY CABINET MA CAMPAGNE,-1
14573.0,MA CAMPAGNE CUTLERY BOX,-1
17338.0,RED RETROSPOT CAKE STAND,-1
17314.0,CERAMIC STRAWBERRY CAKE MONEY BANK,-1
17314.0,RED FLOCK LOVE HEART PHOTO FRAME,-1
17314.0,SMALL GLASS HEART TRINKET POT,-1
17315.0,DAIRY MAID TRADITIONAL TEAPOT ,-1
17315.0,GARDENERS KNEELING PAD KEEP CALM ,-1
17315.0,GREEN REGENCY TEACUP AND SAUCER,-1
17315.0,HANGING HEART JAR T-LIGHT HOLDER,-1
17315.0,NATURAL SLATE RECTANGLE CHALKBOARD,-1
17315.0,PIGGY BANK RETROSPOT ,-1
17315.0,RED RETROSPOT PUDDING BOWL,-1
17315.0,RED RETROSPOT TRADITIONAL TEAPOT ,-1
12597.0,STORAGE TIN VINTAGE DOILY ,-1
17340.0,REGENCY CAKESTAND 3 TIER,-1
17340.0,SMALL GLASS HEART TRINKET POT,-1
17315.0,ROSES REGENCY TEACUP AND SAUCER ,-1
17315.0,SILVER ROCOCO CANDLE STICK,-1
17315.0,VICTORIAN GLASS HANGING T-LIGHT,-1
17323.0,VINTAGE DOILY JUMBO BAG RED ,-1
17323.0,WOODLAND STORAGE BOX LARGE ,-1
17323.0,WOODLAND STORAGE BOX SMALL,-1
17334.0,CARD DOLLY GIRL ,-1
17337.0,HOME SWEET HOME MUG,-1
17337.0,WOOD S/3 CABINET ANT WHITE FINISH,-1
17338.0,Manual,-1
13862.0,GROW YOUR OWN BASIL IN ENAMEL MUG,-1
13863.0,TRAVEL CARD WALLET KEEP CALM,-1
13870.0,SPACEBOY LUNCH BOX ,-1
13870.0,STORAGE TIN VINTAGE DOILY ,-1
13871.0,HOME SWEET HOME MUG,-1
13883.0,3 TIER CAKE TIN RED AND CREAM,-1
14560.0,SWEETHEART CAKESTAND 3 TIER,-1
14562.0,CREAM SWEETHEART MINI CHEST,-1
13883.0,POSTAGE,-1
13883.0,SET OF 6 HERB TINS SKETCHBOOK,-1
13883.0,STRAWBERRY CERAMIC TRINKET POT,-1
13890.0,15CM CHRISTMAS GLASS BALL 20 LIGHTS,-1
13895.0,BAKING SET 9 PIECE RETROSPOT ,-1
13908.0,COFFEE MUG CAT + BIRD DESIGN,-1
12585.0,SET OF 4 NAPKIN CHARMS CROWNS ,-1
12585.0,WOODEN SKITTLES GARDEN SET,-1
12594.0,POSTAGE,-1
12597.0,DOLLY CABINET 3 DRAWERS ,-1
17338.0,TWO DOOR CURIO CABINET,-1
17340.0,COLOUR GLASS T-LIGHT HOLDER HANGING,-1
17340.0,Discount,-1
13908.0,COFFEE MUG DOG + BALL DESIGN,-1
13914.0,GLASS  SONGBIRD STORAGE JAR,-1
13924.0,CARD HOLDER LOVE BIRD LARGE ,-1
14546.0,CHRISTMAS LIGHTS 10 REINDEER,-1
14546.0,COLOUR GLASS. STAR T-LIGHT HOLDER,-1
14546.0,DOORMAT UNION FLAG,-1
14546.0,FAMILY ALBUM WHITE PICTURE FRAME,-1
14546.0,GLASS APOTHECARY BOTTLE ELIXIR,-1
14546.0,LARGE ANTIQUE WHITE PHOTO FRAME,-1
17364.0,REGENCY CAKESTAND 3 TIER,-1
12584.0,RED RETROSPOT CAKE STAND,-1
12584.0,REGENCY CAKESTAND 3 TIER,-1
12585.0,200 BENDY SKULL STRAWS,-1
12585.0,CLOTHES PEGS RETROSPOT PACK 24 ,-1
12585.0,GLASS CLOCHE SMALL,-1
12585.0,PINK BLUE FELT CRAFT TRINKET BOX,-1
12585.0,SET 20 NAPKINS FAIRY CAKES DESIGN ,-1
17377.0,VINTAGE BLUE KITCHEN CABINET,-1
17389.0,FRYING PAN UNION FLAG,-1
12578.0,COFFEE MUG CAT + BIRD DESIGN,-1
12578.0,COFFEE MUG DOG + BALL DESIGN,-1
12579.0,POSTAGE,-1
12583.0,CLASSIC GLASS COOKIE JAR,-1
12583.0,POSTAGE,-1
12584.0,BREAD BIN DINER STYLE MINT,-1
12584.0,BREAD BIN DINER STYLE PINK,-1
14546.0,PLACE SETTING WHITE STAR,-1
14546.0,PLASTERS IN TIN SKULLS,-1
14546.0,RETROSPOT LAMP,-1
14546.0,S/4 PINK FLOWER CANDLES IN BOWL,-1
14546.0,SMALL GLASS HEART TRINKET POT,-1
14546.0,TOADSTOOL MONEY BOX,-1
14543.0,PICNIC BOXES SET OF 3 RETROSPOT ,-1
14543.0,"SET 3 RETROSPOT TEA,COFFEE,SUGAR",-1
14543.0,SET/3 ROSE CANDLE IN JEWELLED BOX,-1
14543.0,WOODEN CROQUET GARDEN SET,-1
14546.0,3 HEARTS HANGING DECORATION RUSTIC,-1
17389.0,LARGE ROUND CUTGLASS CANDLESTICK,-1
17389.0,"TRAY, BREAKFAST IN BED",-1
17389.0,WOODEN SKITTLES GARDEN SET,-1
17405.0,SET/5 RED RETROSPOT LID GLASS BOWLS,-1
12572.0,PINK GLASS CANDLEHOLDER,-1
12572.0,REGENCY CAKESTAND 3 TIER,-1
14546.0,ANTIQUE GLASS HEART DECORATION ,-1
14534.0,SET OF 3 BUTTERFLY COOKIE CUTTERS,-1
14534.0,SET OF 60 I LOVE LONDON CAKE CASES ,-1
14534.0,VINTAGE  2 METRE FOLDING RULER,-1
14534.0,WALL ART BICYCLE SAFETY,-1
14534.0,WATERING CAN GARDEN MARKER,-1
14534.0,WOODEN ADVENT CALENDAR CREAM,-1
14535.0,HEART T-LIGHT HOLDER WILLIE WINKIE,-1
14535.0,STAR T-LIGHT HOLDER WILLIE WINKIE,-1
14543.0,BREAD BIN DINER STYLE PINK,-1
12560.0,REGENCY SUGAR BOWL GREEN,-1
12566.0,PICNIC BOXES SET OF 3 RETROSPOT ,-1
17406.0,SET OF 3 BIRD LIGHT PINK FEATHER ,-1
17406.0,STRAWBERRY FAIRY CAKE TEAPOT,-1
17406.0,VINTAGE RED KITCHEN CABINET,-1
17419.0,BROCANTE SHELF WITH HOOKS,-1
17422.0,FELTCRAFT BUTTERFLY HEARTS,-1
17422.0,FELTCRAFT GIRL AMELIE KIT,-1
17422.0,JIGSAW TREE WITH BIRDHOUSE,-1
14543.0,ENAMEL MEASURING JUG CREAM,-1
14534.0,KNEELING MAT HOUSEWORK  DESIGN,-1
14534.0,LUNCH BAG CARS BLUE,-1
14534.0,PARISIENNE CURIO CABINET,-1
14534.0,PARTY BUNTING,-1
13924.0,SET OF 3 WOODEN HEART DECORATIONS,-1
17422.0,LADIES & GENTLEMEN METAL SIGN,-1
17422.0,VINTAGE BEAD PINK PURSE ,-1
17428.0,ANTIQUE LILY FAIRY LIGHTS,-1
17428.0,COLOUR GLASS. STAR T-LIGHT HOLDER,-1
17428.0,LARGE ANTIQUE WHITE PHOTO FRAME,-1
17428.0,NATURAL SLATE HEART CHALKBOARD ,-1
12553.0,RABBIT NIGHT LIGHT,-1
12553.0,RED TOADSTOOL LED NIGHT LIGHT,-1
12560.0,JAM MAKING SET WITH JARS,-1
13924.0,SWEET PUDDING STICKER SHEET,-1
13925.0,3 TIER CAKE TIN GREEN AND CREAM,-1
13925.0,BREAD BIN DINER STYLE IVORY,-1
13925.0,BREAD BIN DINER STYLE RED ,-1
13925.0,PLASMATRONIC LAMP,-1
14527.0,HEART OF WICKER SMALL,-1
14527.0,Manual,-1
14534.0,3 PIECE SPACEBOY COOKIE CUTTER SET,-1
14534.0,ALARM CLOCK BAKELIKE IVORY,-1
14534.0,ALARM CLOCK BAKELIKE PINK,-1
12539.0,Manual,-1
12540.0,PLASMATRONIC LAMP,-1
12540.0,REGENCY CAKESTAND 3 TIER,-1
17428.0,RED RETROSPOT CAKE STAND,-1
17428.0,RED RETROSPOT ROUND CAKE TINS,-1
17429.0,SET/5 RED RETROSPOT LID GLASS BOWLS,-1
17434.0,15CM CHRISTMAS GLASS BALL 20 LIGHTS,-1
17434.0,WHITE WOOD GARDEN PLANT LADDER,-1
17438.0,JAM MAKING SET WITH JARS,-1
12523.0,GLASS  SONGBIRD STORAGE JAR,-1
12523.0,RED RETROSPOT SUGAR JAM BOWL,-1
12523.0,REGENCY SUGAR BOWL GREEN,-1
12528.0,SET OF 3 CAKE TINS PANTRY DESIGN ,-1
17442.0,ALARM CLOCK BAKELIKE ORANGE,-1
17442.0,GUMBALL MAGAZINE RACK,-1
17442.0,PANTRY CHOPPING BOARD,-1
17442.0,SET OF 3 CAKE TINS PANTRY DESIGN ,-1
17448.0,Manual,-1
17449.0,FAMILY ALBUM WHITE PICTURE FRAME,-1
17450.0,Discount,-1
17480.0,SILVER MUG BONE CHINA TREE OF LIFE,-1
17481.0,SET OF 10 LED DOLLY LIGHTS,-1
17490.0,ENAMEL MEASURING JUG CREAM,-1
17490.0,Manual,-1
17451.0,CREAM HEART CARD HOLDER,-1
17451.0,NATURAL SLATE HEART CHALKBOARD ,-1
17451.0,SET OF 4 KNICK KNACK TINS POPPIES,-1
17451.0,SWEETHEART WALL TIDY ,-1
17460.0,CERAMIC CAKE STAND + HANGING CAKES,-1
17460.0,CLASSIC METAL BIRDCAGE PLANT HOLDER,-1
12505.0,Manual,-1
12520.0,RED RETROSPOT CAKE STAND,-1
12523.0,BOTANICAL GARDENS WALL CLOCK ,-1
14534.0,GARDENERS KNEELING PAD KEEP CALM ,-1
14513.0,6 RIBBONS RUSTIC CHARM,-1
14513.0,COLOUR GLASS T-LIGHT HOLDER HANGING,-1
14513.0,COLOUR GLASS. STAR T-LIGHT HOLDER,-1
14513.0,CREAM HEART CARD HOLDER,-1
14513.0,HOT WATER BOTTLE BABUSHKA ,-1
14513.0,PINK OWL SOFT TOY,-1
14525.0,ANTIQUE SILVER BAUBLE LAMP  ,-1
14525.0,ANTIQUE SILVER TEA GLASS ENGRAVED,-1
14527.0,BROCANTE COAT RACK,-1
12501.0,BAKING SET 9 PIECE RETROSPOT ,-1
12501.0,DELUXE SEWING KIT ,-1
12501.0,LARGE HEART MEASURING SPOONS,-1
12501.0,LUNCH BOX WITH CUTLERY RETROSPOT ,-1
12501.0,RED RETROSPOT OVEN GLOVE DOUBLE,-1
12503.0,Manual,-1
17463.0,LARGE WHITE HEART OF WICKER,-1
17463.0,OCEAN SCENT CANDLE IN JEWELLED BOX,-1
17463.0,RED GINGHAM ROSE JEWELLERY BOX,-1
17480.0,JAM MAKING SET WITH JARS,-1
13954.0,BREAD BIN DINER STYLE IVORY,-1
13954.0,BREAD BIN DINER STYLE RED ,-1
13954.0,JAM MAKING SET WITH JARS,-1
13958.0,VICTORIAN SEWING BOX LARGE,-1
14502.0,BAKING SET 9 PIECE RETROSPOT ,-1
14502.0,GLASS CLOCHE SMALL,-1
14502.0,PAPERWEIGHT VINTAGE COLLAGE,-1
14502.0,RED RETROSPOT BUTTER DISH,-1
14502.0,SET OF 2 TRAYS HOME SWEET HOME,-1
14502.0,SET/3 RED GINGHAM ROSE STORAGE BOX,-1
17511.0,COFFEE MUG APPLES DESIGN,-1
17511.0,DELUXE SEWING KIT ,-1
17511.0,FRENCH LAUNDRY SIGN BLUE METAL,-1
17491.0,BREAD BIN DINER STYLE RED ,-1
17506.0,PHOTO FRAME LINEN AND LACE LARGE,-1
12500.0,POSTAGE,-1
12500.0,STOOL HOME SWEET HOME ,-1
14475.0,BROCANTE COAT RACK,-1
14475.0,LUNCH BAG RED RETROSPOT,-1
14477.0,JUMBO BAG PEARS,-1
14487.0,REGENCY CAKESTAND 3 TIER,-1
14488.0,CHRISTMAS LIGHTS 10 REINDEER,-1
14493.0,BAG 500g SWIRLY MARBLES,-1
14497.0,SWEETHEART WIRE MAGAZINE RACK,-1
14497.0,TEA TIME TEAPOT IN GIFT BOX,-1
17511.0,GREEN VINTAGE SPOT BEAKER,-1
17511.0,HAPPY EASTER HANGING DECORATION,-1
17511.0,JAM MAKING SET WITH JARS,-1
17511.0,JUMBO BAG SCANDINAVIAN PAISLEY,-1
17511.0,BABUSHKA LIGHTS STRING OF 10,-1
17511.0,CARD HOLDER LOVE BIRD LARGE ,-1
17511.0,CHILLI LIGHTS,-1
17511.0,CHRISTMAS LIGHTS 10 REINDEER,-1
17511.0,CHRISTMAS LIGHTS 10 SANTAS ,-1
17511.0,CHRISTMAS PUDDING TRINKET POT ,-1
12484.0,CAKE STAND LOVEBIRD 2 TIER PINK,-1
12484.0,CHILDS BREAKFAST SET CIRCUS PARADE,-1
12493.0,BREAD BIN DINER STYLE PINK,-1
12494.0,POSTAGE,-1
12494.0,RED RETROSPOT CAKE STAND,-1
17511.0,GREEN METAL BOX ARMY SUPPLIES,-1
14443.0,VICTORIAN GLASS HANGING T-LIGHT,-1
14456.0,ASSTD DESIGN RACING CAR PEN,-1
14456.0,LUNCH BAG SPACEBOY DESIGN ,-1
14456.0,MEMO BOARD RETROSPOT  DESIGN,-1
14456.0,MINIATURE ANTIQUE ROSE HOOK IVORY,-1
14456.0,Manual,-1
14456.0,ROUND SNACK BOXES SET OF 4 SKULLS,-1
14456.0,SINGLE ANTIQUE ROSE HOOK IVORY,-1
14462.0,SET OF 6 SPICE TINS PANTRY DESIGN,-1
14474.0,SET OF 2 TRAYS HOME SWEET HOME,-1
13969.0,GUMBALL COAT RACK,-1
13969.0,WALL ART MID CENTURY MODERN ,-1
13971.0,BEST DAD CANDLE LETTERS,-1
13971.0,PHOTO FRAME CORNICE,-1
13971.0,RECIPE BOX PANTRY YELLOW DESIGN,-1
14431.0,"TRAY, BREAKFAST IN BED",-1
14437.0,Manual,-1
14441.0,ANTIQUE HEART SHELF UNIT,-1
14441.0,ORGANISER WOOD ANTIQUE WHITE ,-1
14442.0,LARGE ANTIQUE WHITE PHOTO FRAME,-1
14442.0,PIGGY BANK RETROSPOT ,-1
17511.0,RED RETROSPOT CAKE STAND,-1
17511.0,RETROSPOT TEA SET CERAMIC 11 PC ,-1
17511.0,KIDS RAIN MAC BLUE,-1
17511.0,LUNCH BAG RED RETROSPOT,-1
17511.0,LUNCH BAG VINTAGE DOILY ,-1
17511.0,MULTICOLOUR SPRING FLOWER MUG,-1
12477.0,3 HOOK HANGER MAGIC GARDEN,-1
12477.0,RED GINGHAM ROSE JEWELLERY BOX,-1
12477.0,RED RETROSPOT PEG BAG,-1
12477.0,RED RETROSPOT SUGAR JAM BOWL,-1
12477.0,RETRO PLASTIC ELEPHANT TRAY,-1
12483.0,HAND WARMER UNION JACK,-1
17511.0,Manual,-1
17511.0,PINK HAPPY BIRTHDAY BUNTING,-1
17511.0,PINK HEART SHAPE EGG FRYING PAN,-1
17511.0,PINK VINTAGE PAISLEY PICNIC BAG,-1
17511.0,POSTAGE,-1
17511.0,RECIPE BOX RETROSPOT ,-1
17511.0,RED RETROSPOT APRON ,-1
17511.0,SET OF 6 SPICE TINS PANTRY DESIGN,-1
17511.0,SET/3 RED GINGHAM ROSE STORAGE BOX,-1
17511.0,SMALL POPCORN HOLDER,-1
17511.0,TOILET SIGN OCCUPIED OR VACANT,-1
17511.0,VINTAGE DOILY TRAVEL SEWING KIT,-1
17511.0,VINTAGE UNION JACK CUSHION COVER,-1
17511.0,WOOD BLACK BOARD ANT WHITE FINISH,-1
17511.0,WOODEN CROQUET GARDEN SET,-1
17512.0,NATURAL SLATE CHALKBOARD LARGE ,-1
17521.0,ANTIQUE SILVER T-LIGHT GLASS,-1
12476.0,WOOD BLACK BOARD ANT WHITE FINISH,-1
12476.0,WOODEN PICTURE FRAME WHITE FINISH,-1
14442.0,RETROSPOT LARGE MILK JUG,-1
14443.0,CACTI T-LIGHT CANDLES,-1
14443.0,STRAWBERRY CERAMIC TRINKET BOX,-1
14426.0,RED RETROSPOT TRADITIONAL TEAPOT ,-1
14426.0,RETROSPOT LARGE MILK JUG,-1
14428.0,HANGING HEART BONHEUR,-1
14428.0,LARGE BLUE PROVENCAL CERAMIC BALL,-1
14431.0,PINK REGENCY TEACUP AND SAUCER,-1
13982.0,HANGING METAL HEART LANTERN,-1
12476.0,SET OF 3 REGENCY CAKE TINS,-1
12476.0,VINTAGE LEAF CHOPPING BOARD  ,-1
17527.0,FOOT STOOL HOME SWEET HOME ,-1
17528.0,CHRISTMAS LIGHTS 10 REINDEER,-1
17528.0,CHRISTMAS LIGHTS 10 VINTAGE BAUBLES,-1
17528.0,DOLLY GIRL LUNCH BOX,-1
17528.0,HOME BUILDING BLOCK WORD,-1
17528.0,RETROSPOT TEA SET CERAMIC 11 PC ,-1
17531.0,Manual,-1
17540.0,CHILDS BREAKFAST SET CIRCUS PARADE,-1
17547.0,PINK OWL SOFT TOY,-1
13982.0,RED RETROSPOT SMALL MILK JUG,-1
13982.0,RED RETROSPOT SUGAR JAM BOWL,-1
13982.0,RED WOOLLY HOTTIE WHITE HEART.,-1
13983.0,SET 6 SCHOOL MILK BOTTLES IN CRATE,-1
13988.0,FRENCH CARRIAGE LANTERN,-1
14426.0,RED RETROSPOT CAKE STAND,-1
14420.0,VINTAGE  2 METER FOLDING RULER,-1
14426.0,BLUE POLKADOT WASHING UP GLOVES,-1
14426.0,BREAD BIN DINER STYLE IVORY,-1
13988.0,SILVER MUG BONE CHINA TREE OF LIFE,-1
13991.0,CHRISTMAS PUDDING TRINKET POT ,-1
13991.0,STRAWBERRY FAIRY CAKE TEAPOT,-1
13999.0,IVORY KITCHEN SCALES,-1
17576.0,15CM CHRISTMAS GLASS BALL 20 LIGHTS,-1
17552.0,POSTAGE,-1
12476.0,GUMBALL MAGAZINE RACK,-1
12476.0,LARGE HANGING IVORY & RED WOOD BIRD,-1
12476.0,REGENCY CAKESTAND 3 TIER,-1
12476.0,ROCOCO WALL MIRROR WHITE,-1
12476.0,ANTIQUE SILVER T-LIGHT GLASS,-1
12476.0,BREAD BIN DINER STYLE MINT,-1
12476.0,GLASS  SONGBIRD STORAGE JAR,-1
17567.0,RED DRAWER KNOB ACRYLIC EDWARDIAN,-1
14009.0,SMALL CERAMIC TOP STORAGE JAR ,-1
14016.0,TWO DOOR CURIO CABINET,-1
14415.0,BULL DOG BOTTLE OPENER,-1
14415.0,COOKING SET RETROSPOT,-1
14415.0,ENCHANTED BIRD COATHANGER 5 HOOK,-1
14415.0,HANGING METAL STAR LANTERN,-1
14415.0,HEART OF WICKER LARGE,-1
14415.0,JUMBO BAG RED RETROSPOT,-1
14415.0,JUMBO BAG WOODLAND ANIMALS,-1
14415.0,JUMBO STORAGE BAG SUKI,-1
14415.0,PIGGY BANK RETROSPOT ,-1
14415.0,RED HANGING HEART T-LIGHT HOLDER,-1
14415.0,RED RETROSPOT MUG,-1
14415.0,SMALL GLASS HEART TRINKET POT,-1
17611.0,CHILLI LIGHTS,-1
17611.0,FAMILY ALBUM WHITE PICTURE FRAME,-1
17576.0,REGENCY CAKESTAND 3 TIER,-1
17579.0,METAL 4 HOOK HANGER FRENCH CHATEAU,-1
17579.0,SMALL IVORY HEART WALL ORGANISER,-1
17581.0,ALARM CLOCK BAKELIKE RED ,-1
17581.0,CHRISTMAS LIGHTS 10 VINTAGE BAUBLES,-1
17581.0,JUMBO SHOPPER VINTAGE RED PAISLEY,-1
17581.0,LOVE SEAT ANTIQUE WHITE METAL,-1
12474.0,PLASTERS IN TIN WOODLAND ANIMALS,-1
12474.0,STRAWBERRY LUNCH BOX WITH CUTLERY,-1
17613.0,ASSORTED COLOUR BIRD ORNAMENT,-1
17613.0,CHERRY BLOSSOM  DECORATIVE FLASK,-1
17613.0,DOORMAT HEARTS,-1
17613.0,GOLD EAR MUFF HEADPHONES,-1
17613.0,PINK VINTAGE PAISLEY PICNIC BAG,-1
17581.0,TWO DOOR CURIO CABINET,-1
17591.0,RED RETROSPOT CAKE STAND,-1
17602.0,GUMBALL MAGAZINE RACK,-1
17602.0,PINK HANGING HEART T-LIGHT HOLDER,-1
17602.0,ROUND CAKE TIN VINTAGE RED,-1
17603.0,BELLE JARDINIERE CUSHION COVER,-1
17611.0,BLACK SWEETHEART BRACELET,-1
14415.0,TOILET SIGN OCCUPIED OR VACANT,-1
14415.0,WHITE HANGING HEART T-LIGHT HOLDER,-1
14415.0,WHITE SPOT RED CERAMIC DRAWER KNOB,-1
14410.0,TRAVEL SEWING KIT,-1
14410.0,VINTAGE UNION JACK MEMOBOARD,-1
14410.0,WHEELBARROW FOR CHILDREN ,-1
14412.0,HOME SWEET HOME BLACKBOARD,-1
14412.0,RED SPOTTY BISCUIT TIN,-1
14415.0,5 HOOK HANGER RED MAGIC TOADSTOOL,-1
17636.0,JUMBO BAG VINTAGE DOILY ,-1
17644.0,CHILDS BREAKFAST SET SPACEBOY ,-1
17611.0,RETRO PLASTIC ELEPHANT TRAY,-1
17611.0,TEA FOR ONE POLKADOT,-1
17612.0, OVAL WALL MIRROR DIAMANTE ,-1
17612.0,GRASS HOPPER WOODEN WALL CLOCK ,-1
17612.0,MIRROR CORNICE,-1
17613.0,AIRLINE BAG VINTAGE TOKYO 78,-1
14415.0,BLUE WIRE SPIRAL CANDLE HOLDER,-1
14415.0,BROWN CHECK CAT DOORSTOP ,-1
14410.0,SET 6 FOOTBALL CELEBRATION CANDLES,-1
14410.0,SET OF 36 DINOSAUR PAPER DOILIES,-1
14410.0,SET OF 36 MUSHROOM PAPER DOILIES,-1
14410.0,SET OF 36 TEATIME PAPER DOILIES,-1
14410.0,SET OF 6 T-LIGHTS CACTI ,-1
14410.0,SET/10 BLUE POLKADOT PARTY CANDLES,-1
14410.0,SET/10 PINK POLKADOT PARTY CANDLES,-1
14410.0,SET/4 BLUE FLOWER CANDLES IN BOWL,-1
14410.0,SMALL RED RETROSPOT MUG IN BOX ,-1
14410.0,SPACEBOY CHILDRENS EGG CUP,-1
14019.0,ENAMEL BREAD BIN CREAM,-1
17646.0,YELLOW GIANT GARDEN THERMOMETER,-1
17648.0,ASSORTED COLOUR MINI CASES,-1
17649.0,BISCUIT TIN VINTAGE GREEN,-1
17651.0,JUMBO BAG PAISLEY PARK,-1
17651.0,SET OF 3 CAKE TINS PANTRY DESIGN ,-1
17652.0,CLASSIC CAFE SUGAR DISPENSER,-1
17652.0,LUNCH BAG DOILEY PATTERN ,-1
17636.0,CHILDRENS CUTLERY SPACEBOY ,-1
14031.0,Discount,-1
14031.0,SET OF 3 BLACK FLYING DUCKS,-1
14032.0, SET 2 TEA TOWELS I LOVE LONDON ,-1
14032.0,FULL ENGLISH BREAKFAST PLATE,-1
14032.0,GROW YOUR OWN BASIL IN ENAMEL MUG,-1
14410.0,MOBILE VINTAGE HEARTS ,-1
14410.0,PINK FAIRY CAKE CHILDRENS APRON,-1
14410.0,PLASTERS IN TIN SPACEBOY,-1
14410.0,RECIPE BOX BLUE SKETCHBOOK DESIGN,-1
12474.0,CHILDREN'S SPACEBOY MUG,-1
12474.0,CHILDRENS APRON SPACEBOY DESIGN,-1
12474.0,DINOSAUR LUNCH BOX WITH CUTLERY,-1
12474.0,FELT FARM ANIMAL RABBIT,-1
12474.0,FOUR HOOK  WHITE LOVEBIRDS,-1
12474.0,PAPER BUNTING RETROSPOT,-1
12474.0,PLASTERS IN TIN SPACEBOY,-1
17646.0,ENAMEL BLUE RIM COFFEE CONTAINER,-1
17646.0,GREEN GIANT GARDEN THERMOMETER,-1
14410.0,RECIPE BOX PANTRY YELLOW DESIGN,-1
14410.0,ROSE COTTAGE KEEPSAKE BOX ,-1
14410.0,GROW YOUR OWN FLOWERS SET OF 3,-1
14410.0,HAND WARMER BABUSHKA DESIGN,-1
14410.0,HAND WARMER SCOTTY DOG DESIGN,-1
12473.0,PLASTERS IN TIN CIRCUS PARADE ,-1
12473.0,ROUND SNACK BOXES SET OF 4 FRUITS ,-1
17652.0,PARISIENNE CURIO CABINET,-1
17652.0,PARISIENNE KEY CABINET ,-1
17652.0,TRAVEL SEWING KIT,-1
17653.0,BAKING SET SPACEBOY DESIGN,-1
17653.0,CHILDRENS TOY COOKING UTENSIL SET,-1
17653.0,HOME BUILDING BLOCK WORD,-1
17653.0,IVORY KITCHEN SCALES,-1
17653.0,RETROSPOT TEA SET CERAMIC 11 PC ,-1
14410.0,JAM CLOCK MAGNET,-1
14410.0,KINGS CHOICE MUG,-1
14410.0,DOOR HANGER  MUM + DADS ROOM,-1
14410.0,DOORMAT AIRMAIL ,-1
14410.0,DOORMAT BLACK FLOCK ,-1
14410.0,DOORMAT NEIGHBOURHOOD WITCH ,-1
14410.0,DOORMAT UNION FLAG,-1
14410.0,EASTER BUNNY HANGING GARLAND,-1
17675.0,ALARM CLOCK BAKELIKE PINK,-1
17675.0,LUNCH BAG SPACEBOY DESIGN ,-1
17659.0,SWEETHEART 3 TIER CAKE STAND ,-1
17663.0,BISCUIT TIN VINTAGE CHRISTMAS,-1
17663.0,ROUND CAKE TIN VINTAGE GREEN,-1
17663.0,SILVER BELLS TABLE DECORATION,-1
17663.0,TROPICAL  HONEYCOMB PAPER GARLAND ,-1
17671.0,BREAD BIN DINER STYLE IVORY,-1
12472.0,VINTAGE DOILY DELUXE SEWING KIT ,-1
14407.0,BREAD BIN DINER STYLE PINK,-1
14407.0,ENAMEL BREAD BIN CREAM,-1
14407.0,WOODEN ADVENT CALENDAR CREAM,-1
14410.0,2 PICTURE BOOK EGGS EASTER CHICKS,-1
14410.0,3 PIECE SPACEBOY COOKIE CUTTER SET,-1
14410.0,ABC TREASURE BOOK BOX ,-1
14410.0,CHARLOTTE BAG VINTAGE ALPHABET ,-1
14410.0,CHILDRENS DOLLY GIRL MUG,-1
14032.0,SET OF SALT AND PEPPER TOADSTOOLS,-1
12472.0,RED STRIPE CERAMIC DRAWER KNOB,-1
12472.0,SET OF 4 KNICK KNACK TINS LEAF,-1
12472.0,SET/5 RED RETROSPOT LID GLASS BOWLS,-1
12472.0,SPACEBOY LUNCH BOX ,-1
17672.0,MEDIUM CERAMIC TOP STORAGE JAR,-1
17672.0,REGENCY CAKESTAND 3 TIER,-1
17672.0,SET OF 36 VINTAGE CHRISTMAS DOILIES,-1
17675.0,RETROSPOT LAMP,-1
17675.0,SET OF TEA COFFEE SUGAR TINS PANTRY,-1
17675.0,WOOD BLACK BOARD ANT WHITE FINISH,-1
17676.0,POSTAGE,-1
17677.0,BREAD BIN DINER STYLE IVORY,-1
17677.0,CHRISTMAS LIGHTS 10 REINDEER,-1
17677.0,LUNCH BAG WOODLAND,-1
17677.0,PAPER BUNTING WHITE LACE,-1
17677.0,RED RETROSPOT PEG BAG,-1
17677.0,REGENCY TEA PLATE PINK,-1
12472.0,PLASTERS IN TIN CIRCUS PARADE ,-1
12472.0,PORCELAIN HANGING BELL SMALL,-1
14040.0,JUMBO BAG STRAWBERRY,-1
14040.0,LUNCH BAG RED RETROSPOT,-1
14040.0,POSTAGE,-1
14048.0,CANDLEHOLDER PINK HANGING HEART,-1
14397.0,MISTLETOE HEART WREATH GREEN,-1
14403.0,RECYCLED ACAPULCO MAT BLUE,-1
14403.0,RECYCLED ACAPULCO MAT GREEN,-1
14403.0,RECYCLED ACAPULCO MAT LAVENDER,-1
17702.0,SET/3 RED GINGHAM ROSE STORAGE BOX,-1
17705.0,ALARM CLOCK BAKELIKE GREEN,-1
17705.0,ALARM CLOCK BAKELIKE ORANGE,-1
17705.0,FAMILY PHOTO FRAME CORNICE,-1
17677.0,SILVER HANGING T-LIGHT HOLDER,-1
17690.0,T-LIGHT GLASS FLUTED ANTIQUE,-1
17693.0,IVORY KITCHEN SCALES,-1
17693.0,RETROSPOT TEA SET CERAMIC 11 PC ,-1
17696.0,CERAMIC CAKE DESIGN SPOTTED MUG,-1
17696.0,SMALL HEART FLOWERS HOOK ,-1
17696.0,STRAWBERRY FAIRY CAKE TEAPOT,-1
14403.0,RECYCLED ACAPULCO MAT PINK,-1
14403.0,RECYCLED ACAPULCO MAT RED,-1
14403.0,RECYCLED ACAPULCO MAT TURQUOISE,-1
14389.0,JUMBO BAG DOLLY GIRL DESIGN,-1
14389.0,JUMBO BAG PEARS,-1
14389.0,JUMBO STORAGE BAG SUKI,-1
14389.0,LUNCH BAG RED RETROSPOT,-1
14390.0,DOORMAT KEEP CALM AND COME IN,-1
14390.0,MIRRORED DISCO BALL ,-1
14390.0,RED METAL BOX TOP SECRET,-1
12472.0,DOILEY STORAGE TIN,-1
12472.0,ENAMEL WATERING CAN CREAM,-1
12472.0,FOUR HOOK  WHITE LOVEBIRDS,-1
17700.0,CAROUSEL DESIGN WASHBAG,-1
17700.0,LANTERN CREAM GAZEBO ,-1
17700.0,PAPER CHAIN KIT VINTAGE CHRISTMAS,-1
17705.0,TRIPLE PHOTO FRAME CORNICE ,-1
17706.0,IVORY DINER WALL CLOCK,-1
17706.0,SET OF SALT AND PEPPER TOADSTOOLS,-1
17706.0,TEA FOR ONE POLKADOT,-1
12472.0,ASSORTED COLOUR MINI CASES,-1
12472.0,CHILDREN'S CIRCUS PARADE MUG,-1
12472.0,CIRCUS PARADE LUNCH BOX ,-1
12472.0,DELUXE SEWING KIT ,-1
14395.0,CERAMIC CAKE STAND + HANGING CAKES,-1
14395.0,VINTAGE UNION JACK MEMOBOARD,-1
14367.0,HANGING HEART JAR T-LIGHT HOLDER,-1
14367.0,LARGE CAKE STAND  HANGING STRAWBERY,-1
14367.0,LUNCH BAG SUKI DESIGN ,-1
14367.0,RED KITCHEN SCALES,-1
14388.0,RED RETROSPOT CAKE STAND,-1
14388.0,ROUND SNACK BOXES SET OF4 WOODLAND ,-1
14389.0,CHARLOTTE BAG DOLLY GIRL DESIGN,-1
14389.0,CHARLOTTE BAG SUKI DESIGN,-1
14389.0,JUMBO  BAG BAROQUE BLACK WHITE,-1
12471.0,TREASURE TIN GYMKHANA DESIGN,-1
12471.0,TV DINNER TRAY DOLLY GIRL,-1
17719.0,IVORY KITCHEN SCALES,-1
17722.0,LADS ONLY TISSUE BOX,-1
17722.0,STARS GIFT TAPE ,-1
17722.0,TV DINNER TRAY AIR HOSTESS ,-1
14342.0,POSTAGE,-1
14350.0,WHITE HANGING HEART T-LIGHT HOLDER,-1
14356.0,RED SPOT CERAMIC DRAWER KNOB,-1
14356.0,REGENCY TEA PLATE PINK,-1
14356.0,SWEETHEART 3 TIER CAKE STAND ,-1
14359.0,PARISIENNE KEY CABINET ,-1
14367.0,GLITTER HANGING BUTTERFLY STRING,-1
14049.0,ASSORTED COLOUR MINI CASES,-1
14049.0,BAG 125g SWIRLY MARBLES,-1
14049.0,BLUE EASTER EGG HUNT START POST,-1
14049.0,DINOSAUR LUNCH BOX WITH CUTLERY,-1
17736.0,SET/4 WHITE RETRO STORAGE CUBES ,-1
17724.0,GLASS JAR DAISY FRESH COTTON WOOL,-1
17724.0,PINK GLASS CANDLEHOLDER,-1
17725.0,MA CAMPAGNE CUTLERY BOX,-1
17728.0,Manual,-1
17728.0,RED SPOT CERAMIC DRAWER KNOB,-1
17728.0,SWEETHEART 3 TIER CAKE STAND ,-1
12471.0,SET OF 6 SNACK LOAF BAKING CASES,-1
12471.0,STORAGE TIN VINTAGE DOILY ,-1
14049.0,LUNCH BAG CARS BLUE,-1
14049.0,LUNCH BAG DOLLY GIRL DESIGN,-1
14049.0,LUNCH BOX I LOVE LONDON,-1
14049.0,LUNCH BOX WITH CUTLERY RETROSPOT ,-1
14049.0,RED  HARMONICA IN BOX ,-1
14049.0,S/6 WOODEN SKITTLES IN COTTON BAG,-1
14049.0,YELLOW EASTER EGG HUNT START POST,-1
14329.0,SET 3 PAPER VINTAGE CHICK PAPER EGG,-1
14333.0,FLOWERS CHANDELIER T-LIGHT HOLDER,-1
14333.0,PARISIENNE JEWELLERY DRAWER ,-1
17769.0,SWEETHEART 3 TIER CAKE STAND ,-1
17769.0,WOODEN CROQUET GARDEN SET,-1
17774.0,SWEETHEART 3 TIER CAKE STAND ,-1
17779.0,LARGE DECO JEWELLERY STAND,-1
17799.0,FAMILY PHOTO FRAME CORNICE,-1
14333.0,PARISIENNE SEWING BOX,-1
14334.0,SAVOY ART DECO CLOCK,-1
14338.0,GREEN GIANT GARDEN THERMOMETER,-1
14339.0,POSTAGE,-1
14323.0,GREEN REGENCY TEACUP AND SAUCER,-1
14323.0,JAM MAKING SET WITH JARS,-1
14323.0,PINK REGENCY TEACUP AND SAUCER,-1
14323.0,ROSES REGENCY TEACUP AND SAUCER ,-1
14329.0,DRAWER KNOB CRACKLE GLAZE PINK,-1
14329.0,FOUR HOOK  WHITE LOVEBIRDS,-1
12471.0,POSTAGE,-1
12471.0,SAVE THE PLANET COTTON TOTE BAG,-1
17738.0,REGENCY CAKESTAND 3 TIER,-1
17738.0,ROSES REGENCY TEACUP AND SAUCER ,-1
17746.0,LARGE CAKE STAND HANGING HEARTS,-1
17747.0,MIRROR MOSAIC HURRICANE LAMP ,-1
14329.0,IVORY HANGING DECORATION  BIRD,-1
14329.0,MOBILE VINTAGE HEARTS ,-1
14329.0,PACK OF 20 NAPKINS PANTRY DESIGN,-1
14329.0,POPCORN HOLDER,-1
14311.0,ENAMEL BREAD BIN CREAM,-1
14311.0,GREEN REGENCY TEACUP AND SAUCER,-1
14051.0,ROSES REGENCY TEACUP AND SAUCER ,-1
17802.0,3 HOOK PHOTO SHELF ANTIQUE WHITE,-1
17802.0,"KEY FOB , GARAGE DESIGN",-1
17802.0,"KEY FOB , SHED",-1
17802.0,LUNCH BAG DOLLY GIRL DESIGN,-1
17802.0,WOOD 2 DRAWER CABINET WHITE FINISH,-1
17802.0,WOOD S/3 CABINET ANT WHITE FINISH,-1
17809.0,Manual,-1
17809.0,SOLDIERS EGG CUP ,-1
17811.0,BISCUIT TIN VINTAGE GREEN,-1
17811.0,BISCUIT TIN VINTAGE RED,-1
17811.0,ENAMEL FIRE BUCKET CREAM,-1
12471.0,OVEN MITT APPLES DESIGN,-1
12471.0,PACK OF 20 NAPKINS RED APPLES,-1
17811.0,FRYING PAN BLUE POLKADOT,-1
17811.0,MILK PAN RED RETROSPOT,-1
17811.0,PINK  POLKADOT CUP,-1
17811.0,RETROSPOT GIANT TUBE MATCHES,-1
17811.0,SET OF 3 CAKE TINS PANTRY DESIGN ,-1
17813.0,CREAM SWEETHEART MINI CHEST,-1
17813.0,FRENCH ENAMEL CANDLEHOLDER,-1
17813.0,IVORY SWEETHEART WIRE LETTER RACK ,-1
14056.0,BINGO SET,-1
14056.0,COLOUR GLASS T-LIGHT HOLDER HANGING,-1
14056.0,COLOURING PENCILS BROWN TUBE,-1
14056.0,GROW YOUR OWN BASIL IN ENAMEL MUG,-1
14056.0,HOLIDAY FUN LUDO,-1
14056.0,JUMBO BAG APPLES,-1
14056.0,MAGNETS PACK OF 4 HOME SWEET HOME,-1
14056.0,METAL 4 HOOK HANGER FRENCH CHATEAU,-1
14305.0,DOG BOWL VINTAGE CREAM,-1
14305.0,VINTAGE CREAM CAT FOOD CONTAINER,-1
14306.0,ANTIQUE SILVER BAUBLE LAMP  ,-1
14306.0,REGENCY TEA PLATE ROSES ,-1
14309.0,BAKING SET SPACEBOY DESIGN,-1
12471.0,HEN HOUSE W CHICK STANDING,-1
12471.0,MOTHER'S KITCHEN SPOON REST ,-1
17813.0,PHOTO FRAME 3 CLASSIC HANGING,-1
17813.0,SWEETHEART WIRE MAGAZINE RACK,-1
17813.0,VICTORIAN SEWING BOX MEDIUM,-1
17820.0,GREEN REGENCY TEACUP AND SAUCER,-1
17820.0,POCKET BAG BLUE PAISLEY RED SPOT,-1
17820.0,REGENCY CAKESTAND 3 TIER,-1
17820.0,REGENCY SUGAR BOWL GREEN,-1
17820.0,ROSES REGENCY TEACUP AND SAUCER ,-1
14309.0,CHILDS BREAKFAST SET CIRCUS PARADE,-1
14309.0,ROSES REGENCY TEACUP AND SAUCER ,-1
14311.0,CUPBOARD 3 DRAWER MA CAMPAGNE,-1
14299.0,SET OF 72 PINK HEART PAPER DOILIES,-1
14299.0,SET OF TEA COFFEE SUGAR TINS PANTRY,-1
14299.0,WOODEN SKITTLES GARDEN SET,-1
14301.0,MINI CAKE STAND WITH HANGING CAKES,-1
14056.0,PANTRY MAGNETIC  SHOPPING LIST,-1
17841.0,BELLE JARDINIERE CUSHION COVER,-1
17841.0,BLUE EASTER EGG HUNT START POST,-1
17841.0,BLUE POLKADOT WASHING UP GLOVES,-1
17841.0,BLUE STRIPE CERAMIC DRAWER KNOB,-1
17837.0,PHOTO FRAME 3 CLASSIC HANGING,-1
17837.0,WOOD 2 DRAWER CABINET WHITE FINISH,-1
17837.0,WOODEN SKITTLES GARDEN SET,-1
12471.0,DOLLY GIRL CHILDRENS BOWL,-1
12471.0,DOLLY GIRL CHILDRENS CUP,-1
12471.0,EASTER TIN BUNNY BOUQUET,-1
17841.0,CHILLI LIGHTS,-1
17841.0,DELUXE SEWING KIT ,-1
17841.0,DOLLY GIRL LUNCH BOX,-1
17841.0,DRAWER KNOB CRACKLE GLAZE IVORY,-1
17841.0,EDWARDIAN PARASOL BLACK,-1
17841.0,EMERGENCY FIRST AID TIN ,-1
17841.0,ALARM CLOCK BAKELIKE GREEN,-1
17841.0,ASSORTED MONKEY SUCTION CUP HOOK,-1
17841.0,ASSORTED TUTTI FRUTTI SMALL PURSE,-1
17841.0,ASSTD FRUIT+FLOWERS FRIDGE MAGNETS,-1
17841.0,BEACH HUT KEY CABINET,-1
14056.0,RED RETROSPOT PEG BAG,-1
14056.0,SKETCHBOOK MAGNETIC SHOPPING LIST,-1
14056.0,TOY TIDY SPACEBOY  ,-1
14056.0,VINTAGE RED TRIM ENAMEL BOWL ,-1
14292.0,WHITE HANGING HEART T-LIGHT HOLDER,-1
14295.0,CHRISTMAS LIGHTS 10 SANTAS ,-1
14295.0,POSTAGE,-1
14297.0,POSTAGE,-1
14299.0,ANGEL DECORATION STARS ON DRESS,-1
14299.0,HOMEMADE JAM SCENTED CANDLES,-1
14299.0,PANTRY CHOPPING BOARD,-1
17841.0,FAWN BLUE HOT WATER BOTTLE,-1
17841.0,FOUR HOOK  WHITE LOVEBIRDS,-1
17841.0,FRENCH BLUE METAL DOOR SIGN 1,-1
17841.0,FRENCH BLUE METAL DOOR SIGN 2,-1
17841.0,FRENCH BLUE METAL DOOR SIGN 7,-1
17841.0,GUMBALL MAGAZINE RACK,-1
17841.0,HAND WARMER RED RETROSPOT,-1
17841.0,HOME SWEET HOME KEY HOLDER,-1
17841.0,ILLUSTRATED CAT BOWL ,-1
17841.0,BUNDLE OF 3 RETRO NOTE BOOKS,-1
12462.0,GLASS STAR FROSTED T-LIGHT HOLDER,-1
12463.0,CERAMIC CAKE STAND + HANGING CAKES,-1
12465.0,BIRD DECORATION RED RETROSPOT,-1
12465.0,CHRISTMAS RETROSPOT ANGEL WOOD,-1
12465.0,PICNIC BOXES SET OF 3 RETROSPOT ,-1
12465.0,ROUND CONTAINER SET OF 5 RETROSPOT,-1
12468.0,LUNCH BOX WITH CUTLERY RETROSPOT ,-1
12468.0,ROUND SNACK BOXES SET OF4 WOODLAND ,-1
17841.0,FAIRY CAKE DESIGN UMBRELLA,-1
17841.0,FAMILY ALBUM WHITE PICTURE FRAME,-1
17841.0,SET OF 20 KIDS COOKIE CUTTERS,-1
17841.0,SET OF 3 WOODEN SLEIGH DECORATIONS,-1
17841.0,LARGE CERAMIC TOP STORAGE JAR,-1
17841.0,LUNCH BAG RED RETROSPOT,-1
17841.0,LUNCH BAG WOODLAND,-1
17841.0,MA CAMPAGNE CUTLERY BOX,-1
17841.0,MEDINA STAMPED METAL STOOL,-1
17841.0,MINI WOODEN HAPPY BIRTHDAY GARLAND,-1
17841.0,MUM'S KITCHEN CLOCK,-1
17841.0,NEW BAROQUE JEWELLERY BOX ,-1
17841.0,NOVELTY BISCUITS CAKE STAND 3 TIER,-1
17841.0,PANTRY APPLE CORER,-1
17841.0,PAPER BUNTING RETROSPOT,-1
14299.0,SET OF 3 CAKE TINS PANTRY DESIGN ,-1
14286.0,PACK OF 6 HANDBAG GIFT BOXES,-1
14286.0,WOOD STAMP SET THANK YOU,-1
14287.0,POSTAGE,-1
14288.0,REGENCY CAKESTAND 3 TIER,-1
14290.0,CHRISTMAS LIGHTS 10 VINTAGE BAUBLES,-1
14290.0,NATURAL SLATE HEART CHALKBOARD ,-1
14291.0,CHILDS BREAKFAST SET SPACEBOY ,-1
14292.0,EDWARDIAN PARASOL BLACK,-1
14292.0,HANGING METAL HEART LANTERN,-1
14292.0,RED RETROSPOT TRADITIONAL TEAPOT ,-1
14292.0,REGENCY SUGAR BOWL GREEN,-1
14071.0,REX CASH+CARRY JUMBO SHOPPER,-1
17841.0,TOILET SIGN OCCUPIED OR VACANT,-1
17841.0,PHOTO FRAME 3 CLASSIC HANGING,-1
17841.0,PICNIC BOXES SET OF 3 RETROSPOT ,-1
17841.0,POLYESTER FILLER PAD 45x45cm,-1
17841.0,"RECORD FRAME 7"" SINGLE SIZE ",-1
17841.0,RECYCLING BAG RETROSPOT ,-1
17841.0,RED METAL BOX TOP SECRET,-1
17841.0,RED RETROSPOT PEG BAG,-1
17841.0,RED RETROSPOT UMBRELLA,-1
17841.0,RETRO MOD TRAY,-1
17841.0,ROUND SNACK BOXES SET OF4 WOODLAND ,-1
17841.0,SET 10 LIGHTS NIGHT OWL,-1
17841.0,ZINC HERB GARDEN CONTAINER,-1
17850.0,GIN AND TONIC MUG,-1
17841.0,SET OF 4 ENGLISH ROSE PLACEMATS,-1
17841.0,SET OF 4 KNICK KNACK TINS LEAF,-1
17841.0,SET/6 PINK  BUTTERFLY T-LIGHTS,-1
17841.0,SKETCHBOOK MAGNETIC SHOPPING LIST,-1
17841.0,SKULLS STORAGE BOX SMALL,-1
17841.0,SOAP DISH BROCANTE,-1
17841.0,STRIPY DESIGN SHOWER CAP,-1
17841.0,SUKI  SHOULDER BAG,-1
17841.0,TOADSTOOL MONEY BOX,-1
17841.0,TOILET METAL SIGN,-1
12456.0,PLASTERS IN TIN SPACEBOY,-1
12462.0,CERAMIC CAKE BOWL + HANGING CAKES,-1
17841.0,WHITE HANGING HEART T-LIGHT HOLDER,-1
17841.0,WHITE METAL LANTERN,-1
17841.0,WHITE SPOT BLUE CERAMIC DRAWER KNOB,-1
17841.0,WHITE TRAVEL ALARM CLOCK,-1
17841.0,WHITE WOOD GARDEN PLANT LADDER,-1
17841.0,WOOD 2 DRAWER CABINET WHITE FINISH,-1
17841.0,WOODEN PICTURE FRAME WHITE FINISH,-1
14081.0,3 TIER CAKE TIN GREEN AND CREAM,-1
14081.0,DAIRY MAID LARGE MILK JUG,-1
14081.0,RED RETROSPOT ROUND CAKE TINS,-1
14276.0,HANGING HEART JAR T-LIGHT HOLDER,-1
14276.0,HANGING JAM JAR T-LIGHT HOLDER,-1
14276.0,JAM MAKING SET WITH JARS,-1
14276.0,RECYCLED ACAPULCO MAT BLUE,-1
14276.0,SET 3 PAPER VINTAGE CHICK PAPER EGG,-1
14276.0,SET 3 SONG BIRD PAPER EGGS ASSORTED,-1
14284.0,15CM CHRISTMAS GLASS BALL 20 LIGHTS,-1
14085.0,REGENCY CAKESTAND 3 TIER,-1
14087.0,WHEELBARROW FOR CHILDREN ,-1
12428.0,RED RETROSPOT PUDDING BOWL,-1
12428.0,RED RETROSPOT TRADITIONAL TEAPOT ,-1
12428.0,"SET 3 RETROSPOT TEA,COFFEE,SUGAR",-1
12434.0,RED RETROSPOT ROUND CAKE TINS,-1
17850.0,SAVE THE PLANET MUG,-1
17865.0,GREEN REGENCY TEACUP AND SAUCER,-1
17865.0,MINI CAKE STAND  HANGING STRAWBERY,-1
17865.0,RED RETROSPOT TEA CUP AND SAUCER ,-1
12456.0,ANTIQUE TALL SWIRLGLASS TRINKET POT,-1
14092.0,ALARM CLOCK BAKELIKE RED ,-1
14096.0,Manual,-1
14099.0,BULL DOG BOTTLE TOP WALL CLOCK,-1
14099.0,RED GINGHAM TEDDY BEAR ,-1
14102.0,DRAWER KNOB CRACKLE GLAZE BLUE,-1
14102.0,WALL ART 70'S ALPHABET ,-1
14105.0,PINK REGENCY TEACUP AND SAUCER,-1
14264.0,BROCANTE SHELF WITH HOOKS,-1
14267.0,GREEN VINTAGE SPOT BEAKER,-1
14267.0,SET OF 3 REGENCY CAKE TINS,-1
14267.0,SWEETHEART CAKESTAND 3 TIER,-1
12417.0,RECIPE BOX PANTRY YELLOW DESIGN,-1
12417.0,ROCOCO WALL MIRROR WHITE,-1
12421.0,Manual,-1
17865.0,RED RETROSPOT TRADITIONAL TEAPOT ,-1
17866.0,SAVOY ART DECO CLOCK,-1
17867.0,SUNFLOWER DECORATIVE PARASOL,-1
17870.0,HOME SMALL WOOD LETTERS,-1
12428.0,POSTAGE,-1
17929.0,CHILDS BREAKFAST SET SPACEBOY ,-1
17940.0,Manual,-1
17940.0,POSTAGE,-1
17888.0,AIRLINE BAG VINTAGE WORLD CHAMPION ,-1
12415.0,SMALL CERAMIC TOP STORAGE JAR ,-1
12415.0,SPACEBOY CHILDRENS CUP,-1
12415.0,STORAGE TIN VINTAGE LEAF,-1
12415.0,TOYBOX  WRAP ,-1
12415.0,TREASURE TIN BUFFALO BILL ,-1
12415.0,TREASURE TIN GYMKHANA DESIGN,-1
12415.0,VINTAGE DONKEY TAIL GAME ,-1
12415.0,WRAP VINTAGE LEAF DESIGN,-1
12417.0,LARGE CAKE STAND HANGING HEARTS,-1
12417.0,ORGANISER WOOD ANTIQUE WHITE ,-1
14239.0,ROUND CAKE TIN VINTAGE RED,-1
14243.0,DOILEY STORAGE TIN,-1
14243.0,SET OF TEA COFFEE SUGAR TINS PANTRY,-1
14245.0,JUMBO BAG PINK VINTAGE PAISLEY,-1
14245.0,MINIATURE ANTIQUE ROSE HOOK IVORY,-1
14245.0,TRIPLE HOOK ANTIQUE IVORY ROSE,-1
14105.0,SET/5 RED RETROSPOT LID GLASS BOWLS,-1
12415.0,SET OF 36 DOILIES PANTRY DESIGN,-1
12415.0,SET OF 36 PAISLEY FLOWER DOILIES,-1
12415.0,SET OF 4 JAM JAR MAGNETS,-1
12415.0,SET OF 4 KNICK KNACK TINS DOILEY ,-1
12415.0,SET OF 4 KNICK KNACK TINS LEAF,-1
12415.0,SET OF 5 PANCAKE DAY MAGNETS,-1
12415.0,SET OF 60 PANTRY DESIGN CAKE CASES ,-1
12415.0,SET OF 72 RETROSPOT PAPER  DOILIES,-1
12415.0,SET OF TEA COFFEE SUGAR TINS PANTRY,-1
17904.0,SET OF 2 WOODEN MARKET CRATES,-1
17912.0,BLUE HAPPY BIRTHDAY BUNTING,-1
17912.0,CERAMIC CAKE STAND + HANGING CAKES,-1
17924.0,ALARM CLOCK BAKELIKE GREEN,-1
17924.0,CHRISTMAS LIGHTS 10 REINDEER,-1
18044.0,ROSES REGENCY TEACUP AND SAUCER ,-1
18053.0,WHITE HANGING HEART T-LIGHT HOLDER,-1
17954.0,BAKING SET SPACEBOY DESIGN,-1
17954.0,CERAMIC STRAWBERRY MONEY BOX,-1
17954.0,SWEETHEART CAKESTAND 3 TIER,-1
17988.0,REGENCY TEAPOT ROSES ,-1
12415.0,SET OF 10 LED DOLLY LIGHTS,-1
12415.0,SET OF 3 CAKE TINS PANTRY DESIGN ,-1
12415.0,SET OF 3 REGENCY CAKE TINS,-1
14108.0,DOG BOWL CHASING BALL DESIGN,-1
14111.0,LANTERN CREAM GAZEBO ,-1
14112.0,JUMBO BAG RED RETROSPOT,-1
14112.0,NATURAL SLATE CHALKBOARD LARGE ,-1
14112.0,NATURAL SLATE HEART CHALKBOARD ,-1
14227.0,NATURAL SLATE RECTANGLE CHALKBOARD,-1
14227.0,RED RETROSPOT SMALL MILK JUG,-1
14227.0,SWEETHEART CERAMIC TRINKET BOX,-1
14229.0,NATURAL SLATE CHALKBOARD LARGE ,-1
12415.0,MEDIUM CERAMIC TOP STORAGE JAR,-1
12415.0,MINI JIGSAW BUNNIES,-1
12415.0,MINI JIGSAW PURDEY,-1
12415.0,PINK VINTAGE PAISLEY PICNIC BAG,-1
12415.0,POSTAGE,-1
12415.0,RED RETROSPOT CAKE STAND,-1
12415.0,RED RETROSPOT PICNIC BAG,-1
12415.0,REGENCY SUGAR BOWL GREEN,-1
12415.0,ROUND STORAGE TIN VINTAGE LEAF,-1
12415.0,SET 12 KIDS  WHITE CHALK STICKS,-1
12415.0,SET 12 KIDS COLOUR  CHALK STICKS,-1
17997.0,WHITE STITCHED WALL CLOCK,-1
18030.0,SWEETHEART 3 TIER CAKE STAND ,-1
12415.0,JUMBO BAG DOILEY PATTERNS,-1
12415.0,JUMBO BAG PINK VINTAGE PAISLEY,-1
12415.0,JUMBO BAG RED RETROSPOT,-1
12415.0,LARGE CERAMIC TOP STORAGE JAR,-1
12415.0,LUNCH BAG ALPHABET DESIGN,-1
12415.0,LUNCH BAG APPLE DESIGN,-1
18055.0,JIGSAW TREE WITH BIRDHOUSE,-1
18055.0,REGENCY CAKESTAND 3 TIER,-1
18059.0,GLASS APOTHECARY BOTTLE TONIC,-1
18069.0,SCOTTIE DOG HOT WATER BOTTLE,-1
12415.0,LUNCH BAG DOILEY PATTERN ,-1
12415.0,LUNCH BAG RED RETROSPOT,-1
18075.0,WOOD BLACK BOARD ANT WHITE FINISH,-1
18084.0,PINK REGENCY TEACUP AND SAUCER,-1
18097.0,HOME SMALL WOOD LETTERS,-1
18073.0,GREEN REGENCY TEACUP AND SAUCER,-1
18073.0,REGENCY TEA PLATE PINK,-1
18075.0,FRENCH STYLE EMBOSSED HEART CABINET,-1
18075.0,NATURAL SLATE CHALKBOARD LARGE ,-1
12415.0,CHILDRENS CUTLERY CIRCUS PARADE,-1
12415.0,CHILDRENS CUTLERY DOLLY GIRL ,-1
12415.0,CHILDRENS CUTLERY SPACEBOY ,-1
12415.0,DOILEY STORAGE TIN,-1
12415.0,DOLLY GIRL CHILDRENS CUP,-1
12415.0,FELTCRAFT BUTTERFLY HEARTS,-1
12415.0,JUMBO BAG ALPHABET,-1
14231.0,GREEN REGENCY TEACUP AND SAUCER,-1
14231.0,PINK REGENCY TEACUP AND SAUCER,-1
14232.0,LUNCH BAG  BLACK SKULL.,-1
14232.0,LUNCH BAG WOODLAND,-1
14239.0,HANGING HEART JAR T-LIGHT HOLDER,-1
14217.0,ZINC TOP  2 DOOR WOODEN SHELF ,-1
14221.0,NATURAL SLATE CHALKBOARD LARGE ,-1
14226.0,GREEN REGENCY TEACUP AND SAUCER,-1
14226.0,MOROCCAN TEA GLASS,-1
14226.0,PARLOUR CERAMIC WALL HOOK,-1
18109.0,DANISH ROSE DECORATIVE PLATE,-1
18109.0,WHITE WOOD GARDEN PLANT LADDER,-1
18109.0,WOOD S/3 CABINET ANT WHITE FINISH,-1
18110.0,YELLOW/BLUE RETRO RADIO,-1
18118.0,BREAD BIN DINER STYLE RED ,-1
18075.0,RED HANGING HEART T-LIGHT HOLDER,-1
18075.0,STRAWBERRY RAFFIA FOOD COVER,-1
14226.0,REGENCY CAKESTAND 3 TIER,-1
14226.0,REGENCY SUGAR BOWL GREEN,-1
14227.0,DOORMAT HOME SWEET HOME BLUE ,-1
14227.0,MULTI COLOUR SILVER T-LIGHT HOLDER,-1
14210.0,SET OF 3 REGENCY CAKE TINS,-1
14211.0,ALARM CLOCK BAKELIKE GREEN,-1
14211.0,COFFEE MUG PEARS  DESIGN,-1
14211.0,REGENCY CAKESTAND 3 TIER,-1
14211.0,WOOD 2 DRAWER CABINET WHITE FINISH,-1
14214.0,S/4 PINK FLOWER CANDLES IN BOWL,-1
12410.0,BLACK KITCHEN SCALES,-1
12410.0,RED SPOTTY BISCUIT TIN,-1
12413.0,CHILDS BREAKFAST SET SPACEBOY ,-1
12415.0,3 STRIPEY MICE FELTCRAFT,-1
12415.0,36 PENCILS TUBE RED RETROSPOT,-1
12415.0,BAKING SET 9 PIECE RETROSPOT ,-1
12415.0,BUNDLE OF 3 ALPHABET EXERCISE BOOKS,-1
12415.0,BUNDLE OF 3 SCHOOL EXERCISE BOOKS  ,-1
12415.0,CHILDREN'S CIRCUS PARADE MUG,-1
18108.0,SET/3 ROSE CANDLE IN JEWELLED BOX,-1
18108.0,SMALL GLASS HEART TRINKET POT,-1
14205.0,POSTAGE,-1
14112.0,RED RETROSPOT MUG,-1
14112.0,ROSE COTTAGE KEEPSAKE BOX ,-1
14112.0,SWEETHEART CAKESTAND 3 TIER,-1
18118.0,CERAMIC CAKE STAND + HANGING CAKES,-1
18118.0,SET 6 FOOTBALL CELEBRATION CANDLES,-1
18125.0,SET/4 BLUE FLOWER CANDLES IN BOWL,-1
18142.0,BAG 125g SWIRLY MARBLES,-1
18158.0,HEART T-LIGHT HOLDER WILLIE WINKIE,-1
18164.0,HOT WATER BOTTLE KEEP CALM,-1
12408.0,POSTAGE,-1
12408.0,ROUND SNACK BOXES SET OF 4 FRUITS ,-1
18183.0,CREAM HEART CARD HOLDER,-1
18183.0,GLASS JAR KINGS CHOICE,-1
18167.0,Discount,-1
18167.0,PIGGY BANK RETROSPOT ,-1
18167.0,RED RETROSPOT MUG,-1
18168.0,NUMBER TILE COTTAGE GARDEN 1,-1
18168.0,NUMBER TILE COTTAGE GARDEN 9,-1
18168.0,NUMBER TILE COTTAGE GARDEN No,-1
18168.0,PINK DOUGHNUT TRINKET POT ,-1
18168.0,RED RETROSPOT CAKE STAND,-1
18168.0,RED RETROSPOT PUDDING BOWL,-1
18168.0,RED RETROSPOT TRADITIONAL TEAPOT ,-1
18168.0,STRAWBERRY CERAMIC TRINKET BOX,-1
18168.0,TEA FOR ONE POLKADOT,-1
18171.0,NATURAL SLATE CHALKBOARD LARGE ,-1
14121.0,BOTANICAL GARDENS WALL CLOCK ,-1
14194.0,RED RETROSPOT SMALL MILK JUG,-1
14194.0,SET OF TEA COFFEE SUGAR TINS PANTRY,-1
14194.0,TOILET SIGN OCCUPIED OR VACANT,-1
14194.0,TRIPLE HOOK ANTIQUE IVORY ROSE,-1
14194.0,VICTORIAN SEWING BOX SMALL ,-1
14194.0,VINTAGE UNION JACK MEMOBOARD,-1
14198.0,BLUE COAT RACK PARIS FASHION,-1
14198.0,LANTERN CREAM GAZEBO ,-1
14198.0,REGENCY MILK JUG PINK ,-1
18198.0,PACK OF 6 SKULL PAPER CUPS,-1
18204.0,KNEELING MAT HOUSEWORK  DESIGN,-1
18172.0,ALARM CLOCK BAKELIKE ORANGE,-1
18172.0,HAND WARMER RED RETROSPOT,-1
18176.0,HANGING HEART JAR T-LIGHT HOLDER,-1
18176.0,RETROSPOT HEART HOT WATER BOTTLE,-1
14194.0,ALARM CLOCK BAKELIKE GREEN,-1
14194.0,BISCUIT TIN VINTAGE GREEN,-1
14194.0,CHARLOTTE BAG VINTAGE ALPHABET ,-1
14194.0,HANGING HEART JAR T-LIGHT HOLDER,-1
14194.0,JUMBO BAG ALPHABET,-1
14194.0,JUMBO BAG VINTAGE DOILY ,-1
14194.0,LADIES & GENTLEMEN METAL SIGN,-1
14194.0,RED  HARMONICA IN BOX ,-1
14189.0,ABC TREASURE BOOK BOX ,-1
14189.0,FRIDGE MAGNETS LA VIE EN ROSE,-1
14189.0,NOEL WOODEN BLOCK LETTERS ,-1
14189.0,TRAVEL CARD WALLET VINTAGE TICKET,-1
14191.0,BLUE PAPER PARASOL ,-1
14191.0,PINK PAPER PARASOL ,-1
14191.0,PURPLE PAPER PARASOL,-1
18223.0,BOX OF 6 MINI 50'S CRACKERS,-1
18223.0,CHRISTMAS LIGHTS 10 VINTAGE BAUBLES,-1
18223.0,JUMBO BAG RED RETROSPOT,-1
18223.0,POSTAGE,-1
18188.0,ROTATING SILVER ANGELS T-LIGHT HLDR,-1
18190.0,FAMILY PHOTO FRAME CORNICE,-1
18193.0,WOODEN ROUNDERS GARDEN SET ,-1
12395.0,STRAWBERRY LUNCH BOX WITH CUTLERY,-1
12403.0,POSTAGE,-1
12406.0,BREAD BIN DINER STYLE MINT,-1
12408.0,ALARM CLOCK BAKELIKE CHOCOLATE,-1
12408.0,ALARM CLOCK BAKELIKE RED ,-1
12408.0,CHILDRENS DOLLY GIRL MUG,-1
12408.0,FAIRY TALE COTTAGE NIGHTLIGHT,-1
12408.0,JUMBO BAG WOODLAND ANIMALS,-1
18204.0,REGENCY CAKESTAND 3 TIER,-1
14141.0,CRAZY DAISY HEART DECORATION,-1
14141.0,KINGS CHOICE MUG,-1
14141.0,RED SPOTTY BISCUIT TIN,-1
14141.0,SET OF TEA COFFEE SUGAR TINS PANTRY,-1
14175.0,PLEASE ONE PERSON METAL SIGN,-1
14175.0,RED KITCHEN SCALES,-1
14175.0,REGENCY CAKE SLICE,-1
14175.0,SET OF 10 LED DOLLY LIGHTS,-1
14177.0,GLASS SPHERE CANDLE STAND MEDIUM,-1
14180.0,"BLACK TEA,COFFEE,SUGAR JARS",-1
14180.0,BREAD BIN DINER STYLE PINK,-1
14180.0,CHEST OF DRAWERS GINGHAM HEART ,-1
18223.0,SET OF 12 FORK CANDLES,-1
18223.0,SET OF 20 VINTAGE CHRISTMAS NAPKINS,-1
18223.0,SMALL HEART MEASURING SPOONS,-1
18223.0,STORAGE TIN VINTAGE LEAF,-1
18225.0,CANDLEHOLDER PINK HANGING HEART,-1
18225.0,CLASSIC CAFE SUGAR DISPENSER,-1
18225.0,CREAM SWEETHEART MINI CHEST,-1
12384.0,REGENCY TEAPOT ROSES ,-1
12395.0,RECIPE BOX PANTRY YELLOW DESIGN,-1
18250.0,VINTAGE CREAM CAT FOOD CONTAINER,-1
18257.0,BEADED CHANDELIER T-LIGHT HOLDER,-1
18225.0,RED GINGHAM ROSE JEWELLERY BOX,-1
18225.0,SET OF 3 CAKE TINS PANTRY DESIGN ,-1
18226.0,JAM MAKING SET WITH JARS,-1
18228.0,15CM CHRISTMAS GLASS BALL 20 LIGHTS,-1
18228.0,BELLE JARDINIERE CUSHION COVER,-1
14180.0,MIRROR CORNICE,-1
14180.0,RETROSPOT LAMP,-1
14180.0,"TRAY, BREAKFAST IN BED",-1
14180.0,WHITE WOOD GARDEN PLANT LADDER,-1
14159.0,LUNCH BAG  BLACK SKULL.,-1
14159.0,LUNCH BAG SUKI DESIGN ,-1
14159.0,PANTRY MAGNETIC  SHOPPING LIST,-1
14159.0,TEA FOR ONE POLKADOT,-1
14159.0,TOY TIDY DOLLY GIRL DESIGN,-1
14175.0,CHRISTMAS LIGHTS 10 SANTAS ,-1
14175.0,GREEN GIANT GARDEN THERMOMETER,-1
14175.0,HOT BATHS METAL SIGN,-1
18260.0,PARISIENNE SEWING BOX,-1
18260.0,REGENCY CAKESTAND 3 TIER,-1
18260.0,REGENCY TEAPOT ROSES ,-1
18263.0,JUMBO BAG PAISLEY PARK,-1
18270.0,POSTAGE,-1
18231.0,FELTCRAFT 6 FLOWER FRIENDS,-1
18232.0,FELTCRAFT 6 FLOWER FRIENDS,-1
18232.0,PHARMACIE FIRST AID TIN,-1
18232.0,S/4 PINK FLOWER CANDLES IN BOWL,-1
14175.0,PANTRY 3 HOOK ROLLING PIN HANGER,-1
14156.0,GREEN CHRISTMAS TREE CARD HOLDER,-1
14156.0,Manual,-1
14156.0,PICNIC BASKET WICKER SMALL,-1
14156.0,REGENCY TEAPOT ROSES ,-1
14156.0,SET 6 SCHOOL MILK BOTTLES IN CRATE,-1
14159.0,DAIRY MAID TOASTRACK,-1
18277.0,REGENCY CAKESTAND 3 TIER,-1
